channels,scheme,complete_connection,geometry_issue_count,geometry_issue_kinds,overlap_count,touch_count,spacing_violation_count,mean_loss_db,max_loss_db,overlap_pairs,legally_valid
256,A,True,0,{},0,0,393,5.2785675166047685,6.33332455497127,[],True
256,R5U,True,0,{},0,0,379,5.277750730146962,6.322163799546076,[],True
256,D0,True,0,{},0,400,78,4.38147530856685,5.363756184094816,[],True
256,D56,True,0,{},0,452,37,4.339336273056113,5.34616684118662,[],True
256,F5,True,0,{},0,0,576,3.4980503482992007,5.998027026229824,[],True
256,F56,True,1,"{""overlap"": 1}",1,228,417,2.9688948893085385,5.078297843737668,"[[7, 31]]",False
512,A,True,0,{},0,0,692,5.516158032801802,6.577294809120937,[],True
512,R5U,True,0,{},0,0,711,5.51671879051193,6.578009102862438,[],True
512,D0,True,0,{},0,0,498,4.574722118511393,5.62070265280232,[],True
512,D56,True,0,{},0,0,525,4.560741191237724,5.62165505382274,[],True
512,F5,True,0,{},0,5,1333,3.8261176330611946,6.445914389546414,[],True
512,F56,True,0,{},0,0,1231,3.2946845970804954,5.499482735795704,[],True
