step_index,target_pair,status,moved_route_id,victim_collision_degree_before,route_collision_count_before,route_collision_count_after,old_collisions_removed,new_collisions_created,net_collision_reduction,global_collision_pairs_before,global_collision_pairs_after,extra_length_mm,transition_count,elevated_length_mm
1,"[0, 24]",ELEVATED,0,95,95,0,"[24, 25, 26, 27, 28, 29, 30, 31, 32, 33, 34, 35, 48, 49, 50, 51, 52, 53, 54, 55, 56, 57, 58, 59, 67, 77, 101, 111, 112, 167, 168, 169, 170, 171, 172, 173, 174, 175, 176, 177, 260, 261, 262, 263, 264, 265, 266, 267, 268, 280, 281, 282, 283, 284, 285, 286, 287, 288, 289, 290, 291, 292, 293, 294, 295, 296, 297, 298, 299, 300, 301, 302, 303, 308, 309, 310, 311, 312, 313, 314, 315, 318, 319, 328, 329, 341, 342, 343, 344, 345, 346, 347, 348, 402, 454]",[],95,49518,49423,0.24389191746908523,2,146.5733749922183
2,"[1, 24]",ELEVATED,1,95,95,0,"[24, 25, 26, 27, 28, 29, 30, 31, 32, 33, 34, 35, 48, 49, 50, 51, 52, 53, 54, 55, 56, 57, 58, 59, 67, 77, 101, 111, 112, 167, 168, 169, 170, 171, 172, 173, 174, 175, 176, 177, 260, 261, 262, 263, 264, 265, 266, 267, 268, 280, 281, 282, 283, 284, 285, 286, 287, 288, 289, 290, 291, 292, 293, 294, 295, 296, 297, 298, 299, 300, 301, 302, 303, 308, 309, 310, 311, 312, 313, 314, 315, 318, 319, 328, 329, 341, 342, 343, 344, 345, 346, 347, 348, 402, 454]",[],95,49423,49328,0.24389191746908523,2,146.57337499221825
3,"[2, 20]",ELEVATED,20,64,64,0,"[2, 3, 21, 24, 25, 26, 27, 31, 48, 49, 50, 51, 52, 53, 54, 55, 56, 57, 58, 59, 256, 257, 260, 261, 262, 263, 264, 265, 266, 267, 268, 276, 277, 280, 281, 282, 283, 284, 285, 286, 287, 288, 289, 290, 291, 300, 301, 302, 303, 304, 305, 306, 307, 308, 309, 310, 311, 312, 313, 314, 315, 341, 402, 454]",[],64,49328,49264,0.24389191746908523,2,142.73514141508372
4,"[2, 21]",ELEVATED,21,63,63,1,"[2, 3, 24, 25, 26, 27, 31, 48, 49, 50, 51, 52, 53, 54, 55, 56, 57, 58, 59, 256, 257, 260, 261, 262, 263, 264, 265, 266, 267, 268, 276, 277, 280, 281, 282, 283, 284, 285, 286, 287, 288, 289, 290, 291, 300, 301, 302, 303, 304, 305, 306, 307, 308, 309, 310, 311, 312, 313, 314, 315, 341, 402, 454]",[20],62,49264,49202,0.24389191746908523,2,142.73514141508372
5,"[2, 24]",ELEVATED,2,78,78,2,"[24, 25, 26, 27, 28, 29, 30, 31, 32, 33, 34, 35, 67, 77, 101, 111, 112, 167, 168, 169, 170, 171, 172, 173, 174, 175, 176, 177, 256, 257, 258, 259, 276, 277, 280, 281, 282, 283, 284, 285, 286, 287, 288, 289, 290, 291, 292, 293, 294, 295, 296, 297, 298, 299, 300, 301, 302, 303, 308, 309, 310, 311, 312, 313, 314, 315, 318, 319, 328, 329, 341, 342, 343, 344, 345, 346, 347, 348]","[20, 21]",76,49202,49126,0.24389191746911365,2,155.22337499221825
6,"[2, 20]",BOTH_ALREADY_ELEVATED,,,,,,,,49126,49126,,,
7,"[2, 21]",BOTH_ALREADY_ELEVATED,,,,,,,,49126,49126,,,
8,"[3, 24]",ELEVATED,3,78,78,2,"[24, 25, 26, 27, 28, 29, 30, 31, 32, 33, 34, 35, 67, 77, 101, 111, 112, 167, 168, 169, 170, 171, 172, 173, 174, 175, 176, 177, 256, 257, 258, 259, 276, 277, 280, 281, 282, 283, 284, 285, 286, 287, 288, 289, 290, 291, 292, 293, 294, 295, 296, 297, 298, 299, 300, 301, 302, 303, 308, 309, 310, 311, 312, 313, 314, 315, 318, 319, 328, 329, 341, 342, 343, 344, 345, 346, 347, 348]","[20, 21]",76,49126,49050,0.24389191746908523,2,155.22337499221828
9,"[3, 20]",BOTH_ALREADY_ELEVATED,,,,,,,,49050,49050,,,
10,"[3, 21]",BOTH_ALREADY_ELEVATED,,,,,,,,49050,49050,,,
11,"[4, 5]",ELEVATED,4,285,285,0,"[5, 6, 7, 8, 13, 14, 15, 16, 17, 18, 19, 24, 25, 26, 27, 28, 29, 30, 31, 32, 33, 34, 35, 44, 45, 46, 47, 56, 57, 58, 59, 68, 69, 70, 71, 72, 73, 74, 78, 79, 80, 81, 82, 83, 84, 85, 86, 87, 88, 89, 90, 91, 92, 102, 103, 104, 105, 106, 113, 114, 115, 116, 117, 118, 119, 120, 121, 122, 123, 124, 125, 128, 129, 130, 131, 132, 133, 134, 135, 140, 141, 143, 144, 145, 146, 147, 148, 149, 150, 151, 152, 153, 154, 156, 157, 158, 159, 163, 164, 165, 166, 167, 168, 169, 170, 171, 172, 173, 174, 175, 176, 177, 178, 179, 180, 181, 190, 199, 200, 206, 207, 210, 211, 212, 213, 214, 215, 216, 217, 218, 219, 222, 223, 224, 225, 226, 227, 228, 241, 242, 243, 244, 245, 246, 247, 248, 255, 260, 261, 262, 263, 264, 265, 269, 270, 271, 272, 273, 274, 275, 280, 281, 282, 283, 287, 292, 293, 294, 295, 296, 297, 298, 299, 300, 301, 302, 303, 308, 309, 310, 311, 315, 318, 319, 323, 324, 325, 326, 327, 330, 333, 334, 335, 336, 337, 338, 339, 340, 342, 343, 344, 345, 346, 347, 348, 357, 358, 359, 360, 361, 362, 367, 368, 369, 370, 371, 372, 373, 378, 379, 380, 381, 386, 387, 388, 389, 390, 391, 399, 400, 401, 402, 403, 404, 405, 406, 412, 413, 414, 415, 416, 417, 418, 419, 421, 422, 434, 435, 436, 437, 446, 455, 456, 457, 462, 463, 466, 467, 468, 469, 470, 471, 472, 473, 474, 475, 478, 479, 480, 481, 482, 483, 484, 485, 486, 487, 488, 497, 498, 499, 500, 502, 503, 504, 511]",[],285,49050,48765,0.24389191746908523,2,231.69837499221825
12,"[5, 6]",ELEVATED,5,284,284,1,"[6, 7, 8, 13, 14, 15, 16, 17, 18, 19, 24, 25, 26, 27, 28, 29, 30, 31, 32, 33, 34, 35, 44, 45, 46, 47, 56, 57, 58, 59, 68, 69, 70, 71, 72, 73, 74, 78, 79, 80, 81, 82, 83, 84, 85, 86, 87, 88, 89, 90, 91, 92, 102, 103, 104, 105, 106, 113, 114, 115, 116, 117, 118, 119, 120, 121, 122, 123, 124, 125, 128, 129, 130, 131, 132, 133, 134, 135, 140, 141, 143, 144, 145, 146, 147, 148, 149, 150, 151, 152, 153, 154, 156, 157, 158, 159, 163, 164, 165, 166, 167, 168, 169, 170, 171, 172, 173, 174, 175, 176, 177, 178, 179, 180, 181, 190, 199, 200, 206, 207, 210, 211, 212, 213, 214, 215, 216, 217, 218, 219, 222, 223, 224, 225, 226, 227, 228, 241, 242, 243, 244, 245, 246, 247, 248, 255, 260, 261, 262, 263, 264, 265, 269, 270, 271, 272, 273, 274, 275, 280, 281, 282, 283, 287, 292, 293, 294, 295, 296, 297, 298, 299, 300, 301, 302, 303, 308, 309, 310, 311, 315, 318, 319, 323, 324, 325, 326, 327, 330, 333, 334, 335, 336, 337, 338, 339, 340, 342, 343, 344, 345, 346, 347, 348, 357, 358, 359, 360, 361, 362, 367, 368, 369, 370, 371, 372, 373, 378, 379, 380, 381, 386, 387, 388, 389, 390, 391, 399, 400, 401, 402, 403, 404, 405, 406, 412, 413, 414, 415, 416, 417, 418, 419, 421, 422, 434, 435, 436, 437, 446, 455, 456, 457, 462, 463, 466, 467, 468, 469, 470, 471, 472, 473, 474, 475, 478, 479, 480, 481, 482, 483, 484, 485, 486, 487, 488, 497, 498, 499, 500, 502, 503, 504, 511]",[4],283,48765,48482,0.24389191746908523,2,231.69837499221825
13,"[4, 5]",BOTH_ALREADY_ELEVATED,,,,,,,,48482,48482,,,
14,"[6, 7]",ELEVATED,6,283,283,2,"[7, 8, 13, 14, 15, 16, 17, 18, 19, 24, 25, 26, 27, 28, 29, 30, 31, 32, 33, 34, 35, 44, 45, 46, 47, 56, 57, 58, 59, 68, 69, 70, 71, 72, 73, 74, 78, 79, 80, 81, 82, 83, 84, 85, 86, 87, 88, 89, 90, 91, 92, 102, 103, 104, 105, 106, 113, 114, 115, 116, 117, 118, 119, 120, 121, 122, 123, 124, 125, 128, 129, 130, 131, 132, 133, 134, 135, 140, 141, 143, 144, 145, 146, 147, 148, 149, 150, 151, 152, 153, 154, 156, 157, 158, 159, 163, 164, 165, 166, 167, 168, 169, 170, 171, 172, 173, 174, 175, 176, 177, 178, 179, 180, 181, 190, 199, 200, 206, 207, 210, 211, 212, 213, 214, 215, 216, 217, 218, 219, 222, 223, 224, 225, 226, 227, 228, 241, 242, 243, 244, 245, 246, 247, 248, 255, 260, 261, 262, 263, 264, 265, 269, 270, 271, 272, 273, 274, 275, 280, 281, 282, 283, 287, 292, 293, 294, 295, 296, 297, 298, 299, 300, 301, 302, 303, 308, 309, 310, 311, 315, 318, 319, 323, 324, 325, 326, 327, 330, 333, 334, 335, 336, 337, 338, 339, 340, 342, 343, 344, 345, 346, 347, 348, 357, 358, 359, 360, 361, 362, 367, 368, 369, 370, 371, 372, 373, 378, 379, 380, 381, 386, 387, 388, 389, 390, 391, 399, 400, 401, 402, 403, 404, 405, 406, 412, 413, 414, 415, 416, 417, 418, 419, 421, 422, 434, 435, 436, 437, 446, 455, 456, 457, 462, 463, 466, 467, 468, 469, 470, 471, 472, 473, 474, 475, 478, 479, 480, 481, 482, 483, 484, 485, 486, 487, 488, 497, 498, 499, 500, 502, 503, 504, 511]","[4, 5]",281,48482,48201,0.24389191746908523,2,231.6983749922183
15,"[4, 6]",BOTH_ALREADY_ELEVATED,,,,,,,,48201,48201,,,
16,"[5, 6]",BOTH_ALREADY_ELEVATED,,,,,,,,48201,48201,,,
17,"[7, 8]",ELEVATED,7,282,282,3,"[8, 13, 14, 15, 16, 17, 18, 19, 24, 25, 26, 27, 28, 29, 30, 31, 32, 33, 34, 35, 44, 45, 46, 47, 56, 57, 58, 59, 68, 69, 70, 71, 72, 73, 74, 78, 79, 80, 81, 82, 83, 84, 85, 86, 87, 88, 89, 90, 91, 92, 102, 103, 104, 105, 106, 113, 114, 115, 116, 117, 118, 119, 120, 121, 122, 123, 124, 125, 128, 129, 130, 131, 132, 133, 134, 135, 140, 141, 143, 144, 145, 146, 147, 148, 149, 150, 151, 152, 153, 154, 156, 157, 158, 159, 163, 164, 165, 166, 167, 168, 169, 170, 171, 172, 173, 174, 175, 176, 177, 178, 179, 180, 181, 190, 199, 200, 206, 207, 210, 211, 212, 213, 214, 215, 216, 217, 218, 219, 222, 223, 224, 225, 226, 227, 228, 241, 242, 243, 244, 245, 246, 247, 248, 255, 260, 261, 262, 263, 264, 265, 269, 270, 271, 272, 273, 274, 275, 280, 281, 282, 283, 287, 292, 293, 294, 295, 296, 297, 298, 299, 300, 301, 302, 303, 308, 309, 310, 311, 315, 318, 319, 323, 324, 325, 326, 327, 330, 333, 334, 335, 336, 337, 338, 339, 340, 342, 343, 344, 345, 346, 347, 348, 357, 358, 359, 360, 361, 362, 367, 368, 369, 370, 371, 372, 373, 378, 379, 380, 381, 386, 387, 388, 389, 390, 391, 399, 400, 401, 402, 403, 404, 405, 406, 412, 413, 414, 415, 416, 417, 418, 419, 421, 422, 434, 435, 436, 437, 446, 455, 456, 457, 462, 463, 466, 467, 468, 469, 470, 471, 472, 473, 474, 475, 478, 479, 480, 481, 482, 483, 484, 485, 486, 487, 488, 497, 498, 499, 500, 502, 503, 504, 511]","[4, 5, 6]",279,48201,47922,0.24389191746908523,2,231.6983749922183
18,"[4, 7]",BOTH_ALREADY_ELEVATED,,,,,,,,47922,47922,,,
19,"[5, 7]",BOTH_ALREADY_ELEVATED,,,,,,,,47922,47922,,,
20,"[6, 7]",BOTH_ALREADY_ELEVATED,,,,,,,,47922,47922,,,
21,"[8, 13]",ELEVATED,13,211,211,4,"[8, 9, 10, 11, 12, 24, 25, 26, 27, 31, 32, 33, 34, 35, 40, 41, 42, 43, 44, 45, 46, 47, 52, 53, 54, 55, 59, 60, 61, 62, 63, 67, 72, 73, 78, 79, 80, 81, 82, 83, 84, 89, 90, 91, 92, 93, 94, 95, 96, 97, 98, 99, 100, 105, 106, 111, 112, 130, 131, 146, 167, 168, 169, 170, 171, 172, 173, 174, 175, 176, 177, 179, 180, 181, 182, 183, 184, 185, 186, 187, 188, 189, 190, 191, 192, 193, 194, 195, 196, 197, 198, 206, 246, 247, 249, 260, 261, 262, 263, 264, 265, 266, 267, 268, 273, 274, 275, 280, 281, 282, 283, 287, 288, 289, 290, 291, 296, 297, 298, 299, 300, 301, 302, 303, 308, 309, 310, 311, 315, 316, 317, 318, 319, 323, 330, 331, 332, 334, 335, 336, 337, 338, 339, 340, 345, 346, 347, 348, 349, 350, 351, 352, 353, 354, 355, 356, 361, 362, 367, 368, 386, 387, 402, 407, 408, 409, 410, 411, 423, 424, 425, 426, 427, 428, 429, 430, 431, 432, 433, 435, 436, 437, 438, 439, 440, 441, 442, 443, 444, 445, 446, 447, 448, 449, 450, 451, 452, 453, 454, 462, 497, 498, 499, 500, 502, 503, 505, 507, 508, 509, 510]","[4, 5, 6, 7]",207,47922,47715,0.24389191746908523,2,140.6261067656162
22,"[4, 13]",BOTH_ALREADY_ELEVATED,,,,,,,,47715,47715,,,
23,"[5, 13]",BOTH_ALREADY_ELEVATED,,,,,,,,47715,47715,,,
24,"[6, 13]",BOTH_ALREADY_ELEVATED,,,,,,,,47715,47715,,,
25,"[7, 13]",BOTH_ALREADY_ELEVATED,,,,,,,,47715,47715,,,
26,"[8, 14]",ELEVATED,14,211,211,4,"[8, 9, 10, 11, 12, 24, 25, 26, 27, 31, 32, 33, 34, 35, 40, 41, 42, 43, 44, 45, 46, 47, 52, 53, 54, 55, 59, 60, 61, 62, 63, 67, 72, 73, 78, 79, 80, 81, 82, 83, 84, 89, 90, 91, 92, 93, 94, 95, 96, 97, 98, 99, 100, 105, 106, 111, 112, 130, 131, 146, 167, 168, 169, 170, 171, 172, 173, 174, 175, 176, 177, 179, 180, 181, 182, 183, 184, 185, 186, 187, 188, 189, 190, 191, 192, 193, 194, 195, 196, 197, 198, 206, 246, 247, 249, 260, 261, 262, 263, 264, 265, 266, 267, 268, 273, 274, 275, 280, 281, 282, 283, 287, 288, 289, 290, 291, 296, 297, 298, 299, 300, 301, 302, 303, 308, 309, 310, 311, 315, 316, 317, 318, 319, 323, 330, 331, 332, 334, 335, 336, 337, 338, 339, 340, 345, 346, 347, 348, 349, 350, 351, 352, 353, 354, 355, 356, 361, 362, 367, 368, 386, 387, 402, 407, 408, 409, 410, 411, 423, 424, 425, 426, 427, 428, 429, 430, 431, 432, 433, 435, 436, 437, 438, 439, 440, 441, 442, 443, 444, 445, 446, 447, 448, 449, 450, 451, 452, 453, 454, 462, 497, 498, 499, 500, 502, 503, 505, 507, 508, 509, 510]","[4, 5, 6, 7]",207,47715,47508,0.24389191746908523,2,140.6261067656162
27,"[4, 14]",BOTH_ALREADY_ELEVATED,,,,,,,,47508,47508,,,
28,"[5, 14]",BOTH_ALREADY_ELEVATED,,,,,,,,47508,47508,,,
29,"[6, 14]",BOTH_ALREADY_ELEVATED,,,,,,,,47508,47508,,,
30,"[7, 14]",BOTH_ALREADY_ELEVATED,,,,,,,,47508,47508,,,
