step_index,target_pair,status,moved_route_id,target_layer_id,route_collision_count_before,route_collision_count_after,new_collisions_created,old_collisions_removed,net_collision_reduction,global_collision_pairs_before,global_collision_pairs_after,extra_length_mm,elevated_length_mm
1,"[0, 24]",ELEVATED,0,1,95,0,[],"[24, 25, 26, 27, 28, 29, 30, 31, 32, 33, 34, 35, 48, 49, 50, 51, 52, 53, 54, 55, 56, 57, 58, 59, 67, 77, 101, 111, 112, 167, 168, 169, 170, 171, 172, 173, 174, 175, 176, 177, 260, 261, 262, 263, 264, 265, 266, 267, 268, 280, 281, 282, 283, 284, 285, 286, 287, 288, 289, 290, 291, 292, 293, 294, 295, 296, 297, 298, 299, 300, 301, 302, 303, 308, 309, 310, 311, 312, 313, 314, 315, 318, 319, 328, 329, 341, 342, 343, 344, 345, 346, 347, 348, 402, 454]",95,49518,49423,0.24389191746908523,146.5733749922183
2,"[1, 24]",ELEVATED,1,1,95,0,[],"[24, 25, 26, 27, 28, 29, 30, 31, 32, 33, 34, 35, 48, 49, 50, 51, 52, 53, 54, 55, 56, 57, 58, 59, 67, 77, 101, 111, 112, 167, 168, 169, 170, 171, 172, 173, 174, 175, 176, 177, 260, 261, 262, 263, 264, 265, 266, 267, 268, 280, 281, 282, 283, 284, 285, 286, 287, 288, 289, 290, 291, 292, 293, 294, 295, 296, 297, 298, 299, 300, 301, 302, 303, 308, 309, 310, 311, 312, 313, 314, 315, 318, 319, 328, 329, 341, 342, 343, 344, 345, 346, 347, 348, 402, 454]",95,49423,49328,0.24389191746908523,146.57337499221825
3,"[2, 20]",ELEVATED,20,1,64,0,[],"[2, 3, 21, 24, 25, 26, 27, 31, 48, 49, 50, 51, 52, 53, 54, 55, 56, 57, 58, 59, 256, 257, 260, 261, 262, 263, 264, 265, 266, 267, 268, 276, 277, 280, 281, 282, 283, 284, 285, 286, 287, 288, 289, 290, 291, 300, 301, 302, 303, 304, 305, 306, 307, 308, 309, 310, 311, 312, 313, 314, 315, 341, 402, 454]",64,49328,49264,0.24389191746908523,142.73514141508372
4,"[2, 21]",ELEVATED,21,2,63,0,[],"[2, 3, 24, 25, 26, 27, 31, 48, 49, 50, 51, 52, 53, 54, 55, 56, 57, 58, 59, 256, 257, 260, 261, 262, 263, 264, 265, 266, 267, 268, 276, 277, 280, 281, 282, 283, 284, 285, 286, 287, 288, 289, 290, 291, 300, 301, 302, 303, 304, 305, 306, 307, 308, 309, 310, 311, 312, 313, 314, 315, 341, 402, 454]",63,49264,49201,0.6781201864388038,138.62010021468336
5,"[2, 24]",ELEVATED,2,1,78,1,[20],"[24, 25, 26, 27, 28, 29, 30, 31, 32, 33, 34, 35, 67, 77, 101, 111, 112, 167, 168, 169, 170, 171, 172, 173, 174, 175, 176, 177, 256, 257, 258, 259, 276, 277, 280, 281, 282, 283, 284, 285, 286, 287, 288, 289, 290, 291, 292, 293, 294, 295, 296, 297, 298, 299, 300, 301, 302, 303, 308, 309, 310, 311, 312, 313, 314, 315, 318, 319, 328, 329, 341, 342, 343, 344, 345, 346, 347, 348]",77,49201,49124,0.24389191746911365,155.22337499221825
6,"[2, 20]",BOTH_ALREADY_ELEVATED,,,,,,,,49124,49124,,
7,"[3, 24]",ELEVATED,3,1,78,1,[20],"[24, 25, 26, 27, 28, 29, 30, 31, 32, 33, 34, 35, 67, 77, 101, 111, 112, 167, 168, 169, 170, 171, 172, 173, 174, 175, 176, 177, 256, 257, 258, 259, 276, 277, 280, 281, 282, 283, 284, 285, 286, 287, 288, 289, 290, 291, 292, 293, 294, 295, 296, 297, 298, 299, 300, 301, 302, 303, 308, 309, 310, 311, 312, 313, 314, 315, 318, 319, 328, 329, 341, 342, 343, 344, 345, 346, 347, 348]",77,49124,49047,0.24389191746908523,155.22337499221828
8,"[3, 20]",BOTH_ALREADY_ELEVATED,,,,,,,,49047,49047,,
9,"[4, 5]",ELEVATED,4,1,285,0,[],"[5, 6, 7, 8, 13, 14, 15, 16, 17, 18, 19, 24, 25, 26, 27, 28, 29, 30, 31, 32, 33, 34, 35, 44, 45, 46, 47, 56, 57, 58, 59, 68, 69, 70, 71, 72, 73, 74, 78, 79, 80, 81, 82, 83, 84, 85, 86, 87, 88, 89, 90, 91, 92, 102, 103, 104, 105, 106, 113, 114, 115, 116, 117, 118, 119, 120, 121, 122, 123, 124, 125, 128, 129, 130, 131, 132, 133, 134, 135, 140, 141, 143, 144, 145, 146, 147, 148, 149, 150, 151, 152, 153, 154, 156, 157, 158, 159, 163, 164, 165, 166, 167, 168, 169, 170, 171, 172, 173, 174, 175, 176, 177, 178, 179, 180, 181, 190, 199, 200, 206, 207, 210, 211, 212, 213, 214, 215, 216, 217, 218, 219, 222, 223, 224, 225, 226, 227, 228, 241, 242, 243, 244, 245, 246, 247, 248, 255, 260, 261, 262, 263, 264, 265, 269, 270, 271, 272, 273, 274, 275, 280, 281, 282, 283, 287, 292, 293, 294, 295, 296, 297, 298, 299, 300, 301, 302, 303, 308, 309, 310, 311, 315, 318, 319, 323, 324, 325, 326, 327, 330, 333, 334, 335, 336, 337, 338, 339, 340, 342, 343, 344, 345, 346, 347, 348, 357, 358, 359, 360, 361, 362, 367, 368, 369, 370, 371, 372, 373, 378, 379, 380, 381, 386, 387, 388, 389, 390, 391, 399, 400, 401, 402, 403, 404, 405, 406, 412, 413, 414, 415, 416, 417, 418, 419, 421, 422, 434, 435, 436, 437, 446, 455, 456, 457, 462, 463, 466, 467, 468, 469, 470, 471, 472, 473, 474, 475, 478, 479, 480, 481, 482, 483, 484, 485, 486, 487, 488, 497, 498, 499, 500, 502, 503, 504, 511]",285,49047,48762,0.24389191746908523,231.69837499221825
10,"[5, 6]",ELEVATED,5,2,284,0,[],"[6, 7, 8, 13, 14, 15, 16, 17, 18, 19, 24, 25, 26, 27, 28, 29, 30, 31, 32, 33, 34, 35, 44, 45, 46, 47, 56, 57, 58, 59, 68, 69, 70, 71, 72, 73, 74, 78, 79, 80, 81, 82, 83, 84, 85, 86, 87, 88, 89, 90, 91, 92, 102, 103, 104, 105, 106, 113, 114, 115, 116, 117, 118, 119, 120, 121, 122, 123, 124, 125, 128, 129, 130, 131, 132, 133, 134, 135, 140, 141, 143, 144, 145, 146, 147, 148, 149, 150, 151, 152, 153, 154, 156, 157, 158, 159, 163, 164, 165, 166, 167, 168, 169, 170, 171, 172, 173, 174, 175, 176, 177, 178, 179, 180, 181, 190, 199, 200, 206, 207, 210, 211, 212, 213, 214, 215, 216, 217, 218, 219, 222, 223, 224, 225, 226, 227, 228, 241, 242, 243, 244, 245, 246, 247, 248, 255, 260, 261, 262, 263, 264, 265, 269, 270, 271, 272, 273, 274, 275, 280, 281, 282, 283, 287, 292, 293, 294, 295, 296, 297, 298, 299, 300, 301, 302, 303, 308, 309, 310, 311, 315, 318, 319, 323, 324, 325, 326, 327, 330, 333, 334, 335, 336, 337, 338, 339, 340, 342, 343, 344, 345, 346, 347, 348, 357, 358, 359, 360, 361, 362, 367, 368, 369, 370, 371, 372, 373, 378, 379, 380, 381, 386, 387, 388, 389, 390, 391, 399, 400, 401, 402, 403, 404, 405, 406, 412, 413, 414, 415, 416, 417, 418, 419, 421, 422, 434, 435, 436, 437, 446, 455, 456, 457, 462, 463, 466, 467, 468, 469, 470, 471, 472, 473, 474, 475, 478, 479, 480, 481, 482, 483, 484, 485, 486, 487, 488, 497, 498, 499, 500, 502, 503, 504, 511]",284,48762,48478,0.6781201864388038,227.5833337918179
11,"[6, 7]",ELEVATED,6,1,283,1,[4],"[7, 8, 13, 14, 15, 16, 17, 18, 19, 24, 25, 26, 27, 28, 29, 30, 31, 32, 33, 34, 35, 44, 45, 46, 47, 56, 57, 58, 59, 68, 69, 70, 71, 72, 73, 74, 78, 79, 80, 81, 82, 83, 84, 85, 86, 87, 88, 89, 90, 91, 92, 102, 103, 104, 105, 106, 113, 114, 115, 116, 117, 118, 119, 120, 121, 122, 123, 124, 125, 128, 129, 130, 131, 132, 133, 134, 135, 140, 141, 143, 144, 145, 146, 147, 148, 149, 150, 151, 152, 153, 154, 156, 157, 158, 159, 163, 164, 165, 166, 167, 168, 169, 170, 171, 172, 173, 174, 175, 176, 177, 178, 179, 180, 181, 190, 199, 200, 206, 207, 210, 211, 212, 213, 214, 215, 216, 217, 218, 219, 222, 223, 224, 225, 226, 227, 228, 241, 242, 243, 244, 245, 246, 247, 248, 255, 260, 261, 262, 263, 264, 265, 269, 270, 271, 272, 273, 274, 275, 280, 281, 282, 283, 287, 292, 293, 294, 295, 296, 297, 298, 299, 300, 301, 302, 303, 308, 309, 310, 311, 315, 318, 319, 323, 324, 325, 326, 327, 330, 333, 334, 335, 336, 337, 338, 339, 340, 342, 343, 344, 345, 346, 347, 348, 357, 358, 359, 360, 361, 362, 367, 368, 369, 370, 371, 372, 373, 378, 379, 380, 381, 386, 387, 388, 389, 390, 391, 399, 400, 401, 402, 403, 404, 405, 406, 412, 413, 414, 415, 416, 417, 418, 419, 421, 422, 434, 435, 436, 437, 446, 455, 456, 457, 462, 463, 466, 467, 468, 469, 470, 471, 472, 473, 474, 475, 478, 479, 480, 481, 482, 483, 484, 485, 486, 487, 488, 497, 498, 499, 500, 502, 503, 504, 511]",282,48478,48196,0.24389191746908523,231.6983749922183
12,"[4, 6]",BOTH_ALREADY_ELEVATED,,,,,,,,48196,48196,,
13,"[7, 8]",ELEVATED,7,2,282,1,[5],"[8, 13, 14, 15, 16, 17, 18, 19, 24, 25, 26, 27, 28, 29, 30, 31, 32, 33, 34, 35, 44, 45, 46, 47, 56, 57, 58, 59, 68, 69, 70, 71, 72, 73, 74, 78, 79, 80, 81, 82, 83, 84, 85, 86, 87, 88, 89, 90, 91, 92, 102, 103, 104, 105, 106, 113, 114, 115, 116, 117, 118, 119, 120, 121, 122, 123, 124, 125, 128, 129, 130, 131, 132, 133, 134, 135, 140, 141, 143, 144, 145, 146, 147, 148, 149, 150, 151, 152, 153, 154, 156, 157, 158, 159, 163, 164, 165, 166, 167, 168, 169, 170, 171, 172, 173, 174, 175, 176, 177, 178, 179, 180, 181, 190, 199, 200, 206, 207, 210, 211, 212, 213, 214, 215, 216, 217, 218, 219, 222, 223, 224, 225, 226, 227, 228, 241, 242, 243, 244, 245, 246, 247, 248, 255, 260, 261, 262, 263, 264, 265, 269, 270, 271, 272, 273, 274, 275, 280, 281, 282, 283, 287, 292, 293, 294, 295, 296, 297, 298, 299, 300, 301, 302, 303, 308, 309, 310, 311, 315, 318, 319, 323, 324, 325, 326, 327, 330, 333, 334, 335, 336, 337, 338, 339, 340, 342, 343, 344, 345, 346, 347, 348, 357, 358, 359, 360, 361, 362, 367, 368, 369, 370, 371, 372, 373, 378, 379, 380, 381, 386, 387, 388, 389, 390, 391, 399, 400, 401, 402, 403, 404, 405, 406, 412, 413, 414, 415, 416, 417, 418, 419, 421, 422, 434, 435, 436, 437, 446, 455, 456, 457, 462, 463, 466, 467, 468, 469, 470, 471, 472, 473, 474, 475, 478, 479, 480, 481, 482, 483, 484, 485, 486, 487, 488, 497, 498, 499, 500, 502, 503, 504, 511]",281,48196,47915,0.6781201864388038,227.5833337918179
14,"[5, 7]",BOTH_ALREADY_ELEVATED,,,,,,,,47915,47915,,
15,"[8, 13]",ELEVATED,13,1,211,2,"[4, 6]","[8, 9, 10, 11, 12, 24, 25, 26, 27, 31, 32, 33, 34, 35, 40, 41, 42, 43, 44, 45, 46, 47, 52, 53, 54, 55, 59, 60, 61, 62, 63, 67, 72, 73, 78, 79, 80, 81, 82, 83, 84, 89, 90, 91, 92, 93, 94, 95, 96, 97, 98, 99, 100, 105, 106, 111, 112, 130, 131, 146, 167, 168, 169, 170, 171, 172, 173, 174, 175, 176, 177, 179, 180, 181, 182, 183, 184, 185, 186, 187, 188, 189, 190, 191, 192, 193, 194, 195, 196, 197, 198, 206, 246, 247, 249, 260, 261, 262, 263, 264, 265, 266, 267, 268, 273, 274, 275, 280, 281, 282, 283, 287, 288, 289, 290, 291, 296, 297, 298, 299, 300, 301, 302, 303, 308, 309, 310, 311, 315, 316, 317, 318, 319, 323, 330, 331, 332, 334, 335, 336, 337, 338, 339, 340, 345, 346, 347, 348, 349, 350, 351, 352, 353, 354, 355, 356, 361, 362, 367, 368, 386, 387, 402, 407, 408, 409, 410, 411, 423, 424, 425, 426, 427, 428, 429, 430, 431, 432, 433, 435, 436, 437, 438, 439, 440, 441, 442, 443, 444, 445, 446, 447, 448, 449, 450, 451, 452, 453, 454, 462, 497, 498, 499, 500, 502, 503, 505, 507, 508, 509, 510]",209,47915,47706,0.24389191746908523,140.6261067656162
16,"[4, 13]",BOTH_ALREADY_ELEVATED,,,,,,,,47706,47706,,
17,"[6, 13]",BOTH_ALREADY_ELEVATED,,,,,,,,47706,47706,,
18,"[8, 14]",ELEVATED,14,1,211,2,"[4, 6]","[8, 9, 10, 11, 12, 24, 25, 26, 27, 31, 32, 33, 34, 35, 40, 41, 42, 43, 44, 45, 46, 47, 52, 53, 54, 55, 59, 60, 61, 62, 63, 67, 72, 73, 78, 79, 80, 81, 82, 83, 84, 89, 90, 91, 92, 93, 94, 95, 96, 97, 98, 99, 100, 105, 106, 111, 112, 130, 131, 146, 167, 168, 169, 170, 171, 172, 173, 174, 175, 176, 177, 179, 180, 181, 182, 183, 184, 185, 186, 187, 188, 189, 190, 191, 192, 193, 194, 195, 196, 197, 198, 206, 246, 247, 249, 260, 261, 262, 263, 264, 265, 266, 267, 268, 273, 274, 275, 280, 281, 282, 283, 287, 288, 289, 290, 291, 296, 297, 298, 299, 300, 301, 302, 303, 308, 309, 310, 311, 315, 316, 317, 318, 319, 323, 330, 331, 332, 334, 335, 336, 337, 338, 339, 340, 345, 346, 347, 348, 349, 350, 351, 352, 353, 354, 355, 356, 361, 362, 367, 368, 386, 387, 402, 407, 408, 409, 410, 411, 423, 424, 425, 426, 427, 428, 429, 430, 431, 432, 433, 435, 436, 437, 438, 439, 440, 441, 442, 443, 444, 445, 446, 447, 448, 449, 450, 451, 452, 453, 454, 462, 497, 498, 499, 500, 502, 503, 505, 507, 508, 509, 510]",209,47706,47497,0.24389191746908523,140.6261067656162
19,"[4, 14]",BOTH_ALREADY_ELEVATED,,,,,,,,47497,47497,,
20,"[6, 14]",BOTH_ALREADY_ELEVATED,,,,,,,,47497,47497,,
21,"[8, 15]",ELEVATED,15,1,211,2,"[4, 6]","[8, 9, 10, 11, 12, 24, 25, 26, 27, 31, 32, 33, 34, 35, 40, 41, 42, 43, 44, 45, 46, 47, 52, 53, 54, 55, 59, 60, 61, 62, 63, 67, 72, 73, 78, 79, 80, 81, 82, 83, 84, 89, 90, 91, 92, 93, 94, 95, 96, 97, 98, 99, 100, 105, 106, 111, 112, 130, 131, 146, 167, 168, 169, 170, 171, 172, 173, 174, 175, 176, 177, 179, 180, 181, 182, 183, 184, 185, 186, 187, 188, 189, 190, 191, 192, 193, 194, 195, 196, 197, 198, 206, 246, 247, 249, 260, 261, 262, 263, 264, 265, 266, 267, 268, 273, 274, 275, 280, 281, 282, 283, 287, 288, 289, 290, 291, 296, 297, 298, 299, 300, 301, 302, 303, 308, 309, 310, 311, 315, 316, 317, 318, 319, 323, 330, 331, 332, 334, 335, 336, 337, 338, 339, 340, 345, 346, 347, 348, 349, 350, 351, 352, 353, 354, 355, 356, 361, 362, 367, 368, 386, 387, 402, 407, 408, 409, 410, 411, 423, 424, 425, 426, 427, 428, 429, 430, 431, 432, 433, 435, 436, 437, 438, 439, 440, 441, 442, 443, 444, 445, 446, 447, 448, 449, 450, 451, 452, 453, 454, 462, 497, 498, 499, 500, 502, 503, 505, 507, 508, 509, 510]",209,47497,47288,0.24389191746908523,140.6261067656162
22,"[4, 15]",BOTH_ALREADY_ELEVATED,,,,,,,,47288,47288,,
23,"[6, 15]",BOTH_ALREADY_ELEVATED,,,,,,,,47288,47288,,
24,"[8, 16]",ELEVATED,16,1,211,2,"[4, 6]","[8, 9, 10, 11, 12, 24, 25, 26, 27, 31, 32, 33, 34, 35, 40, 41, 42, 43, 44, 45, 46, 47, 52, 53, 54, 55, 59, 60, 61, 62, 63, 67, 72, 73, 78, 79, 80, 81, 82, 83, 84, 89, 90, 91, 92, 93, 94, 95, 96, 97, 98, 99, 100, 105, 106, 111, 112, 130, 131, 146, 167, 168, 169, 170, 171, 172, 173, 174, 175, 176, 177, 179, 180, 181, 182, 183, 184, 185, 186, 187, 188, 189, 190, 191, 192, 193, 194, 195, 196, 197, 198, 206, 246, 247, 249, 260, 261, 262, 263, 264, 265, 266, 267, 268, 273, 274, 275, 280, 281, 282, 283, 287, 288, 289, 290, 291, 296, 297, 298, 299, 300, 301, 302, 303, 308, 309, 310, 311, 315, 316, 317, 318, 319, 323, 330, 331, 332, 334, 335, 336, 337, 338, 339, 340, 345, 346, 347, 348, 349, 350, 351, 352, 353, 354, 355, 356, 361, 362, 367, 368, 386, 387, 402, 407, 408, 409, 410, 411, 423, 424, 425, 426, 427, 428, 429, 430, 431, 432, 433, 435, 436, 437, 438, 439, 440, 441, 442, 443, 444, 445, 446, 447, 448, 449, 450, 451, 452, 453, 454, 462, 497, 498, 499, 500, 502, 503, 505, 507, 508, 509, 510]",209,47288,47079,0.24389191746908523,140.6261067656162
25,"[4, 16]",BOTH_ALREADY_ELEVATED,,,,,,,,47079,47079,,
26,"[6, 16]",BOTH_ALREADY_ELEVATED,,,,,,,,47079,47079,,
27,"[8, 17]",ELEVATED,17,1,239,2,"[4, 6]","[8, 9, 24, 25, 26, 27, 31, 34, 40, 41, 42, 43, 44, 52, 53, 54, 55, 60, 61, 62, 63, 67, 68, 69, 71, 74, 81, 91, 93, 94, 95, 96, 97, 98, 99, 100, 105, 111, 112, 113, 114, 122, 123, 124, 130, 131, 132, 133, 135, 143, 144, 145, 146, 147, 150, 156, 157, 160, 161, 162, 163, 165, 166, 177, 179, 180, 181, 185, 186, 190, 199, 200, 201, 207, 210, 211, 212, 213, 214, 215, 216, 217, 218, 219, 222, 223, 224, 225, 226, 227, 228, 229, 232, 248, 255, 265, 266, 267, 268, 273, 274, 275, 287, 288, 289, 290, 291, 300, 301, 302, 303, 315, 324, 325, 326, 327, 331, 332, 334, 335, 336, 337, 338, 339, 340, 345, 346, 347, 348, 361, 362, 363, 364, 365, 366, 369, 370, 371, 372, 373, 378, 379, 380, 381, 382, 383, 388, 389, 390, 391, 392, 393, 394, 395, 399, 400, 401, 402, 403, 404, 405, 406, 412, 413, 414, 415, 416, 417, 418, 419, 420, 421, 422, 423, 424, 425, 426, 427, 428, 429, 430, 431, 432, 433, 436, 437, 438, 439, 440, 441, 442, 443, 444, 445, 447, 448, 449, 450, 451, 452, 453, 454, 455, 456, 462, 463, 466, 467, 468, 469, 470, 471, 472, 473, 474, 475, 478, 479, 480, 481, 482, 483, 484, 486, 487, 488, 497, 498, 499, 500, 502, 503, 504, 505, 507, 508, 509, 510, 511]",237,47079,46842,0.24389191746908523,209.92337499221827
28,"[4, 17]",BOTH_ALREADY_ELEVATED,,,,,,,,46842,46842,,
29,"[6, 17]",BOTH_ALREADY_ELEVATED,,,,,,,,46842,46842,,
30,"[8, 18]",ELEVATED,18,1,239,2,"[4, 6]","[8, 9, 24, 25, 26, 27, 31, 34, 40, 41, 42, 43, 44, 52, 53, 54, 55, 60, 61, 62, 63, 67, 68, 69, 71, 74, 81, 91, 93, 94, 95, 96, 97, 98, 99, 100, 105, 111, 112, 113, 114, 122, 123, 124, 130, 131, 132, 133, 135, 143, 144, 145, 146, 147, 150, 156, 157, 160, 161, 162, 163, 165, 166, 177, 179, 180, 181, 185, 186, 190, 199, 200, 201, 207, 210, 211, 212, 213, 214, 215, 216, 217, 218, 219, 222, 223, 224, 225, 226, 227, 228, 229, 232, 248, 255, 265, 266, 267, 268, 273, 274, 275, 287, 288, 289, 290, 291, 300, 301, 302, 303, 315, 324, 325, 326, 327, 331, 332, 334, 335, 336, 337, 338, 339, 340, 345, 346, 347, 348, 361, 362, 363, 364, 365, 366, 369, 370, 371, 372, 373, 378, 379, 380, 381, 382, 383, 388, 389, 390, 391, 392, 393, 394, 395, 399, 400, 401, 402, 403, 404, 405, 406, 412, 413, 414, 415, 416, 417, 418, 419, 420, 421, 422, 423, 424, 425, 426, 427, 428, 429, 430, 431, 432, 433, 436, 437, 438, 439, 440, 441, 442, 443, 444, 445, 447, 448, 449, 450, 451, 452, 453, 454, 455, 456, 462, 463, 466, 467, 468, 469, 470, 471, 472, 473, 474, 475, 478, 479, 480, 481, 482, 483, 484, 486, 487, 488, 497, 498, 499, 500, 502, 503, 504, 505, 507, 508, 509, 510, 511]",237,46842,46605,0.24389191746908523,209.92337499221827
31,"[4, 18]",BOTH_ALREADY_ELEVATED,,,,,,,,46605,46605,,
32,"[6, 18]",BOTH_ALREADY_ELEVATED,,,,,,,,46605,46605,,
33,"[8, 19]",ELEVATED,19,1,239,2,"[4, 6]","[8, 9, 24, 25, 26, 27, 31, 34, 40, 41, 42, 43, 44, 52, 53, 54, 55, 60, 61, 62, 63, 67, 68, 69, 71, 74, 81, 91, 93, 94, 95, 96, 97, 98, 99, 100, 105, 111, 112, 113, 114, 122, 123, 124, 130, 131, 132, 133, 135, 143, 144, 145, 146, 147, 150, 156, 157, 160, 161, 162, 163, 165, 166, 177, 179, 180, 181, 185, 186, 190, 199, 200, 201, 207, 210, 211, 212, 213, 214, 215, 216, 217, 218, 219, 222, 223, 224, 225, 226, 227, 228, 229, 232, 248, 255, 265, 266, 267, 268, 273, 274, 275, 287, 288, 289, 290, 291, 300, 301, 302, 303, 315, 324, 325, 326, 327, 331, 332, 334, 335, 336, 337, 338, 339, 340, 345, 346, 347, 348, 361, 362, 363, 364, 365, 366, 369, 370, 371, 372, 373, 378, 379, 380, 381, 382, 383, 388, 389, 390, 391, 392, 393, 394, 395, 399, 400, 401, 402, 403, 404, 405, 406, 412, 413, 414, 415, 416, 417, 418, 419, 420, 421, 422, 423, 424, 425, 426, 427, 428, 429, 430, 431, 432, 433, 436, 437, 438, 439, 440, 441, 442, 443, 444, 445, 447, 448, 449, 450, 451, 452, 453, 454, 455, 456, 462, 463, 466, 467, 468, 469, 470, 471, 472, 473, 474, 475, 478, 479, 480, 481, 482, 483, 484, 486, 487, 488, 497, 498, 499, 500, 502, 503, 504, 505, 507, 508, 509, 510, 511]",237,46605,46368,0.24389191746908523,209.92337499221827
34,"[4, 19]",BOTH_ALREADY_ELEVATED,,,,,,,,46368,46368,,
35,"[6, 19]",BOTH_ALREADY_ELEVATED,,,,,,,,46368,46368,,
36,"[8, 24]",ELEVATED,24,2,213,3,"[5, 7, 21]","[8, 25, 26, 27, 31, 40, 41, 42, 43, 44, 45, 46, 47, 52, 53, 54, 55, 56, 57, 58, 59, 67, 72, 73, 74, 77, 78, 79, 80, 81, 82, 83, 84, 85, 86, 87, 88, 89, 90, 91, 92, 93, 94, 95, 96, 97, 98, 99, 100, 101, 102, 103, 104, 105, 106, 111, 112, 130, 131, 146, 151, 152, 153, 154, 155, 178, 179, 180, 181, 190, 206, 241, 242, 243, 244, 246, 247, 256, 257, 258, 259, 260, 261, 262, 263, 264, 265, 266, 267, 268, 269, 270, 271, 272, 273, 274, 275, 276, 277, 280, 281, 282, 283, 287, 288, 290, 291, 300, 301, 302, 303, 304, 305, 306, 307, 308, 309, 310, 311, 312, 313, 314, 315, 323, 324, 325, 326, 327, 328, 329, 330, 331, 333, 334, 335, 336, 337, 338, 339, 340, 341, 342, 343, 344, 345, 346, 347, 348, 357, 358, 359, 360, 361, 362, 367, 368, 386, 387, 402, 423, 424, 425, 426, 427, 428, 429, 430, 431, 432, 433, 434, 435, 436, 437, 438, 439, 440, 441, 442, 443, 444, 445, 446, 447, 448, 449, 450, 451, 452, 453, 454, 462, 464, 465, 478, 479, 480, 481, 482, 483, 484, 485, 497, 498, 499, 500, 502, 503, 505, 507, 508, 509, 510]",210,46368,46158,0.6781201864388038,183.4583337918179
37,"[5, 24]",BOTH_ALREADY_ELEVATED,,,,,,,,46158,46158,,
38,"[7, 24]",BOTH_ALREADY_ELEVATED,,,,,,,,46158,46158,,
39,"[8, 25]",ELEVATED,25,2,212,4,"[5, 7, 21, 24]","[8, 26, 27, 31, 40, 41, 42, 43, 44, 45, 46, 47, 52, 53, 54, 55, 56, 57, 58, 59, 67, 72, 73, 74, 77, 78, 79, 80, 81, 82, 83, 84, 85, 86, 87, 88, 89, 90, 91, 92, 93, 94, 95, 96, 97, 98, 99, 100, 101, 102, 103, 104, 105, 106, 111, 112, 130, 131, 146, 151, 152, 153, 154, 155, 178, 179, 180, 181, 190, 206, 241, 242, 243, 244, 246, 247, 256, 257, 258, 259, 260, 261, 262, 263, 264, 265, 266, 267, 268, 269, 270, 271, 272, 273, 274, 275, 276, 277, 280, 281, 282, 283, 287, 288, 290, 291, 300, 301, 302, 303, 304, 305, 306, 307, 308, 309, 310, 311, 312, 313, 314, 315, 323, 324, 325, 326, 327, 328, 329, 330, 331, 333, 334, 335, 336, 337, 338, 339, 340, 341, 342, 343, 344, 345, 346, 347, 348, 357, 358, 359, 360, 361, 362, 367, 368, 386, 387, 402, 423, 424, 425, 426, 427, 428, 429, 430, 431, 432, 433, 434, 435, 436, 437, 438, 439, 440, 441, 442, 443, 444, 445, 446, 447, 448, 449, 450, 451, 452, 453, 454, 462, 464, 465, 478, 479, 480, 481, 482, 483, 484, 485, 497, 498, 499, 500, 502, 503, 505, 507, 508, 509, 510]",208,46158,45950,0.6781201864388322,183.45833379181786
40,"[5, 25]",BOTH_ALREADY_ELEVATED,,,,,,,,45950,45950,,
41,"[7, 25]",BOTH_ALREADY_ELEVATED,,,,,,,,45950,45950,,
42,"[8, 26]",ELEVATED,26,2,211,5,"[5, 7, 21, 24, 25]","[8, 27, 31, 40, 41, 42, 43, 44, 45, 46, 47, 52, 53, 54, 55, 56, 57, 58, 59, 67, 72, 73, 74, 77, 78, 79, 80, 81, 82, 83, 84, 85, 86, 87, 88, 89, 90, 91, 92, 93, 94, 95, 96, 97, 98, 99, 100, 101, 102, 103, 104, 105, 106, 111, 112, 130, 131, 146, 151, 152, 153, 154, 155, 178, 179, 180, 181, 190, 206, 241, 242, 243, 244, 246, 247, 256, 257, 258, 259, 260, 261, 262, 263, 264, 265, 266, 267, 268, 269, 270, 271, 272, 273, 274, 275, 276, 277, 280, 281, 282, 283, 287, 288, 290, 291, 300, 301, 302, 303, 304, 305, 306, 307, 308, 309, 310, 311, 312, 313, 314, 315, 323, 324, 325, 326, 327, 328, 329, 330, 331, 333, 334, 335, 336, 337, 338, 339, 340, 341, 342, 343, 344, 345, 346, 347, 348, 357, 358, 359, 360, 361, 362, 367, 368, 386, 387, 402, 423, 424, 425, 426, 427, 428, 429, 430, 431, 432, 433, 434, 435, 436, 437, 438, 439, 440, 441, 442, 443, 444, 445, 446, 447, 448, 449, 450, 451, 452, 453, 454, 462, 464, 465, 478, 479, 480, 481, 482, 483, 484, 485, 497, 498, 499, 500, 502, 503, 505, 507, 508, 509, 510]",206,45950,45744,0.6781201864388038,183.4583337918179
43,"[5, 26]",BOTH_ALREADY_ELEVATED,,,,,,,,45744,45744,,
44,"[7, 26]",BOTH_ALREADY_ELEVATED,,,,,,,,45744,45744,,
45,"[8, 27]",ELEVATED,27,2,210,6,"[5, 7, 21, 24, 25, 26]","[8, 31, 40, 41, 42, 43, 44, 45, 46, 47, 52, 53, 54, 55, 56, 57, 58, 59, 67, 72, 73, 74, 77, 78, 79, 80, 81, 82, 83, 84, 85, 86, 87, 88, 89, 90, 91, 92, 93, 94, 95, 96, 97, 98, 99, 100, 101, 102, 103, 104, 105, 106, 111, 112, 130, 131, 146, 151, 152, 153, 154, 155, 178, 179, 180, 181, 190, 206, 241, 242, 243, 244, 246, 247, 256, 257, 258, 259, 260, 261, 262, 263, 264, 265, 266, 267, 268, 269, 270, 271, 272, 273, 274, 275, 276, 277, 280, 281, 282, 283, 287, 288, 290, 291, 300, 301, 302, 303, 304, 305, 306, 307, 308, 309, 310, 311, 312, 313, 314, 315, 323, 324, 325, 326, 327, 328, 329, 330, 331, 333, 334, 335, 336, 337, 338, 339, 340, 341, 342, 343, 344, 345, 346, 347, 348, 357, 358, 359, 360, 361, 362, 367, 368, 386, 387, 402, 423, 424, 425, 426, 427, 428, 429, 430, 431, 432, 433, 434, 435, 436, 437, 438, 439, 440, 441, 442, 443, 444, 445, 446, 447, 448, 449, 450, 451, 452, 453, 454, 462, 464, 465, 478, 479, 480, 481, 482, 483, 484, 485, 497, 498, 499, 500, 502, 503, 505, 507, 508, 509, 510]",204,45744,45540,0.6781201864388322,183.4583337918179
46,"[5, 27]",BOTH_ALREADY_ELEVATED,,,,,,,,45540,45540,,
47,"[7, 27]",BOTH_ALREADY_ELEVATED,,,,,,,,45540,45540,,
48,"[8, 28]",ELEVATED,28,2,142,2,"[5, 7]","[8, 9, 10, 11, 12, 29, 30, 32, 33, 34, 35, 56, 57, 58, 67, 77, 85, 86, 87, 88, 101, 102, 103, 104, 111, 112, 130, 131, 146, 167, 168, 169, 170, 171, 172, 173, 174, 175, 176, 177, 178, 179, 180, 181, 182, 183, 184, 185, 186, 187, 188, 189, 190, 191, 192, 193, 194, 195, 196, 197, 198, 249, 256, 257, 269, 270, 271, 272, 273, 274, 275, 276, 277, 292, 293, 294, 295, 296, 297, 298, 299, 300, 301, 302, 303, 304, 305, 306, 307, 308, 309, 310, 311, 316, 317, 318, 319, 328, 329, 333, 334, 335, 336, 337, 338, 339, 340, 341, 342, 343, 344, 345, 346, 347, 348, 349, 350, 351, 352, 353, 354, 355, 356, 357, 358, 359, 360, 361, 362, 407, 408, 409, 410, 411, 434, 462, 497, 498, 499, 500, 502, 503]",140,45540,45400,0.6781201864388038,69.93333379181787
49,"[5, 28]",BOTH_ALREADY_ELEVATED,,,,,,,,45400,45400,,
50,"[7, 28]",BOTH_ALREADY_ELEVATED,,,,,,,,45400,45400,,
