route_id,pass_type,geometry,radius,alpha_deg,t0_fraction,scenario_max_db,scenario_gain_db,mean_delta_db,accepted,reasons
34,below,u,6.0,0.0,0.5,5.1803217134655934,0.0,0.0,False,['scenario_not_improved']
34,below,u,6.0,0.0,0.5,5.184184799673072,-0.003863086207478439,1.8461610995945676e-05,False,"['max_worse', 'protected_worse_34', 'scenario_not_improved']"
34,below,u,6.0,0.0,0.5,5.18718485586358,-0.006863142397986799,3.018079998406975e-05,False,"['max_worse', 'protected_worse_34', 'scenario_not_improved']"
34,below,u,6.0,0.0,0.5,5.190244361611869,-0.009922648146275748,4.2364438642472635e-05,False,"['max_worse', 'protected_worse_34', 'scenario_not_improved']"
43,above,u,6.0,0.0,0.5,5.1803217134655934,0.0,-8.50072836948712e-05,False,['scenario_not_improved']
43,above,u,6.0,0.0,0.5,5.1803217134655934,0.0,-6.817300249783997e-05,False,['scenario_not_improved']
43,above,u,6.0,0.0,0.5,5.1803217134655934,0.0,0.0,False,['scenario_not_improved']
43,above,u,6.0,0.0,0.5,5.1803217134655934,0.0,7.115167012017309e-06,False,"['protected_worse_43', 'scenario_not_improved']"
9,below,u,6.0,0.0,0.5,5.1803217134655934,0.0,0.0,False,['scenario_not_improved']
9,below,u,6.0,0.0,0.5,5.1891312613567635,-0.008809547891170055,0.00026511327128497797,False,"['max_worse', 'protected_worse_34', 'protected_worse_9', 'protected_worse_35', 'scenario_not_improved']"
9,below,u,6.0,0.0,0.5,5.188357405676466,-0.008035692210872192,0.0002981302432765176,False,"['max_worse', 'protected_worse_34', 'protected_worse_9', 'protected_worse_35', 'scenario_not_improved']"
9,below,u,6.0,0.0,0.5,5.191750300948596,-0.01142858748300224,0.00029385234574297314,False,"['max_worse', 'protected_worse_34', 'protected_worse_9', 'protected_worse_35', 'scenario_not_improved']"
52,above,u,6.0,0.0,0.5,5.1803217134655934,0.0,0.0,False,['scenario_not_improved']
52,above,u,6.0,0.0,0.5,5.206012643193745,-0.025690929728151346,0.0006130028435906709,False,"['protected_worse_43', 'protected_worse_52', 'scenario_not_improved']"
52,above,u,6.0,0.0,0.5,5.2050482230236,-0.024726509558006704,0.0006220244052936863,False,"['protected_worse_43', 'protected_worse_52', 'scenario_not_improved']"
52,above,u,6.0,0.0,0.5,5.215738731322938,-0.035417017857344746,0.0006372773187712788,False,"['protected_worse_43', 'protected_worse_52', 'scenario_not_improved']"
42,above,u,6.0,0.0,0.5,5.192024269009911,-0.011702555544317761,0.0001335093939993648,False,"['protected_worse_43', 'scenario_not_improved']"
42,above,u,6.0,0.0,0.5,5.253036260064384,-0.07271454659879062,0.00019015012874623594,False,"['protected_worse_43', 'scenario_not_improved']"
42,above,u,6.0,0.0,0.5,5.1803217134655934,0.0,0.00025985897587155193,False,"['protected_worse_43', 'scenario_not_improved']"
42,above,u,6.0,0.0,0.5,5.180506450999729,-0.00018473753413594807,0.0002914801844169368,False,"['protected_worse_43', 'scenario_not_improved']"
41,above,u,6.0,0.0,0.5,5.188601705149399,-0.008279991683805221,0.000320079616682456,False,"['protected_worse_43', 'scenario_not_improved']"
41,above,u,6.0,0.0,0.5,5.1803217134655934,0.0,0.00032203329041768924,False,"['protected_worse_43', 'scenario_not_improved']"
41,above,u,6.0,0.0,0.5,5.234732623414686,-0.05441090994909281,0.00042368793407154826,False,"['protected_worse_43', 'scenario_not_improved']"
41,above,u,6.0,0.0,0.5,5.1803217134655934,0.0,0.0005376669560477332,False,"['protected_worse_43', 'scenario_not_improved']"
35,below,u,6.0,0.0,0.5,5.220113471441836,-0.03979175797624279,0.0002738100255101905,False,"['max_worse', 'protected_worse_34', 'protected_worse_9', 'protected_worse_35', 'scenario_not_improved']"
35,below,u,6.0,0.0,0.5,5.240887158550611,-0.06056544508501727,0.0003311474347627019,False,"['max_worse', 'protected_worse_34', 'protected_worse_9', 'protected_worse_35', 'scenario_not_improved']"
35,below,u,6.0,0.0,0.5,5.230530124060877,-0.05020841059528358,0.00036365355601608584,False,"['max_worse', 'protected_worse_34', 'protected_worse_9', 'protected_worse_35', 'scenario_not_improved']"
35,below,u,6.0,0.0,0.5,5.229369340540429,-0.049047627074835454,0.0003535621358152774,False,"['max_worse', 'protected_worse_34', 'protected_worse_9', 'protected_worse_35', 'scenario_not_improved']"
186,below,u,6.0,0.0,0.5,5.1803217134655934,0.0,0.0,False,['scenario_not_improved']
186,below,u,6.0,0.0,0.5,5.231452687921389,-0.05113097445579573,0.001027762457084247,False,"['max_worse', 'protected_worse_34', 'protected_worse_9', 'protected_worse_186', 'protected_worse_35', 'scenario_not_improved']"
186,below,u,6.0,0.0,0.5,5.220113471441836,-0.03979175797624279,0.0010550604644987693,False,"['max_worse', 'protected_worse_34', 'protected_worse_9', 'protected_worse_186', 'protected_worse_35', 'protected_worse_10', 'protected_worse_11', 'scenario_not_improved']"
186,below,u,6.0,0.0,0.5,5.240887158550611,-0.06056544508501727,0.0010731033684101554,False,"['max_worse', 'protected_worse_34', 'protected_worse_9', 'protected_worse_186', 'protected_worse_35', 'protected_worse_10', 'protected_worse_11', 'scenario_not_improved']"
185,below,u,6.0,0.0,0.5,5.187583606186675,-0.007261892721081686,0.0012276787595664196,False,"['max_worse', 'protected_worse_34', 'protected_worse_9', 'protected_worse_186', 'protected_worse_185', 'protected_worse_35', 'scenario_not_improved']"
185,below,u,6.0,0.0,0.5,5.189756240285323,-0.009434526819729783,0.0012403741269397806,False,"['max_worse', 'protected_worse_34', 'protected_worse_9', 'protected_worse_186', 'protected_worse_185', 'protected_worse_35', 'scenario_not_improved']"
185,below,u,6.0,0.0,0.5,5.213119298397547,-0.03279758493195395,0.001269997016635216,False,"['max_worse', 'protected_worse_34', 'protected_worse_9', 'protected_worse_186', 'protected_worse_185', 'protected_worse_35', 'protected_worse_10', 'protected_worse_11', 'scenario_not_improved']"
185,below,u,6.0,0.0,0.5,5.237464594690098,-0.05714288122450473,0.0012952483286836625,False,"['max_worse', 'protected_worse_34', 'protected_worse_9', 'protected_worse_186', 'protected_worse_185', 'protected_worse_35', 'protected_worse_10', 'protected_worse_11', 'scenario_not_improved']"
46,above2below,freeform,6.0,-45.0,0.5,5.1803217134655934,0.0,-0.001377419220876419,False,"['protected_worse_186', 'protected_worse_185', 'protected_worse_177', 'protected_worse_35', 'scenario_not_improved']"
46,above2below,freeform,6.0,-45.0,1.0,5.1803217134655934,0.0,-0.001266508376248865,False,"['protected_worse_186', 'protected_worse_185', 'protected_worse_177', 'protected_worse_35', 'protected_worse_10', 'protected_worse_11', 'scenario_not_improved']"
46,above2below,freeform,6.0,-60.0,1.0,5.177256240285323,0.003065473180270395,-0.000623741577060688,False,"['protected_worse_186', 'protected_worse_185', 'protected_worse_177', 'protected_worse_35', 'protected_worse_10', 'protected_worse_11']"
46,above2below,freeform,6.0,-60.0,0.5,5.176363373108447,0.003958340357146817,-0.0001721977252855389,False,['protected_worse_44']
12,below,u,6.0,0.0,0.5,5.184964566594843,-0.004642853129249502,0.0008486794879356552,False,"['max_worse', 'protected_worse_34', 'protected_worse_9', 'protected_worse_35', 'scenario_not_improved']"
12,below,u,6.0,0.0,0.5,5.1891312613567635,-0.008809547891170055,0.000883231207084556,False,"['max_worse', 'protected_worse_34', 'protected_worse_9', 'protected_worse_35', 'scenario_not_improved']"
12,below,u,6.0,0.0,0.5,5.191750300948596,-0.01142858748300224,0.0009108080598960733,False,"['max_worse', 'protected_worse_34', 'protected_worse_9', 'protected_worse_35', 'scenario_not_improved']"
12,below,u,6.0,0.0,0.5,5.273774114486014,-0.09345240102042052,0.0009687038184260643,False,"['max_worse', 'protected_worse_34', 'protected_worse_9', 'protected_worse_35', 'scenario_not_improved']"
11,below,u,6.0,0.0,0.5,5.273774114486014,-0.09345240102042052,0.0009146210687713818,False,"['max_worse', 'protected_worse_34', 'protected_worse_9', 'protected_worse_35', 'protected_worse_11', 'scenario_not_improved']"
11,below,u,6.0,0.0,0.5,5.184964566594843,-0.004642853129249502,0.0009687499999997407,False,"['max_worse', 'protected_worse_34', 'protected_worse_9', 'protected_worse_35', 'protected_worse_11', 'scenario_not_improved']"
11,below,u,6.0,0.0,0.5,5.188357405676466,-0.008035692210872192,0.0010028368304899615,False,"['max_worse', 'protected_worse_34', 'protected_worse_9', 'protected_worse_35', 'protected_worse_11', 'scenario_not_improved']"
11,below,u,6.0,0.0,0.5,5.1891312613567635,-0.008809547891170055,0.0010305062659439201,False,"['max_worse', 'protected_worse_34', 'protected_worse_9', 'protected_worse_35', 'protected_worse_11', 'scenario_not_improved']"
10,below,u,6.0,0.0,0.5,5.188357405676466,-0.008035692210872192,0.0009175971024659724,False,"['max_worse', 'protected_worse_34', 'protected_worse_9', 'protected_worse_35', 'protected_worse_10', 'protected_worse_11', 'scenario_not_improved']"
10,below,u,6.0,0.0,0.5,5.1891312613567635,-0.008809547891170055,0.0009666577815425903,False,"['max_worse', 'protected_worse_34', 'protected_worse_9', 'protected_worse_35', 'protected_worse_10', 'protected_worse_11', 'scenario_not_improved']"
10,below,u,6.0,0.0,0.5,5.273774114486014,-0.09345240102042052,0.0009912108826264365,False,"['max_worse', 'protected_worse_34', 'protected_worse_9', 'protected_worse_35', 'protected_worse_10', 'protected_worse_11', 'scenario_not_improved']"
10,below,u,6.0,0.0,0.5,5.186393154077845,-0.006071440612251955,0.0010192990251649547,False,"['max_worse', 'protected_worse_34', 'protected_worse_9', 'protected_worse_35', 'protected_worse_10', 'protected_worse_11', 'scenario_not_improved']"
40,above,u,6.0,0.0,0.5,5.1803217134655934,0.0,0.0005145553609957609,False,"['protected_worse_43', 'protected_worse_52', 'scenario_not_improved']"
40,above,u,6.0,0.0,0.5,5.214941062105222,-0.034619348639628456,0.0006251403006753975,False,"['protected_worse_43', 'protected_worse_52', 'scenario_not_improved']"
40,above,u,6.0,0.0,0.5,5.1803217134655934,0.0,0.0006728052163054166,False,"['protected_worse_43', 'protected_worse_52', 'scenario_not_improved']"
40,above,u,6.0,0.0,0.5,5.1803217134655934,0.0,0.0006964755996228256,False,"['protected_worse_43', 'protected_worse_52', 'scenario_not_improved']"
47,above2below,freeform,6.0,-45.0,0.5,5.1803217134655934,0.0,-0.0013295207634462791,False,"['protected_worse_186', 'protected_worse_185', 'protected_worse_177', 'protected_worse_35', 'scenario_not_improved']"
47,above2below,freeform,6.0,-45.0,1.0,5.1803217134655934,0.0,-0.0012795292095821864,False,"['protected_worse_186', 'protected_worse_185', 'protected_worse_177', 'protected_worse_35', 'protected_worse_10', 'protected_worse_11', 'scenario_not_improved']"
47,above2below,freeform,6.0,-60.0,1.0,5.177256240285323,0.003065473180270395,-0.000610254538103483,False,"['protected_worse_186', 'protected_worse_185', 'protected_worse_177', 'protected_worse_35', 'protected_worse_10', 'protected_worse_11']"
47,above2below,freeform,6.0,-60.0,0.5,5.176274086390759,0.004047627074834637,-0.0001866127856060551,False,['protected_worse_44']
44,above2below,freeform,6.0,-60.0,1.0,5.177256240285323,0.003065473180270395,-0.00029199522993472726,False,"['protected_worse_44', 'protected_worse_35', 'protected_worse_10', 'protected_worse_11']"
44,above2below,freeform,6.0,-60.0,0.5,5.127881219213882,0.05244049425171138,-2.8091020352505325e-05,False,['protected_worse_44']
44,above2below,freeform,6.0,-45.0,1.0,5.1803217134655934,0.0,0.0,False,['scenario_not_improved']
44,above2below,freeform,6.0,-45.0,0.5,5.1803217134655934,0.0,0.00036272333971076876,False,"['protected_worse_44', 'scenario_not_improved']"
177,below,u,6.0,0.0,0.5,5.1803217134655934,0.0,0.0,False,['scenario_not_improved']
177,below,u,6.0,0.0,0.5,5.19044078115268,-0.010119067687086591,0.00165797122940603,False,"['max_worse', 'protected_worse_34', 'protected_worse_9', 'protected_worse_186', 'protected_worse_185', 'protected_worse_177', 'protected_worse_35', 'scenario_not_improved']"
177,below,u,6.0,0.0,0.5,5.220113443346582,-0.03979172988098867,0.0016888029613100208,False,"['max_worse', 'protected_worse_34', 'protected_worse_9', 'protected_worse_186', 'protected_worse_185', 'protected_worse_177', 'protected_worse_35', 'protected_worse_11', 'scenario_not_improved']"
177,below,u,6.0,0.0,0.5,5.220262235812559,-0.039940522346965324,0.001730144601005179,False,"['max_worse', 'protected_worse_34', 'protected_worse_9', 'protected_worse_186', 'protected_worse_185', 'protected_worse_177', 'protected_worse_35', 'protected_worse_10', 'protected_worse_11', 'scenario_not_improved']"
