experiment_id,group,name,scale,config,description,data_files,key_metrics,figures,tables,status,notes
R01,论文复现,论文表 3-1 弯曲损耗模型对照,256/512,弯曲模型（R=2/3/4/5/6 mm）,论文印刷值与复刻模型的 90° 弯曲损耗对照,OpticalWaveguideRouter2D/loss_model.py（BEND_TABLE 复算）;论文表 3-1（引用记录）,bend_loss_90_db,f31,t31,有效,几何离散点：R=2/3/4/5/6 mm；复刻由 tl/ll 表推得密度。
R02,论文复现,256 通道 R5 复现,256,原版 R5 几何,论文 4.2 节 256 通道的复现（平均 5.2788 / 最大 6.3330 dB vs 论文 5.3 / 6.4）,OpticalWaveguideRouter2D/results/fiberBoard256_loss.xlsx;OpticalWaveguideRouter2D/results/fiberBoard256_loss_summary.json,mean/max/p95_loss_db、crossing_angles、total_length,f32;f34;f35;f36;f37;f39,t32,有效,布通率 100%（全部 256 条布通）。
R03,论文复现,512 通道 R5 复现,512,原版 R5 几何,论文 4.1 节 512 通道的复现（平均 5.5147 / 最大 6.5761 dB vs 论文 5.5 / 6.6）,OpticalWaveguideRouter2D/results/fiberBoard512_loss.xlsx;OpticalWaveguideRouter2D/results/fiberBoard512_loss_summary.json,mean/max/p95_loss_db、crossing_angles、total_length,f32;f34;f35;f36;f37;f39,t32,有效,布通率 100%；最小交叉角 14°（论文记录值一致）。
R04,论文复现,512 通道 R4 复现,512,R4 几何（论文 4.3 对照）,论文 4.3 节 R=4 mm 的复现（9.8096 / 10.9815 dB vs 论文 9.8 / 11.0）,OpticalWaveguideRouter2D/results/fiberBoard512_loss_R4.xlsx;OpticalWaveguideRouter2D/results/fiberBoard512_loss_R4_summary.json,mean/max_loss_db,f32;f33;f34;f39,t32;t33,有效,论文 R4 含 100% 布通率记录；复现同样全部布通。
R05,论文复现,512 通道 R2 半径扫描,512,R2 几何,半径扫描点：平均 16.5873 / 最大 17.7056 dB,OpticalWaveguideRouter2D/results/fiberBoard512_loss_R2.xlsx;OpticalWaveguideRouter2D/results/fiberBoard512_loss_R2_summary.json,mean/max_loss_db、bend share,f33;f34;f39,t33,有效,论文未印 R2 数值（论文只印 R4）。
R06,论文复现,512 通道 R3 半径扫描,512,R3 几何,半径扫描点：平均 14.2260 / 最大 15.4284 dB,OpticalWaveguideRouter2D/results/fiberBoard512_loss_R3.xlsx;OpticalWaveguideRouter2D/results/fiberBoard512_loss_R3_summary.json,mean/max_loss_db、bend share,f33;f34;f39,t33,有效,论文未印 R3 数值。
R07,论文复现,交叉损耗模型敏感性（三种口径）,512,A 全 90°/ B 图 3-12 锚定（主口径）/ C 图 3-12 原始值,固定几何复算：均值 5.4758 / 5.5147 / 5.5745 dB,OpticalWaveguideRouter2D/data/crossing_loss_from_thesis_fig3_12.csv;OpticalWaveguideRouter2D/results/fiberBoard512_loss.xlsx,mean/max_loss_db（三口径）,f310,t34,有效,数值由本次分析复算，与 loss_model_reconstruction_report.md 第 7 节记录一致。
R08,论文复现,legacy 512 精确几何审计（step 8.5）,512,物理求交口径,对原版平滑几何精确求交：55935 事件、49502 交叉对、最小角 2.84°,OpticalWaveguideRouter3D/outputs/step_8_5_legacy_512_physical_summary.json;OpticalWaveguideRouter3D/outputs/step_8_5_legacy_512_multi_crossing_summary.json;OpticalWaveguideRouter3D/outputs/step_8_5_legacy_512_loss_summary.json,cross_events、cross_pairs、multiplicity、crossing_angles,f38,--,有效,物理口径与复现表整数度逐路口径不同，两者分开呈现。
R09,论文复现,原版字节码逐路对照（占位交叉表）,256/512,R5/R2/R3/R4,复刻几何的直线+弯曲损耗与原版 Python 3.8 字节码实跑逐路完全一致（max|Δ|=0）,OpticalWaveguideRouter2D/scratch/legacy_loss/legacy256_R5.json;OpticalWaveguideRouter2D/scratch/legacy_loss/legacy512_R2.json;OpticalWaveguideRouter2D/scratch/legacy_loss/legacy512_R3.json;OpticalWaveguideRouter2D/scratch/legacy_loss/legacy512_R4.json;OpticalWaveguideRouter2D/scratch/legacy_loss/legacy512_R5.json,per-route 非交叉 loss,f39,--,有效,legacy 交叉为全 0 占位表，只用于非交叉项对照。
S12-01,Step 12,A/B/C/D 主对照,256/512,A 原版 / B 统一 R6 / C 候选轨道 / D 自适应半径,候选轨道优化与自适应半径的主结果（B 为参数对照）,"OpticalWaveguideRouter3D/outputs/opt2d/{256,512}/comparison.csv;OpticalWaveguideRouter3D/outputs/opt2d/{256,512}/comparison.json",mean/p95/max_loss_db、unplaced、unique_crossing_events、spacing、runtime,f51;f52;f54,t51,有效,512 的 B 有 2 条未布通（incomplete），不可与完整方案同口径比较。
S12-02,Step 12,消融：候选数 K=1/4/8/16,256/512,candidate_limit,候选轨道数量的消融,"OpticalWaveguideRouter3D/outputs/opt2d/{256,512}/sensitivity.json;OpticalWaveguideRouter3D/outputs/opt2d/{256,512}/sensitivity/cand_k*/summary.json",mean_loss_db、unplaced、runtime,f53;f54,t52,有效,默认 K=8。
S12-03,Step 12,消融：布线顺序 span/congestion,256/512,order_strategy,顺序策略消融（含未布通结果）,"OpticalWaveguideRouter3D/outputs/opt2d/{256,512}/sensitivity.json",mean_loss_db、unplaced,f53;f54,t52,有效,256 span 未布通 76、512 span 未布通 144；保留展示不参与排名。
S12-04,Step 12,消融：拆线重布开/关,256/512,refine_rounds=3,有界拆线重布消融,"OpticalWaveguideRouter3D/outputs/opt2d/{256,512}/sensitivity.json",mean_loss_db、runtime,f53;f54,t52,有效,与默认配置结果一致（在 K=8 下未进一步改进）。
S12-05,Step 12,消融：位置正则 0/0.001/0.01/0.05,256/512,position_penalty,位置正则强度消融,"OpticalWaveguideRouter3D/outputs/opt2d/{256,512}/sensitivity.json",mean_loss_db、unplaced,f53;f54,t52,有效,256 默认 0.001、512 默认 0.01；0 在两类规模上均产生未布通。
S12-06,Step 12,消融：半径策略 fixed_R6/adaptive,256/512,radii,半径策略消融（与 B/D 呼应）,"OpticalWaveguideRouter3D/outputs/opt2d/{256,512}/sensitivity.json",mean_loss_db、radius_distribution,f53;f54,t52,有效,512 fixed_R6 有 2 条未布通。
S13-01,Step 13,六方案旧版（固定端点）,256/512,A/R5U/D0/D56/F5/F56,固定端点六方案对照（旧版产物；256 F56 含历史非法几何 #7/#31 重合）,"OpticalWaveguideRouter3D/outputs/opt2d_step13/{256,512}/comparison.csv;OpticalWaveguideRouter3D/outputs/opt2d_step13/{256,512}/worst_route_tracking.csv",mean/p95/max_loss_db、交叉、转角,f63;f64,--,历史,256 F56 #7/#31 重合 152.007 mm 为历史非法几何；最终排名使用补修版。
S13-02,Step 13,六方案补修版（重布 #7/#31）,256/512,A/R5U/D0/D56/F5/F56（fix）,补修后有效结果：256 F56 48 条路线重布；512 逐项不变,"OpticalWaveguideRouter3D/outputs/opt2d_step13_fix/{256,512}/comparison.csv;OpticalWaveguideRouter3D/outputs/opt2d_step13_fix/256/per_route_delta.csv",mean/p95/max_loss_db、接触两口径,f61;f62;f64,t61;t62,有效,最终推荐与排名基于本版。
S13-03,Step 13,受约束复算 base/spacing/small/both,256/512,间距/小角惩罚（固定几何）,只改评分不改几何的约束复算；spacing/small/both 降低违规、平均损耗略升,"OpticalWaveguideRouter3D/outputs/opt2d_step13_constrained/{256,512}/constrained_comparison.csv",mean/max_loss_db、<5/<10/<20°、间距、接触,f65,t63,有效,与 Step 14 的冻结半径实验条件不同（本组同时换了几何族，不能作纯约束对照）。
S13-04,Step 13,交叉表压力情景 ×1/×2/×5/×10,256/512,<20° 放大（fix 版）,固定几何复算：F56 最大损耗在 ×10 时 6.00（256）/ 8.43（512）dB,"OpticalWaveguideRouter3D/outputs/opt2d_step13_fix/{256,512}/sensitivity.csv",mean/p95/max/sum_loss_db,f66,t64,有效,×5/×10 是压力情景，不代表已验证的真实误差范围。
S13-05,Step 13,间距惩罚强度扫描 0.02/0.05,256/512,F5/F56 × spacing_penalty,惩罚强度与间距违规/损耗的权衡,"OpticalWaveguideRouter3D/outputs/opt2d_step13_fix/{256,512}/penalty_ablation_F5.csv;OpticalWaveguideRouter3D/outputs/opt2d_step13_fix/{256,512}/penalty_ablation_F56.csv",mean/max_loss_db、spacing、touch,f67,--,有效,0 dB 行取自 comparison.csv。
S13-06,Step 13,最差路线跟踪,256/512,A 最差路线（#44 / #287）,最差路线在六方案中的损耗分解、交叉数与总转角,"OpticalWaveguideRouter3D/outputs/opt2d_step13/{256,512}/worst_route_tracking.csv",total/straight/bend/crossing_loss、crossing_count、bend_total_deg,f63,--,有效,最差路线分别为 256 #44、512 #287。
S13-07,Step 13,半径对照 D56 vs F56（核对）,256/512,逐路半径一致性,D56 与 F56 的逐路半径完全相同（全部 same=True）,"OpticalWaveguideRouter3D/outputs/opt2d_step13_fix/{256,512}/radius_compare.csv",same_radius,--,--,核对,一致性核对项（非实验配置）；结果全部一致，记录于质量审查报告。
S14-01,Step 14,冻结半径六配置主对照,256/512,base/spacing/small/touch/both/opt_base,Step 14 冻结半径公平对照；opt_base 为保护性局部优化,"OpticalWaveguideRouter3D/outputs/opt2d_step14/{256,512}/comparison.csv",mean/p95/max、小角计数、间距、接触两口径,f71;f73,t71,有效,touch≡base（物理接触为 0）。
S14-02,Step 14,严格验收,256/512,AcceptanceRule（mean_slack 0.05 dB）,spacing/small/both 未通过（保护对象劣化）；opt_base 通过,"OpticalWaveguideRouter3D/outputs/opt2d_step14/{256,512}/acceptance.csv",ok、reasons、mean/max_delta,f71;f72,t71,有效,未通过方案仍展示，不标为最终推荐。
S14-03,Step 14,保护余量曲线,256/512,余量 0–0.02 dB,固定保护集合的逐路劣化与不同余量下的通过情况,"OpticalWaveguideRouter3D/outputs/opt2d_step14/{256,512}/protection_margins.csv",max_violation_db、violating/improved_routes,f74,t72,有效,余量放宽属诊断口径，任务口径为 0 dB。
S14-04,Step 14,固定保护对象逐路差值,256/512,11 条固定 ID（Step 14 保存）,同一保护集合在六配置下的逐路损耗差值矩阵,"OpticalWaveguideRouter3D/outputs/opt2d_step14/{256,512}/protection_set.json;OpticalWaveguideRouter3D/outputs/opt2d_step14/{256,512}/{scheme}/protection_routes.csv",delta_vs_base_db,f74,t72,有效,禁止逐方案重选 top-10；所有配置使用同一集合。
S14-05,Step 14,opt_base 接受过程与拒绝原因,256/512,candidates_per_route=4、scenario_top=16,256 接受 0/68、512 接受 6/74；回滚指纹不一致为 0,"OpticalWaveguideRouter3D/outputs/opt2d_step14/{256,512}/optimize_attempts_base.csv;OpticalWaveguideRouter3D/outputs/opt2d_step14/{256,512}/optimize_record.json",scenario_gain_db、accepted、rejected 原因,f75,t73,有效,512 的 comparison.runtime_s=0.0 为脚本字段陷阱，真实耗时 762.24 s 在 optimize_record。
S14-06,Step 14,诊断探针（放宽余量/加严排序）,256/512,rank_small*/strict_slack*,诊断口径：加严排序 0 接受；放宽余量在 512 接受 5 次,"OpticalWaveguideRouter3D/outputs/opt2d_step14/{256,512}/probe/probe_summary.csv",accepted、scenario_gain_db,f76,t73,诊断,明确是诊断，不是任务验收口径。
S14-07,Step 14,压力情景 ×1/×2/×5/×10,256/512,<20° 放大（六配置）,512 opt_base ×10 最大损耗 8.4333→8.4996 dB（略恶化）；×1–×5 下降,"OpticalWaveguideRouter3D/outputs/opt2d_step14/{256,512}/sensitivity.csv",mean/p95/max_loss_db,f77,t74,有效,如实呈现 ×10 的轻微恶化，不写成全面稳健。
S14-08,Step 14,半径冻结核对（核对）,256/512,逐路半径 = F56,全部路线冻结半径与 F56 完全一致（256: 256/256；512: 512/512）,"OpticalWaveguideRouter3D/outputs/opt2d_step14/{256,512}/radius_freeze_check.csv",same,--,--,核对,一致性核对项；结果全部一致，记录于质量审查报告。
S14-09,Step 14,D56/F56 参照评价,256/512,同时评价 D56 与 F56,Step 14 口径下 D56/F56 的标称与情景指标（供对照）,"OpticalWaveguideRouter3D/outputs/opt2d_step14/{256,512}/references.csv",mean/p95/max、scenario5,f72,t72,参照,用于说明 base 与 F56 的关系。
G3D-01,三维,9-A 三维几何基础,512（6 条样本）,lift 到测试层,几何容器与 lift 的验证（无路由实验）,OpticalWaveguideRouter3D/outputs/step_9_a_tests.json,测试 545 通过,--,--,验证,基础验证步：没有实验参数组合，不在图覆盖范围。
G3D-02,三维,9-B 余弦过渡曲率验证,解析验证,R_min 公式,余弦过渡的曲率/最小半径解析-数值一致（误差 6.4e-12）,OpticalWaveguideRouter3D/outputs/step_9_b_curvature_join_validation.json,curvature error,--,--,验证,纯数学验证步。
G3D-03,三维,9-C clearance 与碰撞基础,6 对样本,clearance 0.01 mm,距离分类与自适应最小距离验证,OpticalWaveguideRouter3D/outputs/step_9_c_clearance_validation.json,150 primitive pairs,--,--,验证,基础验证步。
G3D-04,三维,9-D 单路线抬层探针,512（3 组路线对）,两层、clearance 0.1 mm,3 组真实 pair 抬层、逐组校验 511 邻居、零新建碰撞（总 68.6 s）,OpticalWaveguideRouter3D/outputs/step_9_d_probe_summary.json;OpticalWaveguideRouter3D/outputs/step_9_d_local_validation.json,old/new collision count、removed 列表,f80,--,有效,单路线可行性探针（不是多路线分配）。
G3D-05,三维,9-E 小规模顺序层分配,512,两层、30 次 attempt,12 次成功抬层、近距 pair 49518→47508（−4.06%）,OpticalWaveguideRouter3D/outputs/step_9_e_sequential_elevation_summary.json;OpticalWaveguideRouter3D/outputs/step_9_e_sequential_elevation_steps.csv,collision pairs、elevations、extra length、runtime,f81,t81,有效,几何指标；与二维 cross 事件口径不同。
G3D-06,三维,9-F 两层对照,512,两层、50 次 attempt,16 次成功抬层、49518→46624（−5.84%）,OpticalWaveguideRouter3D/outputs/step_9_f_two_layer_control_summary.json,collision pairs、elevations、extra length、runtime,f81;f82,t81,有效,与三层同条件对照。
G3D-07,三维,9-F 三层顺序分配,512,三层、50 次 attempt,22 次成功抬层、49518→45400（−8.32%）；第三层额外收益 1224 对,OpticalWaveguideRouter3D/outputs/step_9_f_three_layer_summary.json;OpticalWaveguideRouter3D/outputs/step_9_f_comparison.json;OpticalWaveguideRouter3D/outputs/step_9_f_layer_usage.json,collision pairs、layer usage、extra length,f81;f82,t81,有效,层 2 独有成功数为 0（第三层收益来自更优替代）。
G3D-08,三维,10 固定 1024 三层布线,1024（合成实例 300×200）,三层、上限 1024 次 attempt,175 次抬层、350 个过渡、近距 pair 204291→138113（−32.39%）、额外 87.4 mm、1172.7 s,OpticalWaveguideRouter3D/outputs/step_10_fixed_1024_summary.json;OpticalWaveguideRouter3D/outputs/step_10_fixed_1024_final_route_state.json,collision pairs、layer counts、runtime 分解,f83;f84;f85;f86,t81,有效,合成压力实例；−32.39% 是自定义近距 pair 计数，不是制造违规或光学风险。
G3D-09,三维,11 三维可视化（重绘）,1024,13 张原图（发布版重绘 4 张）,XY 投影、XZ 侧视、三维总览、抬层示例（由终态几何重绘）,OpticalWaveguideRouter3D/outputs/step_10_fixed_1024_final_route_state.json;OpticalWaveguideRouter3D/outputs/step_11_visualization_summary.json,planar_section_counts、examples,f84;f85;f86,--,有效,发布版图由只读几何重绘，风格统一。
G3D-10,三维,8.5 legacy 512 二维基线,512,精确求交（物理口径）,供三维对照的二维基线（55935 事件、49502 对）,OpticalWaveguideRouter3D/outputs/step_8_5_legacy_512_physical_summary.json,cross_events、cross_pairs,f38,t33（对照说明）,参照,与三维 collision pair 定义不同，仅作背景，不作数值差比较。
