figure_id,title,section,output_stem,outputs,experiments,sources
f31,90° 弯曲损耗：论文表 3-1 与复刻模型对照,3.1,f31_bend_model_thesis_vs_repro,publication/figures/f31_bend_model_thesis_vs_repro.pdf;publication/figures/f31_bend_model_thesis_vs_repro.svg;publication/figures/f31_bend_model_thesis_vs_repro.png,R01,论文表 3-1（引用记录）；OpticalWaveguideRouter2D/loss_model.py
f32,论文值与复现值对照与有符号误差,3.2,f32_reproduction_accuracy,publication/figures/f32_reproduction_accuracy.pdf;publication/figures/f32_reproduction_accuracy.svg;publication/figures/f32_reproduction_accuracy.png,R02;R03;R04,"results/fiberBoard{256,512}_loss_summary.json 等"
f33,512 通道半径扫描（R2–R5）与弯曲占比,3.3,f33_radius_sweep_512,publication/figures/f33_radius_sweep_512.pdf;publication/figures/f33_radius_sweep_512.svg;publication/figures/f33_radius_sweep_512.png,R04;R05;R06;R03,"results/fiberBoard512_loss_R{2,3,4}_summary.json、fiberBoard512_loss_summary.json"
f34,复现损耗分量分解（直线/弯曲/交叉）,3.3,f34_loss_contribution_repro,publication/figures/f34_loss_contribution_repro.pdf;publication/figures/f34_loss_contribution_repro.svg;publication/figures/f34_loss_contribution_repro.png,R02;R03;R04;R05;R06,results/*_loss_summary.json
f35,逐路损耗分布与累计分布,3.4,f35_loss_distribution_repro,publication/figures/f35_loss_distribution_repro.pdf;publication/figures/f35_loss_distribution_repro.svg;publication/figures/f35_loss_distribution_repro.png,R02;R03,"results/fiberBoard{256,512}_loss.xlsx"
f36,损耗—长度 / 损耗—交叉数散点,3.4,f36_loss_structure_scatter,publication/figures/f36_loss_structure_scatter.pdf;publication/figures/f36_loss_structure_scatter.svg;publication/figures/f36_loss_structure_scatter.png,R02;R03,"results/fiberBoard{256,512}_loss.xlsx"
f37,交叉角度分布与小角放大,3.5,f37_crossing_angle_distribution,publication/figures/f37_crossing_angle_distribution.pdf;publication/figures/f37_crossing_angle_distribution.svg;publication/figures/f37_crossing_angle_distribution.png,R02;R03,"results/fiberBoard{256,512}_loss.xlsx（crossing_angles_deg）"
f38,legacy 512 精确几何审计（物理口径）,3.5,f38_legacy_geometric_audit,publication/figures/f38_legacy_geometric_audit.pdf;publication/figures/f38_legacy_geometric_audit.svg;publication/figures/f38_legacy_geometric_audit.png,R08;G3D-10,outputs/step_8_5_legacy_512_*.json
f39,复刻与原版字节码逐路对照,3.6,f39_legacy_bytecode_check,publication/figures/f39_legacy_bytecode_check.pdf;publication/figures/f39_legacy_bytecode_check.svg;publication/figures/f39_legacy_bytecode_check.png,R09,scratch/legacy_loss/legacy*.json、results/fiberBoard*_loss.xlsx
f310,交叉模型三口径敏感性,3.6,f310_crossing_model_sensitivity,publication/figures/f310_crossing_model_sensitivity.pdf;publication/figures/f310_crossing_model_sensitivity.svg;publication/figures/f310_crossing_model_sensitivity.png,R07,data/crossing_loss_from_thesis_fig3_12.csv、results/fiberBoard512_loss.xlsx
f51,Step 12 主结果（A–D，mean/P95/max）,5.1,f51_step12_main,publication/figures/f51_step12_main.pdf;publication/figures/f51_step12_main.svg;publication/figures/f51_step12_main.png,S12-01,"outputs/opt2d/{256,512}/comparison.csv"
f52,Step 12 损耗分量分解,5.1,f52_step12_loss_breakdown,publication/figures/f52_step12_loss_breakdown.pdf;publication/figures/f52_step12_loss_breakdown.svg;publication/figures/f52_step12_loss_breakdown.png,S12-01,"outputs/opt2d/{256,512}/comparison.csv"
f53,Step 12 消融（候选数/顺序/拆线/正则/半径）,5.2,f53_step12_ablation,publication/figures/f53_step12_ablation.pdf;publication/figures/f53_step12_ablation.svg;publication/figures/f53_step12_ablation.png,S12-02;S12-03;S12-04;S12-05;S12-06,"outputs/opt2d/{256,512}/sensitivity.json"
f54,运行时间—平均损耗（效率视角）,5.3,f54_step12_efficiency,publication/figures/f54_step12_efficiency.pdf;publication/figures/f54_step12_efficiency.svg;publication/figures/f54_step12_efficiency.png,S12-01;S12-02;S12-03;S12-04;S12-05;S12-06,"outputs/opt2d/{256,512}/comparison.csv、sensitivity.json"
f61,Step 13 补修版主结果（六方案）,6.1,f61_step13_main,publication/figures/f61_step13_main.pdf;publication/figures/f61_step13_main.svg;publication/figures/f61_step13_main.png,S13-02,"outputs/opt2d_step13_fix/{256,512}/comparison.csv"
f62,Step 13 分量分解（交叉升高的代价）,6.1,f62_step13_breakdown,publication/figures/f62_step13_breakdown.pdf;publication/figures/f62_step13_breakdown.svg;publication/figures/f62_step13_breakdown.png,S13-02,"outputs/opt2d_step13_fix/{256,512}/comparison.csv"
f63,最差路线跟踪（#44 / #287）,6.2,f63_step13_worst_route,publication/figures/f63_step13_worst_route.pdf;publication/figures/f63_step13_worst_route.svg;publication/figures/f63_step13_worst_route.png,S13-01;S13-06,"outputs/opt2d_step13/{256,512}/worst_route_tracking.csv"
f64,补修前后差异（256 F56 的 48 条）,6.2,f64_step13_fix_delta,publication/figures/f64_step13_fix_delta.pdf;publication/figures/f64_step13_fix_delta.svg;publication/figures/f64_step13_fix_delta.png,S13-01;S13-02,outputs/opt2d_step13_fix/256/per_route_delta.csv 等
f65,受约束复算的权衡（间距/小角 vs 损耗）,6.3,f65_step13_constrained,publication/figures/f65_step13_constrained.pdf;publication/figures/f65_step13_constrained.svg;publication/figures/f65_step13_constrained.png,S13-03,"outputs/opt2d_step13_constrained/{256,512}/constrained_comparison.csv"
f66,交叉表压力情景（×1/×2/×5/×10）,6.4,f66_step13_sensitivity,publication/figures/f66_step13_sensitivity.pdf;publication/figures/f66_step13_sensitivity.svg;publication/figures/f66_step13_sensitivity.png,S13-04,"outputs/opt2d_step13_fix/{256,512}/sensitivity.csv"
f67,间距惩罚强度扫描（0/0.02/0.05）,6.3,f67_step13_penalty_ablation,publication/figures/f67_step13_penalty_ablation.pdf;publication/figures/f67_step13_penalty_ablation.svg;publication/figures/f67_step13_penalty_ablation.png,S13-05,"outputs/opt2d_step13_fix/{256,512}/penalty_ablation_F*.csv"
f71,Step 14 冻结半径六配置主对照与验收,7.1,f71_step14_main,publication/figures/f71_step14_main.pdf;publication/figures/f71_step14_main.svg;publication/figures/f71_step14_main.png,S14-01;S14-02,"outputs/opt2d_step14/{256,512}/comparison.csv、acceptance.csv"
f72,×5 压力情景与 opt_base 改善,7.2,f72_step14_scenario5,publication/figures/f72_step14_scenario5.pdf;publication/figures/f72_step14_scenario5.svg;publication/figures/f72_step14_scenario5.png,S14-01;S14-02;S14-09,"outputs/opt2d_step14/{256,512}/comparison.csv、references.csv"
f73,小角度交叉计数（<5°/<10°/<20°）,7.2,f73_step14_small_angle,publication/figures/f73_step14_small_angle.pdf;publication/figures/f73_step14_small_angle.svg;publication/figures/f73_step14_small_angle.png,S14-01,"outputs/opt2d_step14/{256,512}/comparison.csv"
f74,固定保护对象逐路差值热力图,7.3,f74_step14_protection_delta,publication/figures/f74_step14_protection_delta.pdf;publication/figures/f74_step14_protection_delta.svg;publication/figures/f74_step14_protection_delta.png,S14-03;S14-04,"outputs/opt2d_step14/{256,512}/protection_set.json、{scheme}/protection_routes.csv"
f75,opt_base 接受过程与拒绝原因,7.4,f75_step14_optimize_process,publication/figures/f75_step14_optimize_process.pdf;publication/figures/f75_step14_optimize_process.svg;publication/figures/f75_step14_optimize_process.png,S14-05,"outputs/opt2d_step14/{256,512}/optimize_attempts_base.csv、optimize_record.json"
f76,诊断探针变体对照,7.4,f76_step14_probe_variants,publication/figures/f76_step14_probe_variants.pdf;publication/figures/f76_step14_probe_variants.svg;publication/figures/f76_step14_probe_variants.png,S14-06,"outputs/opt2d_step14/{256,512}/probe/probe_summary.csv"
f77,Step 14 压力情景（×1–×10，含 ×10 恶化）,7.5,f77_step14_sensitivity,publication/figures/f77_step14_sensitivity.pdf;publication/figures/f77_step14_sensitivity.svg;publication/figures/f77_step14_sensitivity.png,S14-07,"outputs/opt2d_step14/{256,512}/sensitivity.csv"
f80,9-D 单路线抬层探针,8.1,f80_3d_probe_9d,publication/figures/f80_3d_probe_9d.pdf;publication/figures/f80_3d_probe_9d.svg;publication/figures/f80_3d_probe_9d.png,G3D-04,outputs/step_9_d_probe_summary.json、step_9_d_local_validation.json
f81,三维层分配与近距 pair 净减少,8.2,f81_3d_layer_assignment,publication/figures/f81_3d_layer_assignment.pdf;publication/figures/f81_3d_layer_assignment.svg;publication/figures/f81_3d_layer_assignment.png,G3D-05;G3D-06;G3D-07,outputs/step_9_e_*.json、step_9_f_*.json
f82,两层 vs 三层对照,8.2,f82_3d_two_vs_three,publication/figures/f82_3d_two_vs_three.pdf;publication/figures/f82_3d_two_vs_three.svg;publication/figures/f82_3d_two_vs_three.png,G3D-06;G3D-07,outputs/step_9_f_two_layer_control_summary.json、step_9_f_three_layer_summary.json
f83,固定 1024：近距 pair/层使用/运行分解,8.3,f83_3d_fixed_1024,publication/figures/f83_3d_fixed_1024.pdf;publication/figures/f83_3d_fixed_1024.svg;publication/figures/f83_3d_fixed_1024.png,G3D-08,outputs/step_10_fixed_1024_summary.json
f84,1024 终态 XY 投影（按层着色）,8.3,f84_3d_xy_projection,publication/figures/f84_3d_xy_projection.pdf;publication/figures/f84_3d_xy_projection.svg;publication/figures/f84_3d_xy_projection.png,G3D-08;G3D-09,outputs/step_10_fixed_1024_final_route_state.json（只读重绘）
f85,1024 终态 XZ 侧视与抬层示例,8.3,f85_3d_xz_side,publication/figures/f85_3d_xz_side.pdf;publication/figures/f85_3d_xz_side.svg;publication/figures/f85_3d_xz_side.png,G3D-08;G3D-09,outputs/step_10_fixed_1024_final_route_state.json（只读重绘）
f86,1024 三维总览（z 放大 ×20）,8.3,f86_3d_overview,publication/figures/f86_3d_overview.pdf;publication/figures/f86_3d_overview.svg;publication/figures/f86_3d_overview.png,G3D-08;G3D-09,outputs/step_10_fixed_1024_final_route_state.json（只读重绘）
