figure,outputs,note,sources
f31_bend_model_thesis_vs_repro,publication\figures\f31_bend_model_thesis_vs_repro.pdf;publication\figures\f31_bend_model_thesis_vs_repro.svg;publication\figures\f31_bend_model_thesis_vs_repro.png,90° 弯曲损耗：论文表 3-1（离散半径 2/3/4/5/6 mm）与复刻模型（tl/ll 表推得密度×Rπ/2）对照。,论文表 3-1（引用记录：OpticalWaveguideRouter2D/docs/loss_model_reconstruction_report.md）;OpticalWaveguideRouter2D/loss_model.py（BEND_TABLE_*，复算）
f32_reproduction_accuracy,publication\figures\f32_reproduction_accuracy.pdf;publication\figures\f32_reproduction_accuracy.svg;publication\figures\f32_reproduction_accuracy.png,三个复现 case（256 R5、512 R5、512 R4）的平均/最大损耗：论文值 vs 复现值与有符号相对误差。,"论文 4.1/4.2/4.3 节数字（引用记录：results/*_summary.json thesis_* 字段）;OpticalWaveguideRouter2D/results/fiberBoard{256,512}_loss_summary.json 等"
f33_radius_sweep_512,publication\figures\f33_radius_sweep_512.pdf;publication\figures\f33_radius_sweep_512.svg;publication\figures\f33_radius_sweep_512.png,512 通道固定几何在不同弯曲半径（离散 2–5 mm）下的固定几何复算结果；论文 R4 对照值来自论文 4.3 节。,"OpticalWaveguideRouter2D/results/fiberBoard512_loss_R{2,3,4}_summary.json、fiberBoard512_loss_summary.json"
f34_loss_contribution_repro,publication\figures\f34_loss_contribution_repro.pdf;publication\figures\f34_loss_contribution_repro.svg;publication\figures\f34_loss_contribution_repro.png,固定几何复算的逐路损耗均值分解（直线+弯曲+交叉，交叉事件按每根波导各计一次）。,OpticalWaveguideRouter2D/results/*_loss_summary.json
f35_loss_distribution_repro,publication\figures\f35_loss_distribution_repro.pdf;publication\figures\f35_loss_distribution_repro.svg;publication\figures\f35_loss_distribution_repro.png,逐路总损耗分布与累计分布；每规模为单次布线的逐路样本（非重复实验，不作误差棒）。,"OpticalWaveguideRouter2D/results/fiberBoard{256,512}_loss.xlsx"
f36_loss_structure_scatter,publication\figures\f36_loss_structure_scatter.pdf;publication\figures\f36_loss_structure_scatter.svg;publication\figures\f36_loss_structure_scatter.png,逐路总损耗与总长度、交叉项数的散点；r 为本次分析实算的 Pearson 相关系数（n=256/512）。,"OpticalWaveguideRouter2D/results/fiberBoard{256,512}_loss.xlsx"
f37_crossing_angle_distribution,publication\figures\f37_crossing_angle_distribution.pdf;publication\figures\f37_crossing_angle_distribution.svg;publication\figures\f37_crossing_angle_distribution.png,复现几何的交叉角度分布；512 通道存在少量 <20° 小角交叉（最小 14°），256 通道最小 35°。,"OpticalWaveguideRouter2D/results/fiberBoard{256,512}_loss.xlsx（crossing_angles_deg）"
f38_legacy_geometric_audit,publication\figures\f38_legacy_geometric_audit.pdf;publication\figures\f38_legacy_geometric_audit.svg;publication\figures\f38_legacy_geometric_audit.png,对 legacy 512 平滑几何的精确求交（step 8.5 物理口径）：49502 对路线交叉、55935 个事件、最小角 2.84°；与复现表整数度逐路口径不同。,outputs/step_8_5_legacy_512_physical_summary.json;outputs/step_8_5_legacy_512_multi_crossing_summary.json;outputs/step_8_5_legacy_512_loss_summary.json
f39_legacy_bytecode_check,publication\figures\f39_legacy_bytecode_check.pdf;publication\figures\f39_legacy_bytecode_check.svg;publication\figures\f39_legacy_bytecode_check.png,复刻几何的直线+弯曲损耗与 2D 项目原版字节码（Python 3.8 实跑、全 0 占位交叉表）逐路完全一致；仅交叉项待模型化。,"OpticalWaveguideRouter2D/scratch/legacy_loss/legacy{256_R5,512_R2,512_R3,512_R4,512_R5}.json;OpticalWaveguideRouter2D/results/fiberBoard*_loss.xlsx"
f310_crossing_model_sensitivity,publication\figures\f310_crossing_model_sensitivity.pdf;publication\figures\f310_crossing_model_sensitivity.svg;publication\figures\f310_crossing_model_sensitivity.png,512 R5 交叉损耗模型三口径的固定几何复算（不改布线）：均值跨度 0.099 dB、最大跨度 0.144 dB，与复现分析报告记录一致。,OpticalWaveguideRouter2D/data/crossing_loss_from_thesis_fig3_12.csv;OpticalWaveguideRouter2D/results/fiberBoard512_loss.xlsx
f51_step12_main,publication\figures\f51_step12_main.pdf;publication\figures\f51_step12_main.svg;publication\figures\f51_step12_main.png,Step 12 方案 A–D 的逐路损耗指标（解析物理统计口径）；512 的 B 方案有 2 条未布通，其指标不作同口径比较。,"outputs/opt2d/{256,512}/comparison.csv、comparison.json"
f52_step12_loss_breakdown,publication\figures\f52_step12_loss_breakdown.pdf;publication\figures\f52_step12_loss_breakdown.svg;publication\figures\f52_step12_loss_breakdown.png,A–D 方案平均逐路损耗的直线/弯曲/交叉分解；交叉事件按每根波导各计一次。,"outputs/opt2d/{256,512}/comparison.csv"
f53_step12_ablation,publication\figures\f53_step12_ablation.pdf;publication\figures\f53_step12_ablation.svg;publication\figures\f53_step12_ablation.png,Step 12 消融：候选数 K、布线顺序、拆线重布、位置正则、半径策略；未布通配置的均值不能与完整布通配置同口径比较。,"outputs/opt2d/{256,512}/sensitivity.json 与 sensitivity/*/summary.json"
f54_step12_efficiency,publication\figures\f54_step12_efficiency.pdf;publication\figures\f54_step12_efficiency.svg;publication\figures\f54_step12_efficiency.png,运行时间—平均损耗散点：实心为主方案 A–D，空心为消融配置；含未布通配置的损耗不可直接比较。,"outputs/opt2d/{256,512}/comparison.csv、sensitivity.json"
f61_step13_main,publication\figures\f61_step13_main.pdf;publication\figures\f61_step13_main.svg;publication\figures\f61_step13_main.png,Step 13 补修后六方案逐路损耗（端点冻结、解析物理统计）；F5/F56 为自由弯角几何，D0/D56 使用 R6 优先/自适应半径。,"outputs/opt2d_step13_fix/{256,512}/comparison.csv"
f62_step13_breakdown,publication\figures\f62_step13_breakdown.pdf;publication\figures\f62_step13_breakdown.svg;publication\figures\f62_step13_breakdown.png,六方案平均逐路损耗分解；自由弯角（F5/F56）以更高交叉损耗换取更低的弯曲损耗。,"outputs/opt2d_step13_fix/{256,512}/comparison.csv"
f63_step13_worst_route,publication\figures\f63_step13_worst_route.pdf;publication\figures\f63_step13_worst_route.svg;publication\figures\f63_step13_worst_route.png,A 方案最差路线在六方案中的逐路损耗与交叉数/总转角；该路线跨上下两侧，自由弯角将其总转角从 180° 降至 90°。,"outputs/opt2d_step13/{256,512}/worst_route_tracking.csv"
f64_step13_fix_delta,publication\figures\f64_step13_fix_delta.pdf;publication\figures\f64_step13_fix_delta.svg;publication\figures\f64_step13_fix_delta.png,Step 13 补修：256 F56 重布历史重合对 #7/#31 后 48 条路线变化；512 补修前后逐项相同（零变化）。,"outputs/opt2d_step13_fix/256/per_route_delta.csv;outputs/opt2d_step13/{,fix/}256/comparison.csv"
f65_step13_constrained,publication\figures\f65_step13_constrained.pdf;publication\figures\f65_step13_constrained.svg;publication\figures\f65_step13_constrained.png,受约束复算（固定几何、只改评分）：spacing/small/both 降低间距违规与大角交叉，代价是平均损耗略升；512 的代价高于 256。,"outputs/opt2d_step13_constrained/{256,512}/constrained_comparison.csv"
f66_step13_sensitivity,publication\figures\f66_step13_sensitivity.pdf;publication\figures\f66_step13_sensitivity.svg;publication\figures\f66_step13_sensitivity.png,固定几何压力情景：仅放大小角度交叉损耗（×1/×2/×5/×10）后复算，不重新布线；F56 的最大损耗对 ×10 情景最敏感。,"outputs/opt2d_step13_fix/{256,512}/sensitivity.csv"
f67_step13_penalty_ablation,publication\figures\f67_step13_penalty_ablation.pdf;publication\figures\f67_step13_penalty_ablation.svg;publication\figures\f67_step13_penalty_ablation.png,间距惩罚强度扫描（F5/F56，固定几何评分）：0.02/0.05 dB 显著降低间距违规，平均损耗代价随时间/规模不同。,"outputs/opt2d_step13_fix/{256,512}/penalty_ablation_F{5,56}.csv;outputs/opt2d_step13_fix/{256,512}/comparison.csv（默认 0 dB 行）"
f71_step14_main,publication\figures\f71_step14_main.pdf;publication\figures\f71_step14_main.svg;publication\figures\f71_step14_main.png,Step 14 冻结半径公平对照：六配置的逐路损耗指标与严格验收状态（×为未通过）；touch 与 base 逐项相同（无接触事件）。,"outputs/opt2d_step14/{256,512}/comparison.csv、acceptance.csv"
f72_step14_scenario5,publication\figures\f72_step14_scenario5.pdf;publication\figures\f72_step14_scenario5.svg;publication\figures\f72_step14_scenario5.png,×5 压力情景（<20° 交叉损耗 ×5，固定几何复算）：512 的 opt_base 情景最大下降 0.0924 dB；256 的 opt_base 与 base 相同（0 接受）。,"outputs/opt2d_step14/{256,512}/comparison.csv、references.csv"
f73_step14_small_angle,publication\figures\f73_step14_small_angle.pdf;publication\figures\f73_step14_small_angle.svg;publication\figures\f73_step14_small_angle.png,小角度交叉计数（逐路累计口径）：small/both 显著压低 <20° 交叉；spacing 主要压低 <5° 与间距违规。,"outputs/opt2d_step14/{256,512}/comparison.csv"
f74_step14_protection_delta,publication\figures\f74_step14_protection_delta.pdf;publication\figures\f74_step14_protection_delta.svg;publication\figures\f74_step14_protection_delta.png,Step 14 固定保护对象（Step 14 保存的 11 条 ID 集合，*=base 最差路线）在六配置下的逐路损耗差值；spacing/small/both 在部分对象上劣化，opt_base 全部不劣化。,"outputs/opt2d_step14/{256,512}/protection_set.json;outputs/opt2d_step14/{256,512}/{scheme}/protection_routes.csv"
f75_step14_optimize_process,publication\figures\f75_step14_optimize_process.pdf;publication\figures\f75_step14_optimize_process.svg;publication\figures\f75_step14_optimize_process.png,opt_base 保护性局部优化：512 接受 6 个候选、256 接受 0 个；保护对象（#34 等）劣化与情景无改善是主要拒绝原因。,"outputs/opt2d_step14/{256,512}/optimize_attempts_base.csv;outputs/opt2d_step14/{256,512}/optimize_record.json"
f76_step14_probe_variants,publication\figures\f76_step14_probe_variants.pdf;publication\figures\f76_step14_probe_variants.svg;publication\figures\f76_step14_probe_variants.png,opt_base 诊断探针：rank_small*（加严排序）在严格保护下 0–5 次接受，strict_slack*（放宽保护余量）可接受更多候选。,"outputs/opt2d_step14/{256,512}/probe/probe_summary.csv"
f77_step14_sensitivity,publication\figures\f77_step14_sensitivity.pdf;publication\figures\f77_step14_sensitivity.svg;publication\figures\f77_step14_sensitivity.png,Step 14 压力情景（固定几何、仅放大 <20° 交叉损耗）：512 的 opt_base 在 ×10 由 8.4333 升至 8.4996 dB（略恶化），×1–×5 下降；256 的 opt_base 与 base 相同（0 接受）。,"outputs/opt2d_step14/{256,512}/sensitivity.csv"
f80_3d_probe_9d,publication\figures\f80_3d_probe_9d.pdf;publication\figures\f80_3d_probe_9d.svg;publication\figures\f80_3d_probe_9d.png,9-D 单路线抬层探针：3 组真实路线对分别抬层，逐组校验 511 个邻居，零新建碰撞；总运行 68.6 s。,outputs/step_9_d_probe_summary.json;outputs/step_9_d_local_validation.json
f81_3d_layer_assignment,publication\figures\f81_3d_layer_assignment.pdf;publication\figures\f81_3d_layer_assignment.svg;publication\figures\f81_3d_layer_assignment.png,三维层分配（9-E/9-F，同一 512 布局）：层使用分布与中心线近距 pair 净减少；几何指标，与光学损耗无关。,outputs/step_9_e_sequential_elevation_summary.json;outputs/step_9_f_two_layer_control_summary.json;outputs/step_9_f_three_layer_summary.json
f82_3d_two_vs_three,publication\figures\f82_3d_two_vs_three.pdf;publication\figures\f82_3d_two_vs_three.svg;publication\figures\f82_3d_two_vs_three.png,9-F 同一 512 布局、各 50 次 attempt 的两层 vs 三层对照：三层近距 pair 更低，代价是更多额外长度与运行时间。,outputs/step_9_f_two_layer_control_summary.json;outputs/step_9_f_three_layer_summary.json
f83_3d_fixed_1024,publication\figures\f83_3d_fixed_1024.pdf;publication\figures\f83_3d_fixed_1024.svg;publication\figures\f83_3d_fixed_1024.png,固定 1024 通道三层布线（合成实例，300×200 mm）：近距 pair 204291→138113（−32.39%）、终态层使用 849/72/103、运行 1172.7 s。,outputs/step_10_fixed_1024_summary.json、step_10_fixed_1024_initial_stats.json
f84_3d_xy_projection,publication\figures\f84_3d_xy_projection.pdf;publication\figures\f84_3d_xy_projection.svg;publication\figures\f84_3d_xy_projection.png,固定 1024 通道终态的 XY 投影（按层着色，含层间抬层过渡的投影迹）：抬层只改 z，不改 XY 平面几何。,outputs/step_10_fixed_1024_final_route_state.json（只读重绘）
f85_3d_xz_side,publication\figures\f85_3d_xz_side.pdf;publication\figures\f85_3d_xz_side.svg;publication\figures\f85_3d_xz_side.png,1024 通道终态的 XZ 侧视与抬层示例（#153→层 1、#152→层 2）；终点层段与两段余弦过渡在几何上连续（C0/C1 校验通过）。,outputs/step_10_fixed_1024_final_route_state.json（只读重绘）;outputs/step_11_visualization_summary.json（示例选择规则）
f86_3d_overview,publication\figures\f86_3d_overview.pdf;publication\figures\f86_3d_overview.svg;publication\figures\f86_3d_overview.png,固定 1024 通道三层布线三维总览（z 为显示放大 ×20，真实层 0/1/2 mm）；全部为几何视图，未计算光学损耗。,outputs/step_10_fixed_1024_final_route_state.json（只读重绘）
