group,strategy,mode,budget,start_kind,control,initial_collision_pairs,final_collision_pairs,net_collision_reduction,accepted_moves,first_elevations,relocations,returns,first_elevation_net_reduction,relocation_net_reduction,return_net_reduction,total_old_collisions_removed,total_new_collisions_created,generated_candidates,candidate_evaluations,full_neighbor_checks,full_acceptance_passes,executed_moves,stop_reason,target_attempts,evaluations_per_action,net_reduction_per_evaluation,relocation_candidate_evaluations,not_evaluated_candidates,stage_length_delta_mm,final_extra_length_vs_planar_mm,final_transition_count,final_elevated_route_count,recheck_verdict,manifest_sha256
V5_LEGACY_N720,V5_LEGACY,N,720,main,BASE,42909,40072,2837,11,11,0,0,2837,0,0,2891,54,738,720,720,720,11,CANDIDATE_BUDGET_EXHAUSTED,13,65.45454545454545,3.9402777777777778,0,18,6.156637243926525,13.312728069999139,70,35,PASS,ee77fdd079c1ab6bc1cd8bb3ebef379dc06fb1f0a10b58d3a5a8f4c19eff8d38
V5_LEGACY_N1440,V5_LEGACY,N,1440,main,BASE,42909,36995,5914,24,24,0,0,5914,0,0,6106,192,1467,1440,1440,1440,24,CANDIDATE_BUDGET_EXHAUSTED,26,60.0,4.106944444444444,0,27,13.23528659173462,20.391377417807234,96,48,PASS,ee77fdd079c1ab6bc1cd8bb3ebef379dc06fb1f0a10b58d3a5a8f4c19eff8d38
V5_LEGACY_N2880,V5_LEGACY,N,2880,main,BASE,42909,30999,11910,53,53,0,0,11910,0,0,12574,664,2934,2880,2880,2877,53,CANDIDATE_BUDGET_EXHAUSTED,66,54.339622641509436,4.135416666666667,0,54,23.781978350074496,30.93806917614711,154,77,PASS,ee77fdd079c1ab6bc1cd8bb3ebef379dc06fb1f0a10b58d3a5a8f4c19eff8d38
V5_LEGACY_R720,V5_LEGACY,R,720,main,BASE,42909,40072,2837,11,11,0,0,2837,0,0,2891,54,738,720,720,720,11,CANDIDATE_BUDGET_EXHAUSTED,13,65.45454545454545,3.9402777777777778,0,18,6.156637243926525,13.312728069999139,70,35,PASS,ee77fdd079c1ab6bc1cd8bb3ebef379dc06fb1f0a10b58d3a5a8f4c19eff8d38
V5_LEGACY_R1440,V5_LEGACY,R,1440,main,BASE,42909,36995,5914,24,24,0,0,5914,0,0,6106,192,1467,1440,1440,1440,24,CANDIDATE_BUDGET_EXHAUSTED,26,60.0,4.106944444444444,0,27,13.23528659173462,20.391377417807234,96,48,PASS,ee77fdd079c1ab6bc1cd8bb3ebef379dc06fb1f0a10b58d3a5a8f4c19eff8d38
V5_LEGACY_R2880,V5_LEGACY,R,2880,main,BASE,42909,30999,11910,53,53,0,0,11910,0,0,12574,664,2934,2880,2880,2877,53,CANDIDATE_BUDGET_EXHAUSTED,66,54.339622641509436,4.135416666666667,0,54,23.781978350074496,30.93806917614711,154,77,PASS,ee77fdd079c1ab6bc1cd8bb3ebef379dc06fb1f0a10b58d3a5a8f4c19eff8d38
V5_STRATIFIED_N720,V5_STRATIFIED,N,720,main,BASE,42909,39590,3319,13,13,0,0,3319,0,0,3405,86,792,720,720,717,13,CANDIDATE_BUDGET_EXHAUSTED,17,55.38461538461539,4.6097222222222225,0,72,6.644421078861342,13.800511904933956,74,37,PASS,ee77fdd079c1ab6bc1cd8bb3ebef379dc06fb1f0a10b58d3a5a8f4c19eff8d38
V5_STRATIFIED_N1440,V5_STRATIFIED,N,1440,main,BASE,42909,36974,5935,24,24,0,0,5935,0,0,6143,208,1449,1440,1440,1437,24,CANDIDATE_BUDGET_EXHAUSTED,28,60.0,4.121527777777778,0,9,12.801058322758763,19.957149148831377,96,48,PASS,ee77fdd079c1ab6bc1cd8bb3ebef379dc06fb1f0a10b58d3a5a8f4c19eff8d38
V5_STRATIFIED_N2880,V5_STRATIFIED,N,2880,main,BASE,42909,30425,12484,56,56,0,0,12484,0,0,13184,700,2889,2880,2862,2850,56,CANDIDATE_BUDGET_EXHAUSTED,83,51.42857142857143,4.334722222222222,0,9,24.947882371459855,32.10397319753247,160,80,PASS,ee77fdd079c1ab6bc1cd8bb3ebef379dc06fb1f0a10b58d3a5a8f4c19eff8d38
V5_STRATIFIED_R720,V5_STRATIFIED,R,720,main,BASE,42909,38884,4025,17,16,1,0,4014,11,0,4130,105,729,720,711,702,17,CANDIDATE_BUDGET_EXHAUSTED,30,42.35294117647059,5.590277777777778,18,9,8.678781638169312,15.834872464241926,80,40,PASS,ee77fdd079c1ab6bc1cd8bb3ebef379dc06fb1f0a10b58d3a5a8f4c19eff8d38
V5_STRATIFIED_R1440,V5_STRATIFIED,R,1440,main,BASE,42909,36257,6652,30,27,3,0,6625,27,0,6879,227,1476,1440,1314,1254,30,CANDIDATE_BUDGET_EXHAUSTED,51,48.0,4.6194444444444445,171,36,15.703875420033,22.859966246105614,102,51,PASS,ee77fdd079c1ab6bc1cd8bb3ebef379dc06fb1f0a10b58d3a5a8f4c19eff8d38
V5_STRATIFIED_R2880,V5_STRATIFIED,R,2880,main,BASE,42909,33343,9566,47,41,6,0,9528,38,0,10090,524,2943,2880,2430,2083,47,CANDIDATE_BUDGET_EXHAUSTED,86,61.276595744680854,3.321527777777778,783,63,21.72373187841731,28.879822704489925,130,65,PASS,ee77fdd079c1ab6bc1cd8bb3ebef379dc06fb1f0a10b58d3a5a8f4c19eff8d38
V5_LEGACY_NC2880,V5_LEGACY,N,2880,challenge,BASE,30999,21351,9648,58,58,0,0,9648,0,0,10919,1271,2925,2880,2880,2865,58,CANDIDATE_BUDGET_EXHAUSTED,66,49.6551724137931,3.35,0,45,28.90949235825974,59.84756153440685,270,135,PASS,ee77fdd079c1ab6bc1cd8bb3ebef379dc06fb1f0a10b58d3a5a8f4c19eff8d38
V5_LEGACY_RC2880,V5_LEGACY,R,2880,challenge,BASE,30999,21351,9648,58,58,0,0,9648,0,0,10919,1271,2925,2880,2880,2865,58,CANDIDATE_BUDGET_EXHAUSTED,66,49.6551724137931,3.35,0,45,28.90949235825974,59.84756153440685,270,135,PASS,ee77fdd079c1ab6bc1cd8bb3ebef379dc06fb1f0a10b58d3a5a8f4c19eff8d38
V5_STRATIFIED_NC2880,V5_STRATIFIED,N,2880,challenge,BASE,30999,20421,10578,65,65,0,0,10578,0,0,11965,1387,2907,2880,2880,2763,65,CANDIDATE_BUDGET_EXHAUSTED,92,44.30769230769231,3.6729166666666666,0,27,34.524790201263386,65.4628593774105,284,142,PASS,ee77fdd079c1ab6bc1cd8bb3ebef379dc06fb1f0a10b58d3a5a8f4c19eff8d38
V5_STRATIFIED_RC2880,V5_STRATIFIED,R,2880,challenge,BASE,30999,25563,5436,34,31,3,0,5410,26,0,6205,769,2952,2880,1980,1071,34,CANDIDATE_BUDGET_EXHAUSTED,83,84.70588235294117,1.8875,1728,72,13.639845207129838,44.57791438327695,216,108,PASS,ee77fdd079c1ab6bc1cd8bb3ebef379dc06fb1f0a10b58d3a5a8f4c19eff8d38
