target_a,target_b,category,moved_route_id,current_layer,already_elevated,conflict_degree,previous_budget_covered,generated_candidates,zero_candidate_reason,basic_evaluations,basic_accepted,full_checks,full_accepted,best_full_net_reduction,outcome,usable_rise_length_mm,usable_fall_length_mm
290,291,high_conflict_both_unelevated,290,0,False,307,True,0,INSUFFICIENT_TRANSITION_SPACE,0,0,0,0,,NO_LEGAL_WINDOW_UNDER_CURRENT_RULES,2.92498,14.564375
290,291,high_conflict_both_unelevated,291,0,False,275,True,0,INSUFFICIENT_TRANSITION_SPACE,0,0,0,0,,NO_LEGAL_WINDOW_UNDER_CURRENT_RULES,4.236229,7.12498
290,433,high_conflict_both_unelevated,290,0,False,307,True,0,INSUFFICIENT_TRANSITION_SPACE,0,0,0,0,,NO_LEGAL_WINDOW_UNDER_CURRENT_RULES,18.713711,2.92498
290,433,high_conflict_both_unelevated,433,0,False,275,True,0,INSUFFICIENT_TRANSITION_SPACE,0,0,0,0,,NO_LEGAL_WINDOW_UNDER_CURRENT_RULES,3.09998,3.09998
9,180,high_conflict_both_unelevated,9,0,False,290,False,18,,18,18,18,18,254,FULL_ACCEPTED_CANDIDATE_EXISTS,12.62496,84.79996
9,180,high_conflict_both_unelevated,180,0,False,272,False,27,,27,27,27,24,261,FULL_ACCEPTED_CANDIDATE_EXISTS,5.69998,210.97494
9,181,high_conflict_both_unelevated,9,0,False,290,False,18,,18,18,18,18,254,FULL_ACCEPTED_CANDIDATE_EXISTS,12.44996,84.97496
9,181,high_conflict_both_unelevated,181,0,False,272,False,27,,27,27,27,24,261,FULL_ACCEPTED_CANDIDATE_EXISTS,5.69998,210.97494
31,303,high_conflict_both_unelevated,31,0,False,273,False,18,,18,18,18,18,270,FULL_ACCEPTED_CANDIDATE_EXISTS,83.312162,58.22498
31,303,high_conflict_both_unelevated,303,0,False,286,False,18,,18,18,18,18,283,FULL_ACCEPTED_CANDIDATE_EXISTS,81.72498,60.162162
180,303,high_conflict_both_unelevated,180,0,False,272,False,54,,54,54,54,52,269,FULL_ACCEPTED_CANDIDATE_EXISTS,86.72498,129.94994
180,303,high_conflict_both_unelevated,303,0,False,286,False,72,,72,72,60,60,283,FULL_ACCEPTED_CANDIDATE_EXISTS,108.19996,144.12496
291,433,high_conflict_both_unelevated,291,0,False,275,False,36,,36,36,36,36,274,FULL_ACCEPTED_CANDIDATE_EXISTS,95.92496,7.12498
291,433,high_conflict_both_unelevated,433,0,False,275,False,18,,18,18,18,18,218,FULL_ACCEPTED_CANDIDATE_EXISTS,79.678976,14.595944
31,181,high_conflict_both_unelevated,31,0,False,273,False,36,,36,36,36,36,270,FULL_ACCEPTED_CANDIDATE_EXISTS,111.64996,22.436229
31,181,high_conflict_both_unelevated,181,0,False,272,False,18,,18,18,18,18,269,FULL_ACCEPTED_CANDIDATE_EXISTS,86.37498,21.12498
35,347,high_conflict_both_unelevated,35,0,False,271,False,45,,45,45,45,45,260,FULL_ACCEPTED_CANDIDATE_EXISTS,15.47496,86.42496
35,347,high_conflict_both_unelevated,347,0,False,267,False,54,,54,54,54,54,264,FULL_ACCEPTED_CANDIDATE_EXISTS,11.64998,213.14994
4,35,high_conflict_both_unelevated,4,0,False,264,False,54,,54,54,54,54,261,FULL_ACCEPTED_CANDIDATE_EXISTS,11.64998,213.67494
4,35,high_conflict_both_unelevated,35,0,False,271,False,45,,45,45,45,45,260,FULL_ACCEPTED_CANDIDATE_EXISTS,19.44996,82.44996
4,347,high_conflict_both_unelevated,4,0,False,264,False,18,,18,18,18,18,261,FULL_ACCEPTED_CANDIDATE_EXISTS,84.69998,55.257324
4,347,high_conflict_both_unelevated,347,0,False,267,False,18,,18,18,18,18,264,FULL_ACCEPTED_CANDIDATE_EXISTS,82.77498,56.82498
5,6,high_conflict_both_unelevated,5,0,False,264,False,18,,18,18,18,18,261,FULL_ACCEPTED_CANDIDATE_EXISTS,84.52498,55.07498
5,6,high_conflict_both_unelevated,6,0,False,264,False,18,,18,18,18,18,261,FULL_ACCEPTED_CANDIDATE_EXISTS,84.34998,55.24998
5,7,high_conflict_both_unelevated,5,0,False,264,False,18,,18,18,18,18,261,FULL_ACCEPTED_CANDIDATE_EXISTS,84.52498,55.07498
5,7,high_conflict_both_unelevated,7,0,False,264,False,18,,18,18,18,18,261,FULL_ACCEPTED_CANDIDATE_EXISTS,84.17498,55.42498
6,7,high_conflict_both_unelevated,6,0,False,264,False,18,,18,18,18,18,261,FULL_ACCEPTED_CANDIDATE_EXISTS,84.34998,55.24998
6,7,high_conflict_both_unelevated,7,0,False,264,False,18,,18,18,18,18,261,FULL_ACCEPTED_CANDIDATE_EXISTS,84.17498,55.42498
8,437,high_conflict_both_unelevated,8,0,False,264,False,54,,54,54,54,54,261,FULL_ACCEPTED_CANDIDATE_EXISTS,179.59994,45.72498
8,437,high_conflict_both_unelevated,437,0,False,264,False,72,,72,72,60,60,261,FULL_ACCEPTED_CANDIDATE_EXISTS,120.32496,109.34996
8,300,high_conflict_both_unelevated,8,0,False,264,False,18,,18,18,18,18,261,FULL_ACCEPTED_CANDIDATE_EXISTS,83.99998,55.59998
8,300,high_conflict_both_unelevated,300,0,False,262,False,36,,36,36,36,36,259,FULL_ACCEPTED_CANDIDATE_EXISTS,90.899088,58.04998
300,437,high_conflict_both_unelevated,300,0,False,262,False,54,,54,54,54,54,259,FULL_ACCEPTED_CANDIDATE_EXISTS,189.47494,45.72498
300,437,high_conflict_both_unelevated,437,0,False,264,False,72,,72,72,60,60,261,FULL_ACCEPTED_CANDIDATE_EXISTS,116.34996,113.32496
334,462,high_conflict_both_unelevated,334,0,False,260,False,27,,27,27,27,27,257,FULL_ACCEPTED_CANDIDATE_EXISTS,90.38009,54.19998
334,462,high_conflict_both_unelevated,462,0,False,261,False,27,,27,27,27,27,258,FULL_ACCEPTED_CANDIDATE_EXISTS,59.35509,86.79998
335,462,high_conflict_both_unelevated,335,0,False,260,False,27,,27,27,27,27,257,FULL_ACCEPTED_CANDIDATE_EXISTS,90.207245,54.37498
335,462,high_conflict_both_unelevated,462,0,False,261,False,27,,27,27,27,27,258,FULL_ACCEPTED_CANDIDATE_EXISTS,59.357245,86.79998
334,335,high_conflict_both_unelevated,334,0,False,260,False,18,,18,18,18,18,257,FULL_ACCEPTED_CANDIDATE_EXISTS,85.39998,54.19998
334,335,high_conflict_both_unelevated,335,0,False,260,False,18,,18,18,18,18,257,FULL_ACCEPTED_CANDIDATE_EXISTS,85.22498,54.37498
0,24,random_both_unelevated,0,0,False,89,False,18,,18,18,18,18,87,FULL_ACCEPTED_CANDIDATE_EXISTS,83.47498,56.92496
0,24,random_both_unelevated,24,0,False,210,False,72,,72,72,60,60,207,FULL_ACCEPTED_CANDIDATE_EXISTS,92.49214,88.70778
0,25,random_both_unelevated,0,0,False,89,False,18,,18,18,18,18,87,FULL_ACCEPTED_CANDIDATE_EXISTS,83.47498,56.92496
0,25,random_both_unelevated,25,0,False,210,False,72,,72,72,60,60,207,FULL_ACCEPTED_CANDIDATE_EXISTS,92.600832,88.599088
1,24,random_both_unelevated,1,0,False,89,False,18,,18,18,18,18,87,FULL_ACCEPTED_CANDIDATE_EXISTS,83.29998,57.09996
1,24,random_both_unelevated,24,0,False,210,False,72,,72,72,60,60,207,FULL_ACCEPTED_CANDIDATE_EXISTS,92.198042,89.001878
1,25,random_both_unelevated,1,0,False,89,False,18,,18,18,18,18,87,FULL_ACCEPTED_CANDIDATE_EXISTS,83.29998,57.09996
1,25,random_both_unelevated,25,0,False,210,False,72,,72,72,60,60,207,FULL_ACCEPTED_CANDIDATE_EXISTS,92.31714,88.88278
2,20,random_both_unelevated,2,0,False,74,False,27,,27,27,27,27,72,FULL_ACCEPTED_CANDIDATE_EXISTS,88.92496,59.92496
2,20,random_both_unelevated,20,0,False,62,False,36,,36,36,36,36,61,FULL_ACCEPTED_CANDIDATE_EXISTS,78.502779,61.47498
2,21,random_both_unelevated,2,0,False,74,False,27,,27,27,27,27,72,FULL_ACCEPTED_CANDIDATE_EXISTS,89.09996,59.74996
2,21,random_both_unelevated,21,0,False,62,False,36,,36,36,36,36,61,FULL_ACCEPTED_CANDIDATE_EXISTS,78.502779,61.47498
3,20,random_both_unelevated,3,0,False,74,False,27,,27,27,27,27,72,FULL_ACCEPTED_CANDIDATE_EXISTS,88.57496,60.27496
3,20,random_both_unelevated,20,0,False,62,False,36,,36,36,36,36,61,FULL_ACCEPTED_CANDIDATE_EXISTS,78.327779,61.64998
3,21,random_both_unelevated,3,0,False,74,False,27,,27,27,27,27,72,FULL_ACCEPTED_CANDIDATE_EXISTS,88.74996,60.09996
3,21,random_both_unelevated,21,0,False,62,False,36,,36,36,36,36,61,FULL_ACCEPTED_CANDIDATE_EXISTS,78.327779,61.64998
4,5,random_both_unelevated,4,0,False,264,False,18,,18,18,18,18,261,FULL_ACCEPTED_CANDIDATE_EXISTS,84.69998,54.89998
4,5,random_both_unelevated,5,0,False,264,False,18,,18,18,18,18,261,FULL_ACCEPTED_CANDIDATE_EXISTS,84.52498,55.07498
4,6,random_both_unelevated,4,0,False,264,False,18,,18,18,18,18,261,FULL_ACCEPTED_CANDIDATE_EXISTS,84.69998,54.89998
4,6,random_both_unelevated,6,0,False,264,False,18,,18,18,18,18,261,FULL_ACCEPTED_CANDIDATE_EXISTS,84.34998,55.24998
5,6,random_both_unelevated,5,0,False,264,False,18,,18,18,18,18,261,FULL_ACCEPTED_CANDIDATE_EXISTS,84.52498,55.07498
5,6,random_both_unelevated,6,0,False,264,False,18,,18,18,18,18,261,FULL_ACCEPTED_CANDIDATE_EXISTS,84.34998,55.24998
7,8,random_both_unelevated,7,0,False,264,False,18,,18,18,18,18,261,FULL_ACCEPTED_CANDIDATE_EXISTS,84.17498,55.42498
7,8,random_both_unelevated,8,0,False,264,False,18,,18,18,18,18,261,FULL_ACCEPTED_CANDIDATE_EXISTS,83.99998,55.59998
7,13,random_both_unelevated,7,0,False,264,False,72,,72,72,60,60,261,FULL_ACCEPTED_CANDIDATE_EXISTS,103.27496,122.04996
7,13,random_both_unelevated,13,0,False,195,False,36,,36,36,36,36,192,FULL_ACCEPTED_CANDIDATE_EXISTS,60.42498,81.958239
8,13,random_both_unelevated,8,0,False,264,False,72,,72,72,60,60,261,FULL_ACCEPTED_CANDIDATE_EXISTS,103.27496,122.04996
8,13,random_both_unelevated,13,0,False,195,False,36,,36,36,36,36,192,FULL_ACCEPTED_CANDIDATE_EXISTS,60.59998,81.783239
9,10,random_both_unelevated,9,0,False,290,False,0,INSUFFICIENT_TRANSITION_SPACE,0,0,0,0,,NO_LEGAL_WINDOW_UNDER_CURRENT_RULES,0.69998,21.62496
9,10,random_both_unelevated,10,0,False,236,False,0,INSUFFICIENT_TRANSITION_SPACE,0,0,0,0,,NO_LEGAL_WINDOW_UNDER_CURRENT_RULES,2.930311,5.69998
9,11,random_both_unelevated,9,0,False,290,False,0,INSUFFICIENT_TRANSITION_SPACE,0,0,0,0,,NO_LEGAL_WINDOW_UNDER_CURRENT_RULES,0.69998,21.44996
9,11,random_both_unelevated,11,0,False,236,False,0,INSUFFICIENT_TRANSITION_SPACE,0,0,0,0,,NO_LEGAL_WINDOW_UNDER_CURRENT_RULES,2.537778,5.69998
10,11,random_both_unelevated,10,0,False,236,False,18,,18,18,18,18,236,FULL_ACCEPTED_CANDIDATE_EXISTS,7.17498,7.17498
10,11,random_both_unelevated,11,0,False,236,False,9,,9,9,9,9,225,FULL_ACCEPTED_CANDIDATE_EXISTS,6.99998,6.99998
12,14,random_both_unelevated,12,0,False,236,False,45,,45,45,45,45,225,FULL_ACCEPTED_CANDIDATE_EXISTS,27.74996,55.97496
12,14,random_both_unelevated,14,0,False,195,False,36,,36,36,36,36,192,FULL_ACCEPTED_CANDIDATE_EXISTS,130.558239,11.82498
12,15,random_both_unelevated,12,0,False,236,False,45,,45,45,45,45,225,FULL_ACCEPTED_CANDIDATE_EXISTS,27.57496,56.14996
12,15,random_both_unelevated,15,0,False,195,False,36,,36,36,36,36,192,FULL_ACCEPTED_CANDIDATE_EXISTS,130.558239,11.82498
14,26,random_both_unelevated,14,0,False,195,False,36,,36,36,36,36,192,FULL_ACCEPTED_CANDIDATE_EXISTS,63.74998,78.633239
14,26,random_both_unelevated,26,0,False,210,False,36,,36,36,36,36,207,FULL_ACCEPTED_CANDIDATE_EXISTS,118.12496,63.07496
34,303,single_elevated,34,1,True,47,False,0,NO_VALID_TRANSITION_WINDOW,0,0,0,0,,NO_LEGAL_WINDOW_UNDER_CURRENT_RULES,0.0,123.74998
34,303,single_elevated,303,0,False,286,False,0,INSUFFICIENT_TRANSITION_SPACE,0,0,0,0,,NO_LEGAL_WINDOW_UNDER_CURRENT_RULES,4.678844,247.646076
151,303,single_elevated,151,1,True,32,False,0,INSUFFICIENT_TRANSITION_SPACE,0,0,0,0,,NO_LEGAL_WINDOW_UNDER_CURRENT_RULES,1.17496,78.32496
151,303,single_elevated,303,0,False,286,False,27,,27,27,27,27,274,FULL_ACCEPTED_CANDIDATE_EXISTS,246.84994,5.47498
34,35,single_elevated,34,1,True,47,False,0,NO_VALID_TRANSITION_WINDOW,0,0,0,0,,NO_LEGAL_WINDOW_UNDER_CURRENT_RULES,0.0,29.57498
34,35,single_elevated,35,0,False,271,False,0,INSUFFICIENT_TRANSITION_SPACE,0,0,0,0,,NO_LEGAL_WINDOW_UNDER_CURRENT_RULES,1.136229,4.82498
177,347,single_elevated,177,1,True,50,False,0,INSUFFICIENT_TRANSITION_SPACE,0,0,0,0,,NO_LEGAL_WINDOW_UNDER_CURRENT_RULES,0.69998,114.37498
177,347,single_elevated,347,0,False,267,False,27,,27,27,27,24,250,FULL_ACCEPTED_CANDIDATE_EXISTS,4.99998,219.79994
177,437,single_elevated,177,1,True,50,False,0,NO_VALID_TRANSITION_WINDOW,0,0,0,0,,NO_LEGAL_WINDOW_UNDER_CURRENT_RULES,115.27498,0.0
177,437,single_elevated,437,0,False,264,False,27,,27,27,27,27,252,FULL_ACCEPTED_CANDIDATE_EXISTS,224.700003,4.974917
74,265,single_elevated,74,0,False,257,False,54,,54,54,54,54,254,FULL_ACCEPTED_CANDIDATE_EXISTS,191.596076,7.078844
74,265,single_elevated,265,1,True,47,False,0,INSUFFICIENT_TRANSITION_SPACE,0,0,0,0,,NO_LEGAL_WINDOW_UNDER_CURRENT_RULES,107.44996,2.22498
265,266,single_elevated,265,1,True,47,False,0,INSUFFICIENT_TRANSITION_SPACE,0,0,0,0,,NO_LEGAL_WINDOW_UNDER_CURRENT_RULES,2.22498,23.14996
265,266,single_elevated,266,0,False,257,False,0,INSUFFICIENT_TRANSITION_SPACE,0,0,0,0,,NO_LEGAL_WINDOW_UNDER_CURRENT_RULES,4.455311,7.22498
185,437,single_elevated,185,1,True,33,False,0,INSUFFICIENT_TRANSITION_SPACE,0,0,0,0,,NO_LEGAL_WINDOW_UNDER_CURRENT_RULES,87.74996,0.34998
185,437,single_elevated,437,0,False,264,False,27,,27,27,27,27,252,FULL_ACCEPTED_CANDIDATE_EXISTS,224.39772,5.2772
185,287,single_elevated,185,1,True,33,False,0,INSUFFICIENT_TRANSITION_SPACE,0,0,0,0,,NO_LEGAL_WINDOW_UNDER_CURRENT_RULES,87.74996,0.34998
185,287,single_elevated,287,0,False,256,False,27,,27,27,27,27,244,FULL_ACCEPTED_CANDIDATE_EXISTS,259.670712,5.304208
186,287,single_elevated,186,1,True,33,False,0,INSUFFICIENT_TRANSITION_SPACE,0,0,0,0,,NO_LEGAL_WINDOW_UNDER_CURRENT_RULES,87.92496,0.17498
186,287,single_elevated,287,0,False,256,False,27,,27,27,27,27,244,FULL_ACCEPTED_CANDIDATE_EXISTS,259.825003,5.149917
34,177,both_elevated,34,1,True,47,True,0,NO_VALID_TRANSITION_WINDOW,0,0,0,0,,NO_LEGAL_WINDOW_UNDER_CURRENT_RULES,6.788731,0.0
34,177,both_elevated,177,1,True,50,True,0,NO_VALID_TRANSITION_WINDOW,0,0,0,0,,NO_LEGAL_WINDOW_UNDER_CURRENT_RULES,0.0,0.0
177,185,both_elevated,177,1,True,50,False,0,NO_VALID_TRANSITION_WINDOW,0,0,0,0,,NO_LEGAL_WINDOW_UNDER_CURRENT_RULES,25.487182,0.0
177,185,both_elevated,185,1,True,33,False,0,INSUFFICIENT_TRANSITION_SPACE,0,0,0,0,,NO_LEGAL_WINDOW_UNDER_CURRENT_RULES,0.34998,0.34998
34,185,both_elevated,34,1,True,47,False,0,NO_VALID_TRANSITION_WINDOW,0,0,0,0,,NO_LEGAL_WINDOW_UNDER_CURRENT_RULES,33.394649,0.0
34,185,both_elevated,185,1,True,33,False,0,INSUFFICIENT_TRANSITION_SPACE,0,0,0,0,,NO_LEGAL_WINDOW_UNDER_CURRENT_RULES,0.34998,0.34998
151,152,both_elevated,151,1,True,32,False,0,INSUFFICIENT_TRANSITION_SPACE,0,0,0,0,,NO_LEGAL_WINDOW_UNDER_CURRENT_RULES,0.47498,0.47498
151,152,both_elevated,152,1,True,32,False,0,INSUFFICIENT_TRANSITION_SPACE,0,0,0,0,,NO_LEGAL_WINDOW_UNDER_CURRENT_RULES,0.29998,0.29998
151,153,both_elevated,151,1,True,32,False,0,INSUFFICIENT_TRANSITION_SPACE,0,0,0,0,,NO_LEGAL_WINDOW_UNDER_CURRENT_RULES,0.47498,0.47498
151,153,both_elevated,153,1,True,31,False,0,INSUFFICIENT_TRANSITION_SPACE,0,0,0,0,,NO_LEGAL_WINDOW_UNDER_CURRENT_RULES,0.12498,0.12498
152,153,both_elevated,152,1,True,32,False,0,INSUFFICIENT_TRANSITION_SPACE,0,0,0,0,,NO_LEGAL_WINDOW_UNDER_CURRENT_RULES,0.29998,0.29998
152,153,both_elevated,153,1,True,31,False,0,INSUFFICIENT_TRANSITION_SPACE,0,0,0,0,,NO_LEGAL_WINDOW_UNDER_CURRENT_RULES,0.12498,0.12498
265,436,both_elevated,265,1,True,47,False,18,,18,9,9,0,-1,BASIC_PASSES_FULL_NO_NET_GAIN,23.14996,86.32496
265,436,both_elevated,436,1,True,12,False,54,,54,27,27,9,9,FULL_ACCEPTED_CANDIDATE_EXISTS,7.22498,222.44994
273,274,both_elevated,273,1,True,13,False,18,,18,9,9,1,10,FULL_ACCEPTED_CANDIDATE_EXISTS,89.07498,50.52498
273,274,both_elevated,274,1,True,13,False,18,,18,9,9,1,10,FULL_ACCEPTED_CANDIDATE_EXISTS,88.89998,50.69998
273,275,both_elevated,273,1,True,13,False,18,,18,9,9,1,10,FULL_ACCEPTED_CANDIDATE_EXISTS,89.07498,50.52498
273,275,both_elevated,275,1,True,13,False,18,,18,9,9,1,10,FULL_ACCEPTED_CANDIDATE_EXISTS,88.72498,50.87498
274,275,both_elevated,274,1,True,13,False,18,,18,9,9,1,10,FULL_ACCEPTED_CANDIDATE_EXISTS,88.89998,50.69998
274,275,both_elevated,275,1,True,13,False,18,,18,9,9,1,10,FULL_ACCEPTED_CANDIDATE_EXISTS,88.72498,50.87498
