route_a,route_b,kind,x_mm,y_mm
0,31,touch,139.1,37.4
0,31,touch,139.1,37.4
1,24,touch,139.4,36.8
1,24,touch,139.4,36.8
2,30,touch,131.6,13.100000000000001
2,30,touch,131.6,13.100000000000001
2,38,touch,136.1,128.9
2,38,touch,136.1,128.9
3,32,touch,131.9,34.4
3,32,touch,131.9,34.4
3,39,touch,136.4,128.6
3,39,touch,136.4,128.6
4,57,touch,129.5,43.4
4,57,touch,129.5,43.4
4,58,touch,129.5,43.1
4,58,touch,129.5,43.1
4,255,touch,24.5,105.8
4,255,touch,24.5,105.8
5,58,touch,129.8,43.1
5,58,touch,129.8,43.1
5,190,touch,46.400000000000006,106.1
5,190,touch,46.400000000000006,106.1
5,226,touch,24.799999999999997,106.1
5,226,touch,24.8,106.1
6,131,touch,81.8,106.7
6,131,touch,81.8,106.7
6,227,touch,25.099999999999998,106.7
6,227,touch,25.1,106.7
7,86,touch,107.9,107.0
7,86,touch,107.9,107.0
7,228,touch,25.400000000000002,107.0
7,228,touch,25.4,107.0
8,87,touch,108.2,107.3
8,87,touch,108.2,107.3
9,17,touch,20.900000000000002,32.0
9,17,touch,20.9,32.0
9,47,touch,24.5,32.0
9,47,touch,24.5,32.0
9,57,touch,123.2,32.0
9,57,touch,123.2,32.0
10,87,touch,122.3,31.1
10,87,touch,122.3,31.1
11,88,touch,122.6,31.4
11,88,touch,122.6,31.4
12,56,touch,122.9,31.7
12,56,touch,122.9,31.7
16,182,touch,104.0,9.2
16,182,touch,104.0,9.2
17,53,touch,98.0,118.7
17,53,touch,98.0,118.7
18,135,touch,38.9,62.9
18,135,touch,38.9,62.9
18,201,touch,21.200000000000003,11.300000000000002
18,201,touch,21.2,11.300000000000004
19,143,touch,49.1,62.3
19,143,touch,49.1,62.3
19,229,touch,21.5,6.799999999999999
19,229,touch,21.5,6.799999999999997
28,146,touch,131.0,6.199999999999999
28,146,touch,131.0,6.2
28,189,touch,111.5,6.2
28,189,touch,111.5,6.199999999999999
29,85,touch,131.3,6.499999999999999
29,85,touch,131.3,6.5
29,188,touch,111.2,6.5
29,188,touch,111.2,6.499999999999999
30,187,touch,110.9,13.1
30,187,touch,110.9,13.099999999999998
31,163,touch,16.700000000000003,110.3
31,163,touch,16.7,110.3
32,167,touch,86.0,13.7
32,167,touch,86.0,13.7
32,195,touch,86.0,28.4
32,195,touch,86.0,28.4
33,196,touch,78.2,28.7
33,196,touch,78.2,28.7
33,250,touch,78.2,11.0
33,250,touch,78.2,11.0
34,235,touch,11.599999999999998,35.3
34,235,touch,11.6,35.3
35,220,touch,39.5,6.199999999999999
35,220,touch,39.5,6.199999999999999
36,57,touch,135.5,115.4
36,57,touch,135.5,115.4
36,94,touch,119.0,121.7
36,94,touch,119.0,121.7
36,95,touch,119.0,121.4
36,95,touch,119.0,121.4
37,58,touch,135.8,115.1
37,58,touch,135.8,115.1
37,93,touch,118.7,122.0
37,93,touch,118.7,122.0
37,96,touch,118.7,121.1
37,96,touch,118.7,121.1
38,98,touch,118.4,137.9
38,98,touch,118.4,137.9
39,97,touch,124.1,128.6
39,97,touch,124.1,128.6
40,129,touch,73.4,134.9
40,129,touch,73.4,134.9
41,128,touch,73.1,135.2
41,128,touch,73.1,135.2
42,127,touch,72.8,135.5
42,127,touch,72.8,135.5
43,71,touch,61.099999999999994,113.9
43,71,touch,61.1,113.9
43,85,touch,108.8,113.9
43,85,touch,108.8,113.9
44,178,touch,114.5,38.9
44,178,touch,114.5,38.9
44,234,touch,11.299999999999999,38.9
44,234,touch,11.3,38.9
45,150,touch,29.900000000000002,38.599999999999994
45,150,touch,29.9,38.599999999999994
46,248,touch,30.200000000000003,38.3
46,248,touch,30.2,38.3
47,59,touch,77.9,38.0
47,59,touch,77.9,38.0
47,92,touch,30.5,38.0
47,92,touch,30.5,38.0
48,84,touch,116.0,143.9
48,84,touch,116.0,143.9
48,98,touch,124.4,143.9
48,98,touch,124.4,143.9
48,206,touch,126.5,143.9
48,206,touch,126.5,143.9
49,83,touch,115.7,143.6
49,83,touch,115.7,143.6
49,101,touch,126.8,143.6
49,101,touch,126.8,143.6
50,82,touch,115.4,143.3
50,82,touch,115.4,143.3
50,102,touch,127.1,143.3
50,102,touch,127.1,143.3
51,81,touch,115.1,143.0
51,81,touch,115.1,143.0
51,103,touch,127.4,143.0
51,103,touch,127.4,143.0
52,68,touch,61.400000000000006,117.8
52,68,touch,61.4,117.8
53,104,touch,127.7,118.7
53,104,touch,127.7,118.7
54,154,touch,91.7,127.69999999999999
54,154,touch,91.7,127.7
54,178,touch,128.0,118.4
54,178,touch,128.0,118.4
55,153,touch,91.4,128.0
55,153,touch,91.4,128.0
59,202,touch,77.9,10.700000000000003
59,202,touch,77.9,10.7
60,85,touch,108.8,125.30000000000001
60,85,touch,108.8,125.3
60,107,touch,63.5,137.9
60,107,touch,63.5,137.9
60,141,touch,63.499999999999986,131.3
60,141,touch,63.5,131.3
61,88,touch,108.5,125.6
61,88,touch,108.5,125.6
61,108,touch,63.8,137.6
61,108,touch,63.8,137.6
61,140,touch,63.8,131.6
61,140,touch,63.8,131.6
62,128,touch,79.1,141.2
62,128,touch,79.1,141.2
62,244,touch,99.8,141.2
62,244,touch,99.8,141.2
63,127,touch,78.8,141.5
63,127,touch,78.8,141.5
63,243,touch,99.5,141.5
63,243,touch,99.5,141.5
64,115,touch,70.7,143.6
64,115,touch,70.7,143.6
64,131,touch,81.8,143.6
64,131,touch,81.8,143.6
65,116,touch,71.0,143.9
65,116,touch,71.0,143.9
65,130,touch,81.5,143.9
65,130,touch,81.5,143.9
66,122,touch,53.0,143.9
66,122,touch,53.0,143.9
66,223,touch,54.5,143.9
66,223,touch,54.5,143.9
67,75,touch,95.3,19.1
67,75,touch,95.3,19.1
67,95,touch,62.0,121.4
67,95,touch,62.0,121.4
68,115,touch,70.7,87.5
68,115,touch,70.7,87.5
68,116,touch,61.400000000000006,93.5
68,116,touch,61.4,93.5
69,96,touch,61.7,121.1
69,96,touch,61.7,121.1
69,203,touch,77.0,9.8
69,203,touch,77.0,9.8
70,211,touch,60.8,80.3
70,211,touch,60.8,80.3
70,224,touch,60.8,87.2
70,224,touch,60.8,87.2
71,212,touch,61.1,80.6
71,212,touch,61.1,80.6
71,250,touch,38.6,11.0
71,250,touch,38.6,11.0
72,179,touch,107.3,99.2
72,179,touch,107.3,99.2
72,183,touch,104.3,22.4
72,183,touch,104.3,22.4
73,184,touch,104.6,22.700000000000003
73,184,touch,104.6,22.7
74,132,touch,80.6,95.6
74,132,touch,80.6,95.6
75,196,touch,56.9,19.1
75,196,touch,56.9,19.1
76,177,touch,95.0,6.199999999999999
76,177,touch,95.0,6.2
77,100,touch,117.8,122.6
77,100,touch,117.8,122.6
77,253,touch,96.2,20.0
77,253,touch,96.2,20.0
78,156,touch,56.0,51.5
78,156,touch,56.0,51.5
79,157,touch,56.3,51.2
79,157,touch,56.3,51.2
80,99,touch,117.5,122.9
80,99,touch,117.5,122.9
81,190,touch,115.1,100.1
81,190,touch,115.1,100.1
82,130,touch,115.4,100.4
82,130,touch,115.4,100.4
82,165,touch,29.0,53.3
82,165,touch,29.0,53.3
83,131,touch,115.7,100.7
83,131,touch,115.7,100.7
83,166,touch,29.299999999999997,53.0
83,166,touch,29.3,53.0
84,86,touch,116.0,101.0
84,86,touch,116.0,101.0
84,162,touch,29.599999999999998,52.7
84,162,touch,29.6,52.7
86,178,touch,122.0,44.9
86,178,touch,122.0,44.9
86,198,touch,122.0,30.8
86,198,touch,122.0,30.8
87,246,touch,116.3,101.3
87,246,touch,116.3,101.3
88,247,touch,116.6,102.8
88,247,touch,116.6,102.8
89,180,touch,106.7,98.6
89,180,touch,106.7,98.6
90,181,touch,107.0,98.9
90,181,touch,107.0,98.9
90,205,touch,77.6,10.399999999999999
90,205,touch,77.6,10.399999999999999
90,247,touch,77.6,51.8
90,247,touch,77.6,51.8
93,135,touch,80.0,122.0
93,135,touch,80.0,122.0
93,153,touch,74.0,128.0
93,153,touch,74.0,128.0
94,134,touch,79.7,121.7
94,134,touch,79.7,121.7
94,154,touch,73.7,127.7
94,154,touch,73.7,127.7
97,137,touch,82.4,132.5
97,137,touch,82.4,132.5
97,152,touch,82.39999999999999,128.3
97,152,touch,82.4,128.3
98,139,touch,89.0,137.9
98,139,touch,89.0,137.9
99,139,touch,83.0,131.9
99,139,touch,83.0,131.9
99,155,touch,83.0,128.9
99,155,touch,83.0,128.9
100,138,touch,82.7,132.2
100,138,touch,82.7,132.2
100,151,touch,82.7,128.6
100,151,touch,82.7,128.6
101,254,touch,96.5,20.3
101,254,touch,96.5,20.3
102,190,touch,121.1,47.0
102,190,touch,121.1,47.0
102,193,touch,113.6,27.5
102,193,touch,113.6,27.5
103,130,touch,121.4,46.7
103,130,touch,121.4,46.7
103,197,touch,113.9,27.8
103,197,touch,113.9,27.8
104,131,touch,121.7,46.4
104,131,touch,121.7,46.4
104,194,touch,114.2,28.1
104,194,touch,114.2,28.1
105,233,touch,11.0,48.2
105,233,touch,11.0,48.2
106,221,touch,39.2,6.5
106,221,touch,39.2,6.5
107,157,touch,44.0,137.9
107,157,touch,44.0,137.9
108,156,touch,43.7,137.6
108,156,touch,43.7,137.6
109,248,touch,43.4,137.3
109,248,touch,43.4,137.3
110,159,touch,43.1,137.0
110,159,touch,43.1,137.0
111,180,touch,72.2,98.6
111,180,touch,72.2,98.6
111,251,touch,95.6,19.4
111,251,touch,95.6,19.4
112,126,touch,72.5,135.8
112,126,touch,72.5,135.8
112,252,touch,95.9,19.7
112,252,touch,95.9,19.7
113,204,touch,48.2,10.100000000000001
113,204,touch,48.2,10.100000000000001
113,216,touch,65.6,72.2
113,216,touch,65.6,72.2
114,203,touch,48.5,9.799999999999999
114,203,touch,48.5,9.799999999999997
114,217,touch,65.9,71.9
114,217,touch,65.9,71.9
118,146,touch,35.0,141.2
118,146,touch,35.0,141.2
118,215,touch,45.5,141.2
118,215,touch,45.5,141.2
119,147,touch,34.7,140.9
119,147,touch,34.7,140.9
119,199,touch,45.8,140.9
119,199,touch,45.8,140.9
120,150,touch,34.4,140.6
120,150,touch,34.4,140.6
120,200,touch,46.1,140.6
120,200,touch,46.1,140.6
121,190,touch,46.4,140.3
121,190,touch,46.4,140.3
121,245,touch,34.1,140.3
121,245,touch,34.1,140.3
122,252,touch,47.3,19.700000000000003
122,252,touch,47.3,19.700000000000003
123,251,touch,47.6,19.400000000000002
123,251,touch,47.6,19.400000000000006
124,205,touch,47.9,10.400000000000002
124,205,touch,47.9,10.400000000000006
125,155,touch,52.7,128.9
125,155,touch,52.7,128.9
125,240,touch,9.200000000000001,77.0
125,240,touch,9.2,77.0
126,158,touch,42.8,135.8
126,158,touch,42.8,135.8
127,164,touch,36.5,143.9
127,164,touch,36.5,143.9
128,149,touch,33.8,135.2
128,149,touch,33.8,135.2
129,148,touch,33.5,134.9
129,148,touch,33.5,134.9
129,155,touch,46.7,134.9
129,155,touch,46.7,134.9
135,147,touch,47.0,68.9
135,147,touch,47.0,68.9
135,202,touch,38.9,10.700000000000001
135,202,touch,38.9,10.700000000000003
144,155,touch,90.5,128.9
144,155,touch,90.5,128.9
144,241,touch,49.4,62.0
144,241,touch,49.4,62.0
145,151,touch,90.8,128.6
145,151,touch,90.8,128.6
145,199,touch,84.8,67.7
145,199,touch,84.8,67.7
145,208,touch,68.6,9.5
145,208,touch,68.6,9.5
145,242,touch,68.6,61.7
145,242,touch,68.6,61.7
147,253,touch,47.0,20.0
147,253,touch,47.0,20.0
148,238,touch,8.600000000000001,108.2
148,238,touch,8.6,108.2
152,225,touch,91.1,128.3
152,225,touch,91.1,128.3
162,181,touch,16.400000000000002,98.9
162,181,touch,16.4,98.9
163,188,touch,38.0,23.3
163,188,touch,38.0,23.3
164,216,touch,17.0,143.9
164,216,touch,17.0,143.9
167,219,touch,66.5,13.7
167,219,touch,66.5,13.7
168,198,touch,86.3,14.0
168,198,touch,86.3,14.0
168,218,touch,66.2,14.0
168,218,touch,66.2,14.0
169,193,touch,86.6,14.3
169,193,touch,86.6,14.3
169,217,touch,65.9,14.3
169,217,touch,65.9,14.3
170,192,touch,86.9,14.599999999999998
170,192,touch,86.9,14.6
170,216,touch,65.6,14.6
170,216,touch,65.6,14.599999999999998
171,221,touch,59.3,6.499999999999999
171,221,touch,59.3,6.5
172,182,touch,93.5,9.2
172,182,touch,93.5,9.2
172,191,touch,87.5,15.2
172,191,touch,87.5,15.2
172,209,touch,59.0,9.2
172,209,touch,59.0,9.2
172,220,touch,59.0,6.199999999999998
172,220,touch,59.0,6.2
173,208,touch,58.7,9.5
173,208,touch,58.7,9.5
174,203,touch,58.400000000000006,9.8
174,203,touch,58.4,9.8
175,204,touch,58.099999999999994,10.1
175,204,touch,58.1,10.1
176,183,touch,69.5,16.4
176,183,touch,69.5,16.4
176,205,touch,57.8,10.4
176,205,touch,57.8,10.4
177,184,touch,69.2,16.7
177,184,touch,69.2,16.7
177,238,touch,12.5,16.7
177,238,touch,12.5,16.7
178,195,touch,114.5,28.4
178,195,touch,114.5,28.4
179,192,touch,113.3,27.2
179,192,touch,113.3,27.2
181,191,touch,113.0,26.9
181,191,touch,113.0,26.9
183,228,touch,75.5,22.4
183,228,touch,75.5,22.4
184,227,touch,75.2,22.7
184,227,touch,75.2,22.7
185,237,touch,12.200000000000001,24.2
185,237,touch,12.2,24.2
186,236,touch,11.900000000000002,24.5
186,236,touch,11.9,24.5
187,255,touch,38.3,23.0
187,255,touch,38.3,23.0
194,209,touch,57.5,9.2
194,209,touch,57.5,9.2
195,208,touch,57.2,9.5
195,208,touch,57.2,9.5
197,226,touch,74.9,27.8
197,226,touch,74.9,27.8
200,225,touch,85.1,66.2
200,225,touch,85.1,66.2
204,225,touch,77.3,10.100000000000001
204,225,touch,77.3,10.100000000000001
209,210,touch,68.3,9.2
209,210,touch,68.3,9.2
215,229,touch,68.0,6.799999999999999
215,229,touch,68.0,6.8
218,255,touch,24.5,79.7
218,255,touch,24.5,79.7
