route_id,role,geometry,total_loss_db,base_loss_db,delta_vs_base_db,crossing_count,crossings_under_20deg
34,base_worst,u,5.062315605557341,5.078297843737668,-0.01598223818032718,139,2
44,d56_worst,freeform,3.6968304670631937,3.751205403848873,-0.054374936785679395,155,16
9,crossed_u,u,4.894369312445174,4.951036091492857,-0.056666779047683136,122,1
186,crossed_u,u,4.734684603006292,4.74019068281929,-0.005506079812998443,122,1
185,crossed_u,u,4.728982300319263,4.7217799976322326,0.007202302687030482,122,1
177,crossed_u,u,4.532577554468931,4.536922850761481,-0.004345296292550316,114,0
43,crossed_u,u,4.8336193264928005,4.834077638754694,-0.0004583122618937452,114,6
35,crossed_u,u,4.81182751232605,4.815696594060763,-0.00386908173471312,111,1
52,crossed_u,u,4.737155131084688,4.740214580642469,-0.0030594495577807024,109,4
10,crossed_u,u,4.698041918448568,4.718577610659439,-0.02053569221087148,100,0
11,crossed_u,u,4.699131148975747,4.721303783074395,-0.022172634098648558,100,0
