route_id,pass_type,geometry,radius,alpha_deg,t0_fraction,scenario_max_db,scenario_gain_db,mean_delta_db,max_delta_db,protected_max_delta_db,protected_worst_route,accepted,reasons
177,below,u,6.0,0.0,0.5,5.685429281765157,0.04095858619062387,-0.00018368732036622148,0.0,0.0,34,True,[]
290,above,u,6.0,0.0,0.5,5.6822211240271665,0.003208157737990547,-4.2620165816575906e-05,0.0,0.0,34,True,[]
34,below,u,6.0,0.0,0.5,5.794715297071455,-0.1124941730442881,0.00011525763040776127,0.03475595338435422,0.03475595338435422,34,False,"['max_worse', 'protected_worse_34', 'scenario_not_improved']"
34,below,u,6.0,0.0,0.5,5.782137987360611,-0.09991686333344418,0.0001298132932081586,0.0411072030612587,0.0411072030612587,34,False,"['max_worse', 'protected_worse_34', 'scenario_not_improved']"
34,below,u,6.0,0.0,0.5,5.823244965659835,-0.14102384163266812,0.00017010813775542033,0.05054768326534287,0.05054768326534287,34,False,"['max_worse', 'protected_worse_34', 'scenario_not_improved']"
34,below,u,6.0,0.0,0.5,5.780256956714307,-0.09803583268714089,0.00014090433925950663,0.04482151085038755,0.04482151085038755,34,False,"['max_worse', 'protected_worse_34', 'scenario_not_improved']"
291,above,u,6.0,0.0,0.5,5.74265560870401,-0.060434484676843425,3.501679986461781e-05,0.0,0.0,34,False,['scenario_not_improved']
291,above,u,6.0,0.0,0.5,5.73938180921422,-0.05716068518705342,2.0647290072339786e-05,0.0,0.0003868997448952527,265,False,"['protected_worse_265', 'scenario_not_improved']"
291,above,u,6.0,0.0,0.5,5.703131767071339,-0.02091064304417234,9.765762184255067e-06,0.0,0.0008928390816222986,265,False,"['protected_worse_265', 'scenario_not_improved']"
291,above,u,6.0,0.0,0.5,5.6839352913400205,-0.0017141673128540091,6.775481671184025e-05,0.0,0.0011904521088297315,265,False,"['protected_worse_265', 'scenario_not_improved']"
265,above,u,6.0,0.0,0.5,5.6822211240271665,0.0,0.00025727795486574223,0.0,0.09211315644561324,265,False,"['protected_worse_265', 'scenario_not_improved']"
265,above,u,6.0,0.0,0.5,5.6822211240271665,0.0,0.0003040364583335453,0.0,0.10233333333333317,265,False,"['protected_worse_265', 'scenario_not_improved']"
265,above,u,6.0,0.0,0.5,5.8110008698774935,-0.12877974585032703,0.00038232452055453336,0.0,0.11887507726194979,265,False,"['protected_worse_265', 'scenario_not_improved']"
265,above,u,6.0,0.0,0.5,5.6822211240271665,0.0,0.00028734239550187723,0.0,0.09893465324837436,265,False,"['protected_worse_265', 'scenario_not_improved']"
190,below2above,freeform,6.0,30.0,1.0,5.6822211240271665,0.0,-0.00042759572053086004,0.0,8.928671768781982e-05,151,False,"['protected_worse_154', 'protected_worse_153', 'protected_worse_151', 'protected_worse_152', 'scenario_not_improved']"
190,below2above,freeform,6.0,30.0,0.5,5.6822211240271665,0.0,-0.0002882036412499289,0.0,8.928671768781982e-05,151,False,"['protected_worse_154', 'protected_worse_153', 'protected_worse_151', 'protected_worse_152', 'scenario_not_improved']"
190,below2above,freeform,6.0,30.0,0.0,5.6822211240271665,0.0,0.0,0.0,0.0,34,False,['scenario_not_improved']
190,below2above,freeform,6.0,45.0,0.5,5.682042550591791,0.00017857343537563963,0.0003344778134373172,-0.00017857343537475145,0.0,151,True,[]
361,below2above,freeform,6.0,45.0,0.5,5.682072303465936,-2.9752874144861607e-05,-0.00010631442615016695,2.975287414397343e-05,0.0015178461054361492,265,False,"['max_worse', 'protected_worse_34', 'protected_worse_265', 'scenario_not_improved']"
361,below2above,freeform,6.0,30.0,0.5,5.682042550591791,0.0,-7.266091205604397e-05,0.0,0.0,34,False,['scenario_not_improved']
361,below2above,freeform,6.0,30.0,1.0,5.682042550591791,0.0,-2.720410780687743e-05,0.0,0.0,34,False,['scenario_not_improved']
361,below2above,freeform,6.0,30.0,0.0,5.682042550591791,0.0,0.0,0.0,0.0,34,False,['scenario_not_improved']
402,above2below,freeform,6.0,-60.0,0.5,5.677994923516956,0.004047627074834637,-0.0003166135430778816,-0.004047627074834637,0.02252978096939895,287,False,['protected_worse_287']
402,above2below,freeform,6.0,-60.0,1.0,5.6789770774115205,0.003065473180270395,-0.00023941974710695035,-0.003065473180270395,0.0,151,True,[]
105,above2below,freeform,6.0,-60.0,0.0,5.639185347530531,0.03979172988098956,-0.00046679790257186937,-0.012529780969399162,0.0,151,True,[]
154,above,u,6.0,0.0,0.5,5.639941132343358,-0.0007557848128270095,0.0009383847755239927,0.0,0.32685150253419337,154,False,"['protected_worse_154', 'protected_worse_265', 'scenario_not_improved']"
154,above,u,6.0,0.0,0.5,5.640923258142667,-0.0017379106121362398,0.0009268056951539094,0.0,0.32476225795938696,154,False,"['protected_worse_154', 'protected_worse_265', 'scenario_not_improved']"
154,above,u,6.0,0.0,0.5,5.640536358397773,-0.0013510108672418752,0.0009188303798635111,0.0,0.3235955772450936,154,False,"['protected_worse_154', 'protected_worse_265', 'scenario_not_improved']"
154,above,u,6.0,0.0,0.5,5.641339938856961,-0.0021545913264304772,0.0009163189330232413,0.0,0.32382764685389454,154,False,"['protected_worse_154', 'protected_worse_265', 'scenario_not_improved']"
35,below,u,6.0,0.0,0.5,5.67353055953732,-0.03434521200678908,0.0001957542704347226,0.010535720306125818,0.010535720306125818,34,False,"['max_worse', 'protected_worse_34', 'scenario_not_improved']"
35,below,u,6.0,0.0,0.5,5.688947324537376,-0.04976197700684537,0.0001819660909596621,0.014404773945585703,0.014404773945585703,34,False,"['max_worse', 'protected_worse_34', 'scenario_not_improved']"
35,below,u,6.0,0.0,0.5,5.707459259401339,-0.06827391187080778,0.00020073021431255,0.017797641122461627,0.017797641122461627,34,False,"['max_worse', 'protected_worse_34', 'scenario_not_improved']"
35,below,u,6.0,0.0,0.5,5.708262839860527,-0.06907749232999638,0.0002039157387332402,0.018601221581651117,0.018601221581651117,34,False,"['max_worse', 'protected_worse_34', 'scenario_not_improved']"
