scheme,factor,mean_loss_db,p95_loss_db,max_loss_db
base,1.0,3.2946845970804954,4.900387327122134,5.499482735795704
base,2.0,3.401037010976443,4.918791707734161,5.54516733285357
base,5.0,3.7200942526642864,5.045589854571199,5.726387867955781
base,10.0,4.251856322144025,6.092648928302242,8.433297964612663
spacing,1.0,3.362347908300082,5.032851578720756,5.540917276663061
spacing,2.0,3.477956864044262,5.09078025048952,5.579786386493028
spacing,5.0,3.8247837312768023,5.35341721344874,5.96571203571666
spacing,10.0,4.402828509997702,6.149935818126038,7.869214381312988
small,1.0,3.3491921452261932,4.917804078074564,5.474137706408069
small,2.0,3.394037101675915,4.926363611918108,5.513006816238036
small,5.0,3.5285719710250816,5.014572134894407,5.62961414572794
small,10.0,3.7527967532736923,5.2518226406089825,7.482895209021433
touch,1.0,3.2946845970804954,4.900387327122134,5.499482735795704
touch,2.0,3.401037010976443,4.918791707734161,5.54516733285357
touch,5.0,3.7200942526642864,5.045589854571199,5.726387867955781
touch,10.0,4.251856322144025,6.092648928302242,8.433297964612663
both,1.0,3.402775952884692,4.997988562751412,5.487679211527023
both,2.0,3.4504223687775104,5.030738640013363,5.494494698754921
both,5.0,3.5933616164559643,5.120928860336346,6.194599763914151
both,10.0,3.8315936959200543,5.366753827890911,8.576149610514074
opt_base,1.0,3.293626370611567,4.907631415880663,5.465375546782072
opt_base,2.0,3.3965291909273154,4.915702758159523,5.491625588924954
opt_base,5.0,3.705237651874561,5.044500785591731,5.633958978448794
opt_base,10.0,4.219751753453303,5.82833968746154,8.499589075052326
