route_id,radius_D56_mm,radius_F56_mm,same_radius,geometry_D56,geometry_F56
0,6.0,6.0,True,u,freeform
1,6.0,6.0,True,u,freeform
2,6.0,6.0,True,u,freeform
3,6.0,6.0,True,u,freeform
4,6.0,6.0,True,u,freeform
5,6.0,6.0,True,u,freeform
6,6.0,6.0,True,u,freeform
7,6.0,6.0,True,u,freeform
8,6.0,6.0,True,u,freeform
9,6.0,6.0,True,u,u
10,6.0,6.0,True,u,u
11,6.0,6.0,True,u,u
12,6.0,6.0,True,u,u
13,6.0,6.0,True,u,freeform
14,6.0,6.0,True,u,freeform
15,6.0,6.0,True,u,freeform
16,6.0,6.0,True,u,freeform
17,6.0,6.0,True,u,freeform
18,6.0,6.0,True,u,freeform
19,6.0,6.0,True,u,freeform
20,6.0,6.0,True,u,freeform
21,6.0,6.0,True,u,freeform
22,6.0,6.0,True,u,freeform
23,6.0,6.0,True,u,freeform
24,6.0,6.0,True,u,freeform
25,6.0,6.0,True,u,freeform
26,6.0,6.0,True,u,freeform
27,6.0,6.0,True,u,freeform
28,6.0,6.0,True,u,u
29,6.0,6.0,True,u,u
30,6.0,6.0,True,u,u
31,6.0,6.0,True,u,freeform
32,6.0,6.0,True,u,u
33,6.0,6.0,True,u,u
34,6.0,6.0,True,u,u
35,6.0,6.0,True,u,u
36,6.0,6.0,True,u,u
37,6.0,6.0,True,u,u
38,6.0,6.0,True,u,u
39,6.0,6.0,True,u,u
40,6.0,6.0,True,u,u
41,6.0,6.0,True,u,u
42,6.0,6.0,True,u,u
43,6.0,6.0,True,u,u
44,6.0,6.0,True,u,freeform
45,6.0,6.0,True,u,freeform
46,6.0,6.0,True,u,freeform
47,6.0,6.0,True,u,freeform
48,6.0,6.0,True,u,u
49,6.0,6.0,True,u,u
50,6.0,6.0,True,u,u
51,6.0,6.0,True,u,u
52,6.0,6.0,True,u,u
53,6.0,6.0,True,u,u
54,6.0,6.0,True,u,u
55,6.0,6.0,True,u,u
56,6.0,6.0,True,u,freeform
57,6.0,6.0,True,u,freeform
58,6.0,6.0,True,u,freeform
59,6.0,6.0,True,u,freeform
60,5.0,5.0,True,u,u
61,5.0,5.0,True,u,u
62,6.0,6.0,True,u,u
63,6.0,6.0,True,u,u
64,6.0,6.0,True,u,u
65,6.0,6.0,True,u,u
66,6.0,6.0,True,u,u
67,6.0,6.0,True,u,freeform
68,6.0,6.0,True,u,freeform
69,6.0,6.0,True,u,freeform
70,6.0,6.0,True,u,freeform
71,6.0,6.0,True,u,freeform
72,6.0,6.0,True,u,freeform
73,6.0,6.0,True,u,freeform
74,6.0,6.0,True,u,freeform
75,6.0,6.0,True,u,u
76,6.0,6.0,True,u,u
77,6.0,6.0,True,u,freeform
78,6.0,6.0,True,u,freeform
79,6.0,6.0,True,u,freeform
80,6.0,6.0,True,u,freeform
81,6.0,6.0,True,u,freeform
82,6.0,6.0,True,u,freeform
83,6.0,6.0,True,u,freeform
84,6.0,6.0,True,u,freeform
85,6.0,6.0,True,u,freeform
86,6.0,6.0,True,u,freeform
87,6.0,6.0,True,u,freeform
88,6.0,6.0,True,u,freeform
89,6.0,6.0,True,u,freeform
90,6.0,6.0,True,u,freeform
91,6.0,6.0,True,u,freeform
92,6.0,6.0,True,u,freeform
93,6.0,6.0,True,u,u
94,6.0,6.0,True,u,u
95,6.0,6.0,True,u,u
96,6.0,6.0,True,u,u
97,6.0,6.0,True,u,u
98,6.0,6.0,True,u,u
99,6.0,6.0,True,u,u
100,6.0,6.0,True,u,u
101,6.0,6.0,True,u,freeform
102,6.0,6.0,True,u,freeform
103,6.0,6.0,True,u,freeform
104,6.0,6.0,True,u,freeform
105,6.0,6.0,True,u,freeform
106,6.0,6.0,True,u,freeform
107,6.0,6.0,True,u,u
108,6.0,6.0,True,u,u
109,6.0,6.0,True,u,u
110,6.0,6.0,True,u,u
111,6.0,6.0,True,u,freeform
112,6.0,6.0,True,u,freeform
113,6.0,6.0,True,u,freeform
114,6.0,6.0,True,u,freeform
115,6.0,6.0,True,u,freeform
116,6.0,6.0,True,u,freeform
117,6.0,6.0,True,u,freeform
118,6.0,6.0,True,u,u
119,6.0,6.0,True,u,u
120,6.0,6.0,True,u,u
121,6.0,6.0,True,u,u
122,6.0,6.0,True,u,freeform
123,6.0,6.0,True,u,freeform
124,6.0,6.0,True,u,freeform
125,6.0,6.0,True,u,freeform
126,6.0,6.0,True,u,u
127,6.0,6.0,True,u,u
128,6.0,6.0,True,u,u
129,6.0,6.0,True,u,u
130,6.0,6.0,True,u,freeform
131,6.0,6.0,True,u,freeform
132,6.0,6.0,True,u,freeform
133,6.0,6.0,True,u,freeform
134,6.0,6.0,True,u,freeform
135,6.0,6.0,True,u,freeform
136,6.0,6.0,True,u,u
137,6.0,6.0,True,u,u
138,6.0,6.0,True,u,u
139,6.0,6.0,True,u,u
140,6.0,6.0,True,u,u
141,6.0,6.0,True,u,u
142,6.0,6.0,True,u,u
143,6.0,6.0,True,u,freeform
144,6.0,6.0,True,u,freeform
145,6.0,6.0,True,u,freeform
146,6.0,6.0,True,u,freeform
147,6.0,6.0,True,u,freeform
148,6.0,6.0,True,u,freeform
149,6.0,6.0,True,u,freeform
150,6.0,6.0,True,u,freeform
151,6.0,6.0,True,u,u
152,6.0,6.0,True,u,u
153,6.0,6.0,True,u,u
154,6.0,6.0,True,u,u
155,6.0,6.0,True,u,u
156,6.0,6.0,True,u,freeform
157,6.0,6.0,True,u,freeform
158,6.0,6.0,True,u,freeform
159,6.0,6.0,True,u,freeform
160,6.0,6.0,True,u,freeform
161,6.0,6.0,True,u,freeform
162,6.0,6.0,True,u,freeform
163,6.0,6.0,True,u,freeform
164,6.0,6.0,True,u,u
165,6.0,6.0,True,u,freeform
166,6.0,6.0,True,u,freeform
167,6.0,6.0,True,u,u
168,6.0,6.0,True,u,u
169,6.0,6.0,True,u,u
170,6.0,6.0,True,u,u
171,6.0,6.0,True,u,u
172,6.0,6.0,True,u,u
173,6.0,6.0,True,u,u
174,6.0,6.0,True,u,u
175,6.0,6.0,True,u,u
176,6.0,6.0,True,u,u
177,6.0,6.0,True,u,u
178,6.0,6.0,True,u,freeform
179,6.0,6.0,True,u,freeform
180,6.0,6.0,True,u,freeform
181,6.0,6.0,True,u,freeform
182,6.0,6.0,True,u,u
183,6.0,6.0,True,u,u
184,6.0,6.0,True,u,u
185,6.0,6.0,True,u,u
186,6.0,6.0,True,u,u
187,6.0,6.0,True,u,u
188,6.0,6.0,True,u,u
189,6.0,6.0,True,u,u
190,6.0,6.0,True,u,freeform
191,6.0,6.0,True,u,u
192,6.0,6.0,True,u,u
193,6.0,6.0,True,u,u
194,6.0,6.0,True,u,u
195,6.0,6.0,True,u,u
196,6.0,6.0,True,u,u
197,6.0,6.0,True,u,u
198,6.0,6.0,True,u,u
199,6.0,6.0,True,u,freeform
200,6.0,6.0,True,u,freeform
201,6.0,6.0,True,u,u
202,6.0,6.0,True,u,u
203,6.0,6.0,True,u,u
204,6.0,6.0,True,u,u
205,6.0,6.0,True,u,u
206,6.0,6.0,True,u,freeform
207,6.0,6.0,True,u,freeform
208,6.0,6.0,True,u,u
209,6.0,6.0,True,u,u
210,6.0,6.0,True,u,freeform
211,6.0,6.0,True,u,freeform
212,6.0,6.0,True,u,freeform
213,6.0,6.0,True,u,freeform
214,6.0,6.0,True,u,freeform
215,6.0,6.0,True,u,freeform
216,6.0,6.0,True,u,freeform
217,6.0,6.0,True,u,freeform
218,6.0,6.0,True,u,freeform
219,6.0,6.0,True,u,freeform
220,6.0,6.0,True,u,u
221,6.0,6.0,True,u,u
222,6.0,6.0,True,u,freeform
223,6.0,6.0,True,u,freeform
224,6.0,6.0,True,u,freeform
225,6.0,6.0,True,u,freeform
226,6.0,6.0,True,u,freeform
227,6.0,6.0,True,u,freeform
228,6.0,6.0,True,u,freeform
229,6.0,6.0,True,u,u
230,6.0,6.0,True,u,freeform
231,6.0,6.0,True,u,freeform
232,6.0,6.0,True,u,freeform
233,6.0,6.0,True,u,freeform
234,6.0,6.0,True,u,freeform
235,6.0,6.0,True,u,freeform
236,6.0,6.0,True,u,freeform
237,6.0,6.0,True,u,freeform
238,6.0,6.0,True,u,freeform
239,6.0,6.0,True,u,freeform
240,6.0,6.0,True,u,freeform
241,6.0,6.0,True,u,freeform
242,6.0,6.0,True,u,freeform
243,6.0,6.0,True,u,freeform
244,6.0,6.0,True,u,freeform
245,6.0,6.0,True,u,freeform
246,6.0,6.0,True,u,freeform
247,6.0,6.0,True,u,freeform
248,6.0,6.0,True,u,freeform
249,6.0,6.0,True,u,u
250,6.0,6.0,True,u,u
251,6.0,6.0,True,u,u
252,6.0,6.0,True,u,u
253,6.0,6.0,True,u,u
254,6.0,6.0,True,u,u
255,6.0,6.0,True,u,freeform
256,6.0,6.0,True,u,freeform
257,6.0,6.0,True,u,freeform
258,6.0,6.0,True,u,freeform
259,6.0,6.0,True,u,freeform
260,6.0,6.0,True,u,freeform
261,6.0,6.0,True,u,freeform
262,6.0,6.0,True,u,freeform
263,6.0,6.0,True,u,freeform
264,6.0,6.0,True,u,freeform
265,6.0,6.0,True,u,u
266,6.0,6.0,True,u,u
267,6.0,6.0,True,u,u
268,6.0,6.0,True,u,u
269,6.0,6.0,True,u,freeform
270,6.0,6.0,True,u,freeform
271,6.0,6.0,True,u,freeform
272,6.0,6.0,True,u,freeform
273,6.0,6.0,True,u,freeform
274,6.0,6.0,True,u,freeform
275,6.0,6.0,True,u,freeform
276,6.0,6.0,True,u,freeform
277,6.0,6.0,True,u,freeform
278,6.0,6.0,True,u,freeform
279,6.0,6.0,True,u,freeform
280,6.0,6.0,True,u,freeform
281,6.0,6.0,True,u,freeform
282,6.0,6.0,True,u,freeform
283,6.0,6.0,True,u,freeform
284,6.0,6.0,True,u,u
285,6.0,6.0,True,u,u
286,6.0,6.0,True,u,u
287,6.0,6.0,True,u,freeform
288,6.0,6.0,True,u,u
289,6.0,6.0,True,u,u
290,6.0,6.0,True,u,u
291,6.0,6.0,True,u,u
292,6.0,6.0,True,u,u
293,6.0,6.0,True,u,u
294,6.0,6.0,True,u,u
295,6.0,6.0,True,u,u
296,6.0,6.0,True,u,u
297,6.0,6.0,True,u,u
298,6.0,6.0,True,u,u
299,6.0,6.0,True,u,u
300,6.0,6.0,True,u,freeform
301,6.0,6.0,True,u,freeform
302,6.0,6.0,True,u,freeform
303,6.0,6.0,True,u,freeform
304,6.0,6.0,True,u,u
305,6.0,6.0,True,u,u
306,6.0,6.0,True,u,u
307,6.0,6.0,True,u,u
308,6.0,6.0,True,u,u
309,6.0,6.0,True,u,u
310,6.0,6.0,True,u,u
311,6.0,6.0,True,u,u
312,6.0,6.0,True,u,freeform
313,6.0,6.0,True,u,freeform
314,6.0,6.0,True,u,freeform
315,6.0,6.0,True,u,freeform
316,6.0,6.0,True,u,u
317,6.0,6.0,True,u,u
318,6.0,6.0,True,u,u
319,6.0,6.0,True,u,u
320,6.0,6.0,True,u,u
321,6.0,6.0,True,u,u
322,6.0,6.0,True,u,u
323,6.0,6.0,True,u,freeform
324,6.0,6.0,True,u,freeform
325,6.0,6.0,True,u,freeform
326,6.0,6.0,True,u,freeform
327,6.0,6.0,True,u,freeform
328,6.0,6.0,True,u,freeform
329,6.0,6.0,True,u,freeform
330,6.0,6.0,True,u,freeform
331,6.0,6.0,True,u,u
332,6.0,6.0,True,u,u
333,6.0,6.0,True,u,freeform
334,6.0,6.0,True,u,freeform
335,6.0,6.0,True,u,freeform
336,6.0,6.0,True,u,freeform
337,6.0,6.0,True,u,freeform
338,6.0,6.0,True,u,freeform
339,6.0,6.0,True,u,freeform
340,6.0,6.0,True,u,freeform
341,6.0,6.0,True,u,freeform
342,6.0,6.0,True,u,freeform
343,6.0,6.0,True,u,freeform
344,6.0,6.0,True,u,freeform
345,6.0,6.0,True,u,freeform
346,6.0,6.0,True,u,freeform
347,6.0,6.0,True,u,freeform
348,6.0,6.0,True,u,freeform
349,6.0,6.0,True,u,u
350,6.0,6.0,True,u,u
351,6.0,6.0,True,u,u
352,6.0,6.0,True,u,u
353,6.0,6.0,True,u,u
354,6.0,6.0,True,u,u
355,6.0,6.0,True,u,u
356,6.0,6.0,True,u,u
357,6.0,6.0,True,u,freeform
358,6.0,6.0,True,u,freeform
359,6.0,6.0,True,u,freeform
360,6.0,6.0,True,u,freeform
361,6.0,6.0,True,u,freeform
362,6.0,6.0,True,u,freeform
363,6.0,6.0,True,u,u
364,6.0,6.0,True,u,u
365,6.0,6.0,True,u,u
366,6.0,6.0,True,u,u
367,6.0,6.0,True,u,freeform
368,6.0,6.0,True,u,freeform
369,6.0,6.0,True,u,freeform
370,6.0,6.0,True,u,freeform
371,6.0,6.0,True,u,freeform
372,6.0,6.0,True,u,freeform
373,6.0,6.0,True,u,freeform
374,6.0,6.0,True,u,u
375,6.0,6.0,True,u,u
376,6.0,6.0,True,u,u
377,6.0,6.0,True,u,u
378,6.0,6.0,True,u,freeform
379,6.0,6.0,True,u,freeform
380,6.0,6.0,True,u,freeform
381,6.0,6.0,True,u,freeform
382,6.0,6.0,True,u,u
383,6.0,6.0,True,u,u
384,6.0,6.0,True,u,u
385,6.0,6.0,True,u,u
386,6.0,6.0,True,u,freeform
387,6.0,6.0,True,u,freeform
388,6.0,6.0,True,u,freeform
389,6.0,6.0,True,u,freeform
390,6.0,6.0,True,u,freeform
391,6.0,6.0,True,u,freeform
392,6.0,6.0,True,u,u
393,6.0,6.0,True,u,u
394,6.0,6.0,True,u,u
395,6.0,6.0,True,u,u
396,6.0,6.0,True,u,u
397,6.0,6.0,True,u,u
398,6.0,6.0,True,u,u
399,6.0,6.0,True,u,freeform
400,6.0,6.0,True,u,freeform
401,6.0,6.0,True,u,freeform
402,6.0,6.0,True,u,freeform
403,6.0,6.0,True,u,freeform
404,6.0,6.0,True,u,freeform
405,6.0,6.0,True,u,freeform
406,6.0,6.0,True,u,freeform
407,6.0,6.0,True,u,u
408,6.0,6.0,True,u,u
409,6.0,6.0,True,u,u
410,6.0,6.0,True,u,u
411,6.0,6.0,True,u,u
412,6.0,6.0,True,u,freeform
413,6.0,6.0,True,u,freeform
414,6.0,6.0,True,u,freeform
415,6.0,6.0,True,u,freeform
416,6.0,6.0,True,u,freeform
417,6.0,6.0,True,u,freeform
418,6.0,6.0,True,u,freeform
419,6.0,6.0,True,u,freeform
420,6.0,6.0,True,u,u
421,6.0,6.0,True,u,freeform
422,6.0,6.0,True,u,freeform
423,6.0,6.0,True,u,u
424,6.0,6.0,True,u,u
425,6.0,6.0,True,u,u
426,6.0,6.0,True,u,u
427,6.0,6.0,True,u,u
428,6.0,6.0,True,u,u
429,6.0,6.0,True,u,u
430,6.0,6.0,True,u,u
431,6.0,6.0,True,u,u
432,6.0,6.0,True,u,u
433,6.0,6.0,True,u,u
434,6.0,6.0,True,u,freeform
435,6.0,6.0,True,u,freeform
436,6.0,6.0,True,u,freeform
437,6.0,6.0,True,u,freeform
438,6.0,6.0,True,u,u
439,6.0,6.0,True,u,u
440,6.0,6.0,True,u,u
441,6.0,6.0,True,u,u
442,6.0,6.0,True,u,u
443,6.0,6.0,True,u,u
444,6.0,6.0,True,u,u
445,6.0,6.0,True,u,u
446,6.0,6.0,True,u,freeform
447,6.0,6.0,True,u,u
448,6.0,6.0,True,u,u
449,6.0,6.0,True,u,u
450,6.0,6.0,True,u,u
451,6.0,6.0,True,u,u
452,6.0,6.0,True,u,u
453,6.0,6.0,True,u,u
454,6.0,6.0,True,u,u
455,6.0,6.0,True,u,freeform
456,6.0,6.0,True,u,freeform
457,6.0,6.0,True,u,u
458,6.0,6.0,True,u,u
459,6.0,6.0,True,u,u
460,6.0,6.0,True,u,u
461,6.0,6.0,True,u,u
462,6.0,6.0,True,u,freeform
463,6.0,6.0,True,u,freeform
464,6.0,6.0,True,u,u
465,6.0,6.0,True,u,u
466,6.0,6.0,True,u,freeform
467,6.0,6.0,True,u,freeform
468,6.0,6.0,True,u,freeform
469,6.0,6.0,True,u,freeform
470,6.0,6.0,True,u,freeform
471,6.0,6.0,True,u,freeform
472,6.0,6.0,True,u,freeform
473,6.0,6.0,True,u,freeform
474,6.0,6.0,True,u,freeform
475,6.0,6.0,True,u,freeform
476,6.0,6.0,True,u,u
477,6.0,6.0,True,u,u
478,6.0,6.0,True,u,freeform
479,6.0,6.0,True,u,freeform
480,6.0,6.0,True,u,freeform
481,6.0,6.0,True,u,freeform
482,6.0,6.0,True,u,freeform
483,6.0,6.0,True,u,freeform
484,6.0,6.0,True,u,freeform
485,6.0,6.0,True,u,u
486,6.0,6.0,True,u,freeform
487,6.0,6.0,True,u,freeform
488,6.0,6.0,True,u,freeform
489,6.0,6.0,True,u,freeform
490,6.0,6.0,True,u,freeform
491,6.0,6.0,True,u,freeform
492,6.0,6.0,True,u,freeform
493,6.0,6.0,True,u,freeform
494,6.0,6.0,True,u,freeform
495,6.0,6.0,True,u,freeform
496,6.0,6.0,True,u,freeform
497,6.0,6.0,True,u,freeform
498,6.0,6.0,True,u,freeform
499,6.0,6.0,True,u,freeform
500,6.0,6.0,True,u,freeform
501,6.0,6.0,True,u,freeform
502,6.0,6.0,True,u,freeform
503,6.0,6.0,True,u,freeform
504,6.0,6.0,True,u,freeform
505,6.0,6.0,True,u,u
506,6.0,6.0,True,u,u
507,6.0,6.0,True,u,u
508,6.0,6.0,True,u,u
509,6.0,6.0,True,u,u
510,6.0,6.0,True,u,u
511,6.0,6.0,True,u,freeform
