scheme,factor,mean_loss_db,p95_loss_db,max_loss_db,sum_loss_db,mean_delta_vs_factor1_db,max_delta_vs_factor1_db
A,1.0,5.516158032801802,6.350961440668535,6.577294809120937,2824.2729127945254,0.0,0.0
A,2.0,5.516158032801802,6.350961440668535,6.577294809120937,2824.2729127945254,0.0,0.0
A,5.0,5.516158032801802,6.350961440668535,6.577294809120937,2824.2729127945254,0.0,0.0
A,10.0,5.516158032801802,6.350961440668535,6.577294809120937,2824.2729127945254,0.0,0.0
R5U,1.0,5.51671879051193,6.34838404667193,6.578009102862438,2824.560020742109,0.0,0.0
R5U,2.0,5.518032849447344,6.34838404667193,6.578009102862438,2825.2328189170403,0.001314058935414586,0.0
R5U,5.0,5.521975026253588,6.34838404667193,6.578009102862438,2827.251213441837,0.005256235741658344,0.0
R5U,10.0,5.528545320930662,6.34838404667193,6.578009102862438,2830.615204316499,0.011826530418732162,0.0
D0,1.0,4.574722118511393,5.38860751805748,5.62070265280232,2342.257724677834,0.0,0.0
D0,2.0,4.576608165982364,5.38860751805748,5.62070265280232,2343.2233809829713,0.0018860474709709862,0.0
D0,5.0,4.582266308395275,5.38860751805748,5.62070265280232,2346.1203498983828,0.007544189883882169,0.0
D0,10.0,4.591696545750128,5.38860751805748,5.62070265280232,2350.9486314240667,0.016974427238735323,0.0
D56,1.0,4.560741191237724,5.38860751805748,5.62165505382274,2335.099489913713,0.0,0.0
D56,2.0,4.56226288705146,5.38860751805748,5.62165505382274,2335.8785981703472,0.0015216958137367342,0.0
D56,5.0,4.566827974492671,5.38860751805748,5.62165505382274,2338.215922940247,0.006086783254947825,0.0
D56,10.0,4.574436453561355,5.38860751805748,5.62165505382274,2342.1114642234143,0.013695262323631496,0.0
F5,1.0,3.8261176330611946,5.8452830358046866,6.445914389546414,1958.9722281273305,0.0,0.0
F5,2.0,3.933771530961636,5.859818615634541,6.497015639223319,2014.0910238523584,0.10765389790044155,0.05110124967690499
F5,5.0,4.256733224662961,5.962628212692407,6.650319388254034,2179.4474110274336,0.4306155916017662,0.20440499870761997
F5,10.0,4.795002714165169,6.6260696832542,8.665337727732606,2455.0413896525665,0.9688850811039744,2.219423338186192
F56,1.0,3.2946845970804954,4.900387327122134,5.499482735795704,1686.878513705215,0.0,0.0
F56,2.0,3.401037010976443,4.918791707734161,5.54516733285357,1741.3309496199383,0.10635241389594752,0.04568459705786587
F56,5.0,3.7200942526642864,5.045589854571199,5.726387867955781,1904.6882573641153,0.42540965558379096,0.22690513216007702
F56,10.0,4.251856322144025,6.092648928302242,8.433297964612663,2176.950436937742,0.9571717250635299,2.933815228816959
