route_id,port1,port2,index1,index2,geometry,alpha_deg,t0_fraction,sx_mm,sy_mm,lx_mm,ly_mm,track_y_mm,radius_mm,dx_mm,straight_length_mm,arc_length_mm,total_length_mm,bend_count,bend_total_deg,crossing_count,min_crossing_angle_deg,straight_loss_db,bend_loss_db,crossing_loss_db,total_loss_db,geometry_valid,geometry_issue_kinds
0,8,1,15,30,freeform,-5.0,1.0,145.1,150.0,132.2,0.0,0.0,5.0,12.900000000000006,149.69000730534958,0.8726646259971644,150.56267193134676,2,10.0,26,4.9999999999999964,0.7484500365267479,0.2647303307467021,0.17747041569738045,1.1906507829708306,True,
1,8,1,15,30,freeform,-5.0,0.0,145.4,150.0,132.5,0.0,0.0,5.0,12.900000000000006,149.69000730534955,0.8726646259971644,150.56267193134673,2,10.0,22,4.9999999999999964,0.7484500365267478,0.2647303307467021,0.140565585561287,1.153745952834737,True,
2,9,1,14,30,freeform,-5.0,0.5,136.1,150.0,131.6,0.0,0.0,5.0,4.5,149.32325538491807,0.8726646259971644,150.19592001091524,2,10.0,24,29.999999999999993,0.7466162769245903,0.2647303307467021,0.06345242911567378,1.0747990367869662,True,
3,9,1,14,30,freeform,-5.0,0.5,136.4,150.0,131.9,0.0,0.0,5.0,4.5,149.32325538491807,0.8726646259971644,150.19592001091524,2,10.0,24,29.999999999999993,0.7466162769245903,0.2647303307467021,0.06345242911567378,1.0747990367869662,True,
4,1,26,30,1,freeform,45.0,0.5,129.5,0.0,18.5,150.0,0.0,5.0,111.0,187.69343417595164,7.853981633974483,195.54741580992612,2,90.0,127,10.544597632274755,0.9384671708797582,2.38257297672032,0.5170838811907895,3.8381240287908676,True,
5,1,26,30,1,freeform,45.0,0.5,129.8,0.0,18.8,150.0,0.0,5.0,111.00000000000001,187.69343417595167,7.853981633974483,195.54741580992615,2,90.0,125,10.544597632274755,0.9384671708797584,2.38257297672032,0.49628046930312547,3.8173206169032037,True,
6,1,26,30,1,freeform,45.0,0.5,130.1,0.0,19.1,150.0,0.0,5.0,111.0,187.69343417595164,7.853981633974483,195.54741580992612,2,90.0,123,15.000000000000005,0.9384671708797582,2.38257297672032,0.4858636481125611,3.806903795712639,True,
7,1,26,30,1,freeform,45.0,0.5,130.4,0.0,19.4,150.0,0.0,5.0,111.0,187.69343417595164,7.853981633974483,195.54741580992612,2,90.0,123,15.000000000000005,0.9384671708797582,2.38257297672032,0.4873517132485983,3.808391860848676,True,
8,1,26,30,1,freeform,45.0,0.5,130.7,0.0,19.7,150.0,0.0,5.0,110.99999999999999,187.69343417595164,7.853981633974483,195.54741580992612,2,90.0,123,15.000000000000002,0.9384671708797582,2.38257297672032,0.49059539462594015,3.811635542226018,True,
9,1,54,30,17,u,0.0,0.5,129.2,0.0,14.9,0.0,29.0,5.0,114.29999999999998,152.29999999999998,15.707963267948966,168.00796326794895,2,180.0,124,19.948443588803066,0.7615,4.76514595344064,0.3177680287245878,5.844413982165228,True,
10,1,58,30,20,u,0.0,0.5,128.3,0.0,40.4,0.0,28.1,5.0,87.9,124.1,15.707963267948966,139.80796326794896,2,180.0,100,29.999999999999993,0.6204999999999999,4.76514595344064,0.25005964622455973,5.635705599665199,True,
11,1,58,30,20,u,0.0,0.5,128.6,0.0,40.1,0.0,28.4,5.0,88.5,125.30000000000001,15.707963267948966,141.00796326794898,2,180.0,100,29.999999999999993,0.6265000000000001,4.76514595344064,0.24705370688783249,5.638699660328473,True,
12,1,58,30,20,u,0.0,0.5,128.9,0.0,39.8,0.0,28.7,5.0,89.10000000000001,126.50000000000001,15.707963267948966,142.20796326794897,2,180.0,100,28.357636576327838,0.6325000000000001,4.76514595344064,0.241875105357203,5.639521058797843,True,
13,11,2,27,10,freeform,5.0,0.0,103.1,0.0,100.1,150.0,0.0,5.0,3.0,149.2577639705553,0.8726646259971644,150.13042859655246,2,10.0,89,5.000000000000008,0.7462888198527765,0.2647303307467021,0.31928587483002363,1.3303050254295021,True,
14,11,2,27,10,freeform,5.0,0.0,103.4,0.0,100.4,150.0,0.0,5.0,3.0,149.2577639705553,0.8726646259971644,150.13042859655246,2,10.0,87,5.000000000000008,0.7462888198527765,0.2647303307467021,0.2997918141667509,1.3108109647662294,True,
15,11,2,27,10,freeform,5.0,0.0,103.7,0.0,100.7,150.0,0.0,5.0,3.0,149.2577639705553,0.8726646259971644,150.13042859655246,2,10.0,85,9.999999999999995,0.7462888198527765,0.2647303307467021,0.2790774923299955,1.290096642929474,True,
16,11,2,27,10,freeform,5.0,0.0,104.0,0.0,101.0,150.0,0.0,5.0,3.0,149.2577639705553,0.8726646259971644,150.13042859655246,2,10.0,85,9.999999999999995,0.7462888198527765,0.2647303307467021,0.2792560657653708,1.2902752163648494,True,
17,2,56,10,18,freeform,-30.0,0.0,98.0,150.0,20.9,0.0,0.0,5.0,77.1,165.2998988878171,5.235987755982988,170.5358866438001,2,59.99999999999999,120,9.999999999999998,0.8264994944390855,1.588381984480213,0.5098516851533443,2.9247331640726424,True,
18,2,56,10,18,freeform,-30.0,0.0,98.3,150.0,21.2,0.0,0.0,5.0,77.1,165.2998988878171,5.235987755982988,170.5358866438001,2,59.99999999999999,120,9.999999999999998,0.8264994944390855,1.588381984480213,0.5029766640819038,2.917858143001202,True,
19,2,56,10,18,freeform,-30.0,0.0,98.6,150.0,21.5,0.0,0.0,5.0,77.1,165.2998988878171,5.235987755982988,170.5358866438001,2,59.99999999999999,120,9.999999999999998,0.8264994944390855,1.588381984480213,0.5044945101873396,2.919375989106638,True,
20,8,6,15,31,freeform,-5.0,0.0,145.7,150.0,141.2,0.0,0.0,5.0,4.5,149.32325538491807,0.8726646259971642,150.19592001091524,2,10.0,4,4.999999999999989,0.7466162769245903,0.26473033074670205,0.04955359450681591,1.0609002021781084,True,
21,8,6,15,31,freeform,-5.0,0.0,146.0,150.0,141.5,0.0,0.0,5.0,4.5,149.32325538491807,0.8726646259971642,150.19592001091524,2,10.0,0,,0.7466162769245903,0.26473033074670205,0.0,1.0113466076712925,True,
22,6,9,31,14,freeform,5.0,0.5,140.6,0.0,136.7,150.0,0.0,5.0,3.9000000000000057,149.29705881917295,0.8726646259971642,150.16972344517012,2,10.0,14,9.999999999999984,0.7464852940958647,0.26473033074670205,0.05110124967690459,1.0623168745194713,True,
23,6,9,31,14,freeform,5.0,0.5,140.9,0.0,137.0,150.0,0.0,5.0,3.9000000000000057,149.29705881917295,0.8726646259971642,150.16972344517012,2,10.0,14,9.999999999999984,0.7464852940958647,0.26473033074670205,0.05127982311227988,1.0624954479548467,True,
24,6,10,31,6,freeform,30.0,0.0,139.4,0.0,62.3,150.0,0.0,5.0,77.10000000000001,165.2998988878171,5.23598775598299,170.5358866438001,2,59.99999999999999,132,9.999999999999993,0.8264994944390855,1.5883819844802134,0.47666722857175015,2.891548707491049,True,
25,6,10,31,6,freeform,30.0,0.5,139.7,0.0,62.6,150.0,0.0,5.0,77.1,165.2998988878171,5.23598775598299,170.5358866438001,2,59.99999999999999,116,9.999999999999998,0.8264994944390855,1.5883819844802134,0.3642265376532598,2.779108016572559,True,
26,6,10,31,6,freeform,30.0,0.5,140.0,0.0,62.9,150.0,0.0,5.0,77.1,165.2998988878171,5.23598775598299,170.5358866438001,2,59.99999999999999,116,9.999999999999998,0.8264994944390855,1.5883819844802134,0.36023844442196834,2.7751199233412676,True,
27,6,10,31,6,freeform,30.0,0.5,140.3,0.0,63.2,150.0,0.0,5.0,77.10000000000001,165.2998988878171,5.23598775598299,170.5358866438001,2,59.99999999999999,116,10.000000000000005,0.8264994944390855,1.5883819844802134,0.37672645336749777,2.791607932286797,True,
28,6,11,31,27,u,0.0,0.5,137.0,0.0,105.5,0.0,5.0,5.0,31.5,21.5,15.707963267948966,37.20796326794897,2,180.0,48,77.58447269509155,0.1075,4.76514595344064,0.08220230268703005,4.954848256127669,True,
29,6,11,31,27,u,0.0,0.5,137.3,0.0,105.2,0.0,5.3,5.0,32.10000000000001,22.70000000000001,15.707963267948966,38.40796326794897,2,180.0,48,71.7357497534133,0.11350000000000005,4.76514595344064,0.08273805108841008,4.96138400452905,True,
30,6,11,31,27,u,0.0,0.5,137.6,0.0,104.9,0.0,11.9,5.0,32.69999999999999,36.499999999999986,15.707963267948966,52.207963267948955,2,180.0,50,29.999999999999993,0.18249999999999994,4.76514595344064,0.0869046896598226,5.034550643100462,True,
31,6,29,31,0,freeform,45.0,1.0,139.1,0.0,10.7,150.0,0.0,5.0,128.4,194.90075016124348,7.853981633974483,202.75473179521796,2,90.0,143,14.999999999999998,0.9745037508062174,2.38257297672032,0.6301792477214757,3.9872559752480132,True,
32,6,41,31,25,u,0.0,0.5,137.9,0.0,86.0,0.0,30.8,5.0,51.900000000000006,93.5,15.707963267948966,109.20796326794897,2,180.0,82,29.999999999999993,0.4675,4.76514595344064,0.19684532438780455,5.429491277828444,True,
33,6,51,31,24,u,0.0,0.5,138.2,0.0,78.2,0.0,31.1,5.0,59.999999999999986,102.19999999999999,15.707963267948966,117.90796326794896,2,180.0,93,19.948443588803222,0.5109999999999999,4.76514595344064,0.21642864367351083,5.49257459711415,True,
34,6,53,31,16,u,0.0,0.5,138.8,0.0,5.6,0.0,31.7,5.0,133.20000000000002,176.6,15.707963267948966,192.30796326794896,2,180.0,141,19.948443588802117,0.883,4.76514595344064,0.3498810727891843,5.998027026229824,True,
35,6,58,31,20,u,0.0,0.5,138.5,0.0,39.5,0.0,31.4,5.0,99.0,141.8,15.707963267948966,157.50796326794898,2,180.0,105,28.357636576327838,0.7090000000000001,4.76514595344064,0.24708340357146857,5.721229357012109,True,
36,8,12,15,12,u,0.0,0.5,141.5,150.0,119.0,150.0,119.0,5.0,22.5,64.5,15.707963267948966,80.20796326794897,2,180.0,46,19.94844358880259,0.3225,4.76514595344064,0.131279851207534,5.2189258046481735,True,
37,8,12,15,12,u,0.0,0.5,141.8,150.0,118.7,150.0,130.1,5.0,23.10000000000001,42.90000000000002,15.707963267948966,58.60796326794899,2,180.0,40,19.94844358880223,0.2145000000000001,4.76514595344064,0.09839289527213053,5.078038848712771,True,
38,8,12,15,12,u,0.0,0.5,142.1,150.0,118.4,150.0,134.0,5.0,23.69999999999999,35.69999999999999,15.707963267948966,51.40796326794896,2,180.0,38,19.94844358880223,0.17849999999999994,4.76514595344064,0.08508931481294173,5.028735268253581,True,
39,8,12,15,12,u,0.0,0.5,142.4,150.0,118.1,150.0,133.7,5.0,24.30000000000001,36.900000000000034,15.707963267948966,52.607963267949,2,180.0,38,28.35763657632795,0.18450000000000016,4.76514595344064,0.08053574840137998,5.03018170184202,True,
40,8,16,15,7,u,0.0,0.5,142.7,150.0,73.4,150.0,118.7,5.0,69.29999999999998,111.89999999999998,15.707963267948966,127.60796326794895,2,180.0,102,9.999999999999996,0.5594999999999999,4.76514595344064,0.2734525414966904,5.5980984949373305,True,
41,8,16,15,7,u,0.0,0.5,143.0,150.0,73.1,150.0,118.4,5.0,69.9,113.1,15.707963267948966,128.80796326794896,2,180.0,104,4.9999999999999964,0.5655,4.76514595344064,0.29547638312936164,5.626122336570002,True,
42,8,16,15,7,u,0.0,0.5,143.3,150.0,72.8,150.0,118.1,5.0,70.50000000000001,114.30000000000003,15.707963267948966,130.00796326794898,2,180.0,106,4.9999999999999964,0.5715000000000001,4.76514595344064,0.3138989750851283,5.650544928525768,True,
43,8,17,15,5,u,0.0,0.5,143.6,150.0,55.1,150.0,117.8,5.0,88.5,132.9,15.707963267948966,148.60796326794897,2,180.0,112,4.999999999999989,0.6645000000000001,4.76514595344064,0.32916686333344525,5.7588128167740855,True,
44,8,53,15,16,freeform,-45.0,0.5,143.9,150.0,5.3,0.0,0.0,5.0,138.6,199.12572849744907,7.853981633974483,206.97971013142356,2,90.0,161,15.000000000000002,0.9956286424872454,2.38257297672032,0.8418462515311932,4.2200478707387585,True,
45,8,56,15,18,freeform,-45.0,0.5,144.2,150.0,23.9,0.0,0.0,5.0,120.29999999999998,191.54562030602142,7.853981633974483,199.3996019399959,2,90.0,126,4.423975705158133,0.9577281015301071,2.38257297672032,0.6050898767180255,3.9453909549684525,True,
46,8,56,15,18,freeform,-45.0,0.5,144.5,150.0,24.2,0.0,0.0,5.0,120.3,191.54562030602145,7.853981633974483,199.39960193999593,2,90.0,126,4.9999999999999964,0.9577281015301072,2.38257297672032,0.6118756953575407,3.952176773607968,True,
47,8,56,15,18,freeform,-45.0,0.5,144.8,150.0,24.5,0.0,0.0,5.0,120.30000000000001,191.54562030602145,7.853981633974483,199.39960193999593,2,90.0,128,4.423975705159506,0.9577281015301072,2.38257297672032,0.6369947630446275,3.9772958412950548,True,
48,9,13,14,11,u,0.0,0.5,132.5,150.0,110.0,150.0,144.8,5.0,22.5,12.899999999999977,15.707963267948966,28.607963267948943,2,180.0,32,60.00000000000001,0.06449999999999989,4.76514595344064,0.060535748401380006,4.890181701842019,True,
49,9,13,14,11,u,0.0,0.5,132.8,150.0,109.7,150.0,144.5,5.0,23.10000000000001,14.100000000000009,15.707963267948966,29.807963267948974,2,180.0,32,60.00000000000001,0.07050000000000005,4.76514595344064,0.05973216794219117,4.895378121382831,True,
50,9,13,14,11,u,0.0,0.5,133.1,150.0,109.4,150.0,144.2,5.0,23.69999999999999,15.300000000000011,15.707963267948966,31.007963267948977,2,180.0,32,60.00000000000001,0.07650000000000005,4.76514595344064,0.05904765517008863,4.9006936086107284,True,
51,9,13,14,11,u,0.0,0.5,133.4,150.0,109.1,150.0,143.9,5.0,24.30000000000001,16.5,15.707963267948966,32.20796326794897,2,180.0,32,60.00000000000001,0.0825,4.76514595344064,0.05925598147960843,4.906901934920247,True,
52,9,17,14,5,u,0.0,0.5,134.6,150.0,55.4,150.0,120.8,5.0,79.19999999999999,117.6,15.707963267948966,133.30796326794896,2,180.0,109,5.000000000000002,0.588,4.76514595344064,0.3216074137756646,5.674753367216304,True,
53,9,19,14,9,u,0.0,0.5,133.7,150.0,92.0,150.0,121.7,5.0,41.69999999999999,78.29999999999998,15.707963267948966,94.00796326794895,2,180.0,64,4.423975705158133,0.3914999999999999,4.76514595344064,0.16961318454086732,5.3262591379815065,True,
54,9,19,14,9,u,0.0,0.5,134.0,150.0,91.7,150.0,121.4,5.0,42.3,79.49999999999999,15.707963267948966,95.20796326794895,2,180.0,70,4.423975705159506,0.39749999999999996,4.76514595344064,0.22276791634357127,5.385413869784211,True,
55,9,19,14,9,u,0.0,0.5,134.3,150.0,91.4,150.0,121.1,5.0,42.900000000000006,80.70000000000002,15.707963267948966,96.40796326794899,2,180.0,72,5.000000000000003,0.4035000000000001,4.76514595344064,0.20264890484699327,5.371294858287634,True,
56,9,39,14,29,freeform,-5.0,1.0,135.2,150.0,122.9,0.0,0.0,5.0,12.299999999999983,149.66381073960446,0.8726646259971644,150.53647536560163,2,10.0,44,5.000000000000003,0.7483190536980223,0.2647303307467021,0.20315484418372043,1.216204228628445,True,
57,9,39,14,29,freeform,-5.0,1.0,135.5,150.0,123.2,0.0,0.0,5.0,12.299999999999997,149.66381073960446,0.8726646259971644,150.53647536560163,2,10.0,42,5.000000000000003,0.7483190536980223,0.2647303307467021,0.18970244316330082,1.2027518276080251,True,
58,9,39,14,29,freeform,-5.0,1.0,135.8,150.0,123.5,0.0,0.0,5.0,12.300000000000011,149.66381073960446,0.8726646259971655,150.53647536560163,2,10.0,40,5.000000000000002,0.7483190536980223,0.26473033074670244,0.1761608116157018,1.1892101960604267,True,
59,9,51,14,24,freeform,-30.0,0.5,134.9,150.0,77.9,0.0,0.0,5.0,57.0,159.91412011995152,5.23598775598299,165.1501078759345,2,59.99999999999999,101,5.000000000000002,0.7995706005997576,1.5883819844802134,0.3102681411056043,2.6982207261855753,True,
60,12,10,12,6,u,0.0,0.5,114.8,150.0,63.5,150.0,126.8,5.0,51.3,77.69999999999997,15.707963267948987,93.40796326794896,2,180.0,102,19.94844358880259,0.3884999999999999,4.765145953440646,0.2658633390647652,5.419509292505411,True,
61,12,10,12,6,u,0.0,0.5,114.5,150.0,63.8,150.0,127.1,5.0,50.7,76.50000000000001,15.707963267948966,92.20796326794898,2,180.0,102,28.35763657632795,0.38250000000000006,4.76514595344064,0.2574109099490915,5.405056863389731,True,
62,13,10,11,6,u,0.0,0.5,105.8,150.0,64.1,150.0,142.1,5.0,41.7,37.500000000000014,15.707963267948966,53.20796326794898,2,180.0,68,19.94844358880259,0.18750000000000008,4.76514595344064,0.13842264814627503,5.091068601586914,True,
63,13,10,11,6,u,0.0,0.5,105.5,150.0,64.4,150.0,142.4,5.0,41.099999999999994,36.29999999999998,15.707963267948966,52.00796326794895,2,180.0,68,18.586039776177376,0.1814999999999999,4.76514595344064,0.144732139846937,5.0913780932875765,True,
64,19,10,9,6,u,0.0,0.5,87.8,150.0,64.7,150.0,144.5,5.0,23.099999999999994,14.099999999999994,15.707963267948966,29.80796326794896,2,180.0,32,60.00000000000001,0.07049999999999998,4.76514595344064,0.05839283908162231,4.894038792522262,True,
65,19,10,9,6,u,0.0,0.5,87.5,150.0,65.0,150.0,144.8,5.0,22.5,12.899999999999977,15.707963267948966,28.607963267948943,2,180.0,32,60.00000000000001,0.06449999999999989,4.76514595344064,0.05717257790813974,4.886818531348779,True,
66,10,24,6,4,u,0.0,0.5,60.5,150.0,47.0,150.0,144.8,5.0,13.5,3.8999999999999773,15.707963267948966,19.607963267948943,2,180.0,16,72.42223256675352,0.019499999999999885,4.76514595344064,0.02916666666666667,4.813812620107306,True,
67,33,10,26,6,freeform,20.0,0.5,95.3,0.0,62.0,150.0,0.0,5.0,33.3,152.34514884342258,3.490658503988659,155.83580734741125,2,40.0,112,9.999999999999991,0.7617257442171129,1.0589213229868089,0.34366083971095596,2.1643079069148774,True,
68,51,10,24,6,freeform,10.0,0.5,76.7,0.0,61.4,150.0,0.0,5.0,15.300000000000004,149.58880328142817,1.7453292519943298,151.3341325334225,2,20.0,114,10.000000000000002,0.7479440164071409,0.5294606614934044,0.329762229864131,1.6071669077646762,True,
69,51,10,24,6,freeform,10.0,0.5,77.0,0.0,61.7,150.0,0.0,5.0,15.299999999999997,149.58880328142817,1.7453292519943298,151.3341325334225,2,20.0,114,9.999999999999993,0.7479440164071409,0.5294606614934044,0.32431588056145577,1.601720558462001,True,
70,10,53,6,16,freeform,-30.0,0.0,60.8,150.0,3.5,0.0,0.0,5.0,57.3,159.99450487768087,5.235987755982988,165.23049263366386,2,59.99999999999999,82,9.999999999999996,0.7999725243884044,1.588381984480213,0.2696432183675534,2.6579977272361703,True,
71,10,58,6,20,freeform,-10.0,0.0,61.1,150.0,38.6,0.0,0.0,5.0,22.5,150.21872165881484,1.7453292519943298,151.96405091080916,2,20.0,102,9.999999999999995,0.7510936082940742,0.5294606614934044,0.41821457469404283,1.6987688444815214,True,
72,13,11,11,27,freeform,-5.0,0.0,107.3,150.0,104.3,0.0,0.0,5.0,3.0,149.2577639705553,0.8726646259971642,150.13042859655246,2,10.0,81,5.000000000000007,0.7462888198527765,0.26473033074670205,0.2788096321769325,1.289828782776411,True,
73,13,11,11,27,freeform,-5.0,0.0,107.6,150.0,104.6,0.0,0.0,5.0,3.0,149.2577639705553,0.8726646259971642,150.13042859655246,2,10.0,81,5.000000000000007,0.7462888198527765,0.26473033074670205,0.2788096321769325,1.289828782776411,True,
74,11,26,27,1,freeform,30.0,0.0,102.8,0.0,18.2,150.0,0.0,5.0,84.6,167.30951783105053,5.235987755982988,172.54550558703352,2,59.99999999999999,137,9.999999999999998,0.8365475891552526,1.588381984480213,0.5588993965139412,2.9838289701494065,True,
75,11,48,27,21,u,0.0,0.5,101.3,0.0,50.9,0.0,17.3,5.0,50.4,65.0,15.707963267948966,80.70796326794897,2,180.0,59,29.999999999999996,0.325,4.76514595344064,0.11735117943876915,5.207497132879409,True,
76,11,51,27,24,u,0.0,0.5,101.0,0.0,78.5,0.0,5.0,5.0,22.5,12.5,15.707963267948966,28.207963267948966,2,180.0,32,66.42182152179815,0.0625,4.76514595344064,0.056458340357146856,4.884104293797787,True,
77,12,33,12,26,freeform,-10.0,0.5,117.8,150.0,96.2,0.0,0.0,5.0,21.599999999999994,150.1399818616415,1.7453292519943298,151.88531111363582,2,20.0,89,9.999999999999995,0.7506999093082075,0.5294606614934044,0.2793154029421352,1.5594759737437471,True,
78,12,48,12,21,freeform,-30.0,0.0,116.9,150.0,50.0,0.0,0.0,5.0,66.9,162.56681712501967,5.235987755982987,167.80280488100266,2,59.99999999999999,122,9.999999999999986,0.8128340856250984,1.5883819844802127,0.4647623984356567,2.865978468540968,True,
79,12,48,12,21,freeform,-30.0,0.0,117.2,150.0,50.3,0.0,0.0,5.0,66.9,162.56681712501967,5.235987755982987,167.80280488100266,2,59.99999999999999,122,9.999999999999986,0.8128340856250984,1.5883819844802127,0.46378024454109257,2.8649963146464037,True,
80,12,48,12,21,freeform,-30.0,0.0,117.5,150.0,50.6,0.0,0.0,5.0,66.9,162.56681712501967,5.235987755982987,167.80280488100266,2,59.99999999999999,122,9.999999999999993,0.8128340856250984,1.5883819844802127,0.4591075261566818,2.860323596261993,True,
81,12,53,12,16,freeform,-45.0,0.0,115.1,150.0,4.7,0.0,0.0,5.0,110.39999999999999,187.4449060385278,7.853981633974483,195.29888767250227,2,90.0,131,15.000000000000005,0.937224530192639,2.38257297672032,0.6336613454255313,3.9534588523384904,True,
82,12,56,12,18,freeform,-45.0,0.0,115.4,150.0,23.0,0.0,0.0,5.0,92.4,179.9890619158121,7.853981633974483,187.8430435497866,2,90.0,131,10.0,0.8999453095790605,2.38257297672032,0.5924113594731579,3.8749296457725384,True,
83,12,56,12,18,freeform,-45.0,0.0,115.7,150.0,23.3,0.0,0.0,5.0,92.4,179.9890619158121,7.853981633974483,187.8430435497866,2,90.0,131,9.999999999999996,0.8999453095790605,2.38257297672032,0.597351853724869,3.8798701400242495,True,
84,12,56,12,18,freeform,-45.0,0.0,116.0,150.0,23.6,0.0,0.0,5.0,92.4,179.9890619158121,7.853981633974483,187.8430435497866,2,90.0,131,9.999999999999991,0.8999453095790605,2.38257297672032,0.5941376442691302,3.8766559305685107,True,
85,1,13,30,11,freeform,10.0,1.0,131.3,0.0,108.8,150.0,0.0,5.0,22.500000000000014,150.2187216588148,1.7453292519943293,151.9640509108091,2,20.0,58,9.999999999999996,0.7510936082940739,0.5294606614934043,0.21726178034006494,1.497816050127543,True,
86,39,13,29,11,freeform,10.0,1.0,122.0,0.0,107.9,150.0,0.0,5.0,14.099999999999994,149.48381688519706,1.7453292519943293,151.22914613719138,2,20.0,64,10.000000000000002,0.7474190844259853,0.5294606614934043,0.1892858467347695,1.466165592654159,True,
87,39,13,29,11,freeform,10.0,1.0,122.3,0.0,108.2,150.0,0.0,5.0,14.099999999999994,149.48381688519706,1.7453292519943293,151.22914613719138,2,20.0,64,10.000000000000002,0.7474190844259853,0.5294606614934043,0.19113105874155728,1.4680108046609468,True,
88,39,13,29,11,freeform,10.0,1.0,122.6,0.0,108.5,150.0,0.0,5.0,14.099999999999994,149.48381688519706,1.7453292519943293,151.22914613719138,2,20.0,64,10.000000000000002,0.7474190844259853,0.5294606614934043,0.19172631289122632,1.4686060588106158,True,
89,13,48,11,21,freeform,-30.0,0.0,106.7,150.0,49.7,0.0,0.0,5.0,57.0,159.91412011995152,5.235987755982987,165.1501078759345,2,59.99999999999999,123,9.999999999999996,0.7995706005997576,1.5883819844802127,0.5001491857995347,2.8881017708795054,True,
90,13,51,11,24,freeform,-20.0,0.5,107.0,150.0,77.6,0.0,0.0,5.0,29.400000000000006,151.65747361865957,3.490658503988659,155.14813212264824,2,40.0,107,5.000000000000007,0.7582873680932979,1.0589213229868089,0.3341965319218276,2.1514052230019343,True,
91,13,53,11,16,freeform,-45.0,0.0,106.1,150.0,4.4,0.0,0.0,5.0,101.69999999999999,183.84124804588185,7.853981633974483,191.69522967985634,2,90.0,130,15.000000000000005,0.9192062402294093,2.38257297672032,0.6281852432487103,3.9299644601984394,True,
92,13,57,11,19,freeform,-30.0,0.0,106.4,150.0,30.5,0.0,0.0,5.0,75.9,164.97835985689974,5.235987755982987,170.21434761288273,2,59.99999999999999,110,9.999999999999991,0.8248917992844987,1.5883819844802127,0.5141076104424447,2.9273813942071563,True,
93,14,16,13,7,u,0.0,0.5,124.7,150.0,74.0,150.0,124.4,5.0,50.7,81.89999999999999,15.707963267948966,97.60796326794896,2,180.0,82,9.999999999999996,0.4095,4.76514595344064,0.19794654596945488,5.372592499410095,True,
94,14,16,13,7,u,0.0,0.5,125.0,150.0,73.7,150.0,124.1,5.0,51.3,83.10000000000001,15.707963267948966,98.80796326794898,2,180.0,82,9.999999999999996,0.41550000000000004,4.76514595344064,0.19514893294224744,5.375794886382887,True,
95,14,17,13,5,u,0.0,0.5,125.3,150.0,56.0,150.0,123.8,5.0,69.3,101.69999999999997,15.707963267948987,117.40796326794896,2,180.0,96,29.999999999999993,0.5084999999999998,4.765145953440646,0.21342270433678343,5.487068657777429,True,
96,14,17,13,5,u,0.0,0.5,125.6,150.0,55.7,150.0,123.5,5.0,69.89999999999999,102.89999999999999,15.707963267948966,118.60796326794896,2,180.0,96,29.999999999999993,0.5145,4.76514595344064,0.21366081161570188,5.493306765056341,True,
97,14,18,13,8,u,0.0,0.5,124.1,150.0,82.4,150.0,124.7,5.0,41.69999999999999,72.30000000000001,15.707963267948944,88.00796326794895,2,180.0,68,19.948443588802952,0.36150000000000004,4.765145953440633,0.16089295146263885,5.287538904903272,True,
98,14,18,13,8,u,0.0,0.5,124.4,150.0,82.1,150.0,138.8,5.0,42.30000000000001,44.69999999999999,15.707963267948966,60.40796326794896,2,180.0,70,19.948443588802952,0.22349999999999995,4.76514595344064,0.1671727183844105,5.15581867182505,True,
99,14,18,13,8,u,0.0,0.5,123.5,150.0,83.0,150.0,139.1,5.0,40.5,42.30000000000001,15.707963267948966,58.00796326794898,2,180.0,66,21.62508247366477,0.21150000000000005,4.76514595344064,0.15363103064630312,5.130276984086943,True,
100,14,18,13,8,u,0.0,0.5,123.8,150.0,82.7,150.0,125.0,5.0,41.099999999999994,71.1,15.707963267948966,86.80796326794896,2,180.0,68,28.35763657632831,0.3555,4.76514595344064,0.15288692784014918,5.273532881280789,True,
101,14,33,13,26,freeform,-20.0,0.5,126.8,150.0,96.5,0.0,0.0,5.0,30.299999999999997,151.81616790129718,3.490658503988659,155.30682640528585,2,40.0,82,9.999999999999995,0.7590808395064859,1.0589213229868089,0.23714293741501205,2.055145099908307,True,
102,14,38,13,28,freeform,-10.0,1.0,127.1,150.0,113.6,0.0,0.0,5.0,13.5,149.4313236870815,1.7453292519943298,151.1766529390758,2,20.0,58,10.000000000000002,0.7471566184354075,0.5294606614934044,0.16151776181967337,1.4381350417484855,True,
103,14,38,13,28,freeform,-10.0,1.0,127.4,150.0,113.9,0.0,0.0,5.0,13.5,149.4313236870815,1.7453292519943298,151.1766529390758,2,20.0,58,10.000000000000002,0.7471566184354075,0.5294606614934044,0.1637796545407549,1.4403969344695668,True,
104,14,38,13,28,freeform,-10.0,1.0,127.7,150.0,114.2,0.0,0.0,5.0,13.5,149.4313236870815,1.7453292519943298,151.1766529390758,2,20.0,58,10.000000000000002,0.7471566184354075,0.5294606614934044,0.16589275479585983,1.4425100347246718,True,
105,14,53,13,16,freeform,-45.0,1.0,125.9,150.0,5.0,0.0,0.0,5.0,120.9,191.7941484434453,7.853981633974483,199.64813007741978,2,90.0,140,15.000000000000002,0.9589707422172264,2.38257297672032,0.6990782228066044,4.040621941744151,True,
106,14,58,13,20,freeform,-45.0,0.5,126.2,150.0,39.2,0.0,0.0,5.0,87.0,177.75230867899737,7.853981633974483,185.60629031297185,2,90.0,111,10.0,0.8887615433949868,2.38257297672032,0.38613117112257367,3.6574656912378805,True,
107,16,20,7,3,u,0.0,0.5,69.5,150.0,38.0,150.0,138.8,5.0,31.5,33.89999999999998,15.707963267948966,49.607963267948946,2,180.0,52,19.999999999999996,0.1694999999999999,4.76514595344064,0.1172024431633008,5.0518483966039405,True,
108,16,20,7,3,u,0.0,0.5,69.8,150.0,37.7,150.0,138.5,5.0,32.099999999999994,35.099999999999994,15.707963267948966,50.80796326794896,2,180.0,52,19.999999999999996,0.17549999999999996,4.76514595344064,0.11434526819729605,5.054991221637935,True,
109,16,20,7,3,u,0.0,0.5,70.1,150.0,37.4,150.0,138.2,5.0,32.699999999999996,36.30000000000002,15.707963267948966,52.00796326794898,2,180.0,52,19.999999999999996,0.1815000000000001,4.76514595344064,0.11511909578234042,5.06176504922298,True,
110,16,20,7,3,u,0.0,0.5,70.4,150.0,37.1,150.0,137.9,5.0,33.300000000000004,37.49999999999999,15.707963267948966,53.207963267948955,2,180.0,54,8.201117677196255,0.18749999999999997,4.76514595344064,0.13523813537417262,5.087884088814812,True,
111,33,16,26,7,freeform,10.0,1.0,95.6,0.0,72.2,150.0,0.0,5.0,23.39999999999999,150.29746145598813,1.7453292519943293,152.04279070798245,2,20.0,121,9.999999999999995,0.7514873072799406,0.5294606614934043,0.3868747963094081,1.667822765082753,True,
112,33,16,26,7,freeform,10.0,1.0,95.9,0.0,72.5,150.0,0.0,5.0,23.400000000000006,150.29746145598813,1.7453292519943293,152.04279070798245,2,20.0,121,9.999999999999996,0.7514873072799406,0.5294606614934043,0.3891367171257438,1.6700846858990888,True,
113,16,48,7,21,freeform,-10.0,0.0,71.6,150.0,48.2,0.0,0.0,5.0,23.39999999999999,150.29746145598816,1.7453292519943298,152.04279070798248,2,20.0,125,8.201117677196255,0.7514873072799408,0.5294606614934044,0.4883036085544435,1.7692515773277888,True,
114,16,48,7,21,freeform,-10.0,0.0,71.9,150.0,48.5,0.0,0.0,5.0,23.400000000000006,150.29746145598816,1.7453292519943298,152.04279070798248,2,20.0,123,9.999999999999988,0.7514873072799408,0.5294606614934044,0.4549701347448391,1.7359181035181845,True,
115,16,53,7,16,freeform,-30.0,0.0,70.7,150.0,3.8,0.0,0.0,5.0,66.9,162.56681712501967,5.235987755982988,167.80280488100266,2,59.99999999999999,104,9.999999999999993,0.8128340856250984,1.588381984480213,0.351905082993381,2.7531211530986925,True,
116,16,56,7,18,freeform,-20.0,0.0,71.0,150.0,20.3,0.0,0.0,5.0,50.7,155.41323830774988,3.4906585039886586,158.90389681173855,2,40.0,114,9.999999999999996,0.7770661915387495,1.0589213229868086,0.5054467988267424,2.3414343133523,True,
117,16,56,7,18,freeform,-20.0,0.0,71.3,150.0,20.6,0.0,0.0,5.0,50.699999999999996,155.41323830774988,3.4906585039886586,158.90389681173855,2,40.0,116,9.999999999999996,0.7770661915387495,1.0589213229868086,0.512440831394761,2.3484283459203192,True,
118,17,21,5,2,u,0.0,0.5,51.5,150.0,29.0,150.0,142.1,5.0,22.5,18.30000000000001,15.707963267948966,34.00796326794898,2,180.0,32,62.61289249734631,0.09150000000000005,4.76514595344064,0.06092264814627511,4.917568601586915,True,
119,17,21,5,2,u,0.0,0.5,51.8,150.0,28.7,150.0,141.8,5.0,23.099999999999998,19.49999999999997,15.707963267948966,35.20796326794894,2,180.0,34,18.14861556693866,0.09749999999999986,4.76514595344064,0.08133935695582298,4.943985310396463,True,
120,17,21,5,2,u,0.0,0.5,52.1,150.0,28.4,150.0,141.5,5.0,23.700000000000003,20.700000000000003,15.707963267948966,36.40796326794897,2,180.0,34,20.0,0.10350000000000002,4.76514595344064,0.07127979501702571,4.939925748457666,True,
121,17,21,5,2,u,0.0,0.5,52.4,150.0,28.1,150.0,141.2,5.0,24.299999999999997,21.90000000000002,15.707963267948966,37.60796326794899,2,180.0,34,19.948443588802924,0.1095000000000001,4.76514595344064,0.07479170178573433,4.949437655226374,True,
122,17,48,5,21,freeform,-5.0,0.0,53.0,150.0,47.3,0.0,0.0,5.0,5.700000000000003,149.37564851640826,0.8726646259971649,150.24831314240544,2,10.0,102,9.999999999999995,0.7468782425820413,0.2647303307467022,0.4320237292516544,1.4436323025803979,True,
123,17,48,5,21,freeform,-5.0,0.0,53.3,150.0,47.6,0.0,0.0,5.0,5.699999999999996,149.37564851640826,0.8726646259971649,150.24831314240544,2,10.0,102,9.999999999999995,0.7468782425820413,0.2647303307467022,0.4370832911904516,1.448691864519195,True,
124,17,48,5,21,freeform,-5.0,0.0,53.6,150.0,47.9,0.0,0.0,5.0,5.700000000000003,149.37564851640826,0.8726646259971649,150.24831314240544,2,10.0,102,9.999999999999995,0.7468782425820413,0.2647303307467022,0.4531248946427964,1.4647334679715398,True,
125,17,53,5,16,freeform,-20.0,0.0,52.7,150.0,3.2,0.0,0.0,5.0,49.5,155.2016459308997,3.490658503988659,158.69230443488837,2,40.0,88,9.999999999999993,0.7760082296544986,1.0589213229868089,0.39327391187080657,2.228203464512114,True,
126,18,20,8,3,u,0.0,0.5,78.5,150.0,36.8,150.0,136.7,5.0,41.7,48.300000000000026,15.707963267948966,64.007963267949,2,180.0,62,20.0,0.24150000000000013,4.76514595344064,0.12232137037411635,5.128967323814757,True,
127,18,20,8,3,u,0.0,0.5,78.8,150.0,36.5,150.0,136.4,5.0,42.3,49.499999999999986,15.707963267948966,65.20796326794895,2,180.0,62,20.0,0.24749999999999994,4.76514595344064,0.11860119348639622,5.131247146927036,True,
128,18,21,8,2,u,0.0,0.5,79.1,150.0,27.8,150.0,136.1,5.0,51.3,59.10000000000001,15.707963267948966,74.80796326794898,2,180.0,68,20.0,0.29550000000000004,4.76514595344064,0.13571432183675536,5.196360275277395,True,
129,18,21,8,2,u,0.0,0.5,79.4,150.0,27.5,150.0,135.8,5.0,51.900000000000006,60.29999999999998,15.707963267948966,76.00796326794895,2,180.0,68,19.94844358880259,0.30149999999999993,4.76514595344064,0.14032736590135192,5.206973319341992,True,
130,39,18,29,8,freeform,20.0,0.5,121.4,0.0,81.5,150.0,0.0,5.0,39.900000000000006,153.50890691609845,3.490658503988659,156.99956542008712,2,40.0,96,4.512839805970952,0.7675445345804923,1.0589213229868089,0.3586014182484296,2.185067275815731,True,
131,39,18,29,8,freeform,20.0,0.5,121.7,0.0,81.8,150.0,0.0,5.0,39.900000000000006,153.50890691609845,3.490658503988659,156.99956542008712,2,40.0,94,9.999999999999995,0.7675445345804923,1.0589213229868089,0.32866092399671865,2.15512678156402,True,
132,41,18,25,8,freeform,5.0,0.0,85.4,0.0,80.6,150.0,0.0,5.0,4.800000000000011,149.3363536677906,0.8726646259971644,150.20901829378778,2,10.0,117,5.000000000000005,0.7466817683389531,0.2647303307467021,0.4199704156973802,1.4313825147830355,True,
133,41,18,25,8,freeform,5.0,0.0,85.7,0.0,80.9,150.0,0.0,5.0,4.799999999999997,149.3363536677906,0.8726646259971644,150.20901829378778,2,10.0,117,5.000000000000005,0.7466817683389531,0.2647303307467021,0.4121132688266296,1.4235253679122848,True,
134,18,53,8,16,freeform,-30.0,0.0,79.7,150.0,4.1,0.0,0.0,5.0,75.60000000000001,164.89797509917042,5.235987755982988,170.1339628551534,2,59.99999999999999,119,9.999999999999993,0.8244898754958522,1.588381984480213,0.451339666003619,2.864211525979684,True,
135,18,58,8,20,freeform,-20.0,0.0,80.0,150.0,38.9,0.0,0.0,5.0,41.1,153.7204992929486,3.490658503988659,157.21115779693727,2,40.0,118,9.999999999999993,0.768602496464743,1.0589213229868089,0.4647919827382757,2.2923158021898273,True,
136,19,20,9,3,u,0.0,0.5,88.1,150.0,36.2,150.0,134.0,5.0,51.89999999999999,63.89999999999999,15.707963267948966,79.60796326794896,2,180.0,70,50.20818050044296,0.31949999999999995,4.76514595344064,0.13360119348639626,5.218247146927036,True,
137,19,20,9,3,u,0.0,0.5,88.4,150.0,35.9,150.0,133.7,5.0,52.50000000000001,65.10000000000002,15.707963267948966,80.80796326794899,2,180.0,70,54.54945736082492,0.3255000000000001,4.76514595344064,0.1301785453401211,5.220824498780761,True,
138,19,20,9,3,u,0.0,0.5,88.7,150.0,35.6,150.0,133.4,5.0,53.1,66.29999999999998,15.707963267948966,82.00796326794895,2,180.0,70,58.667748502405786,0.3314999999999999,4.76514595344064,0.1304761864625827,5.227122139903223,True,
139,19,20,9,3,u,0.0,0.5,89.0,150.0,35.3,150.0,133.1,5.0,53.7,67.50000000000001,15.707963267948966,83.20796326794898,2,180.0,70,59.99999999999999,0.3375000000000001,4.76514595344064,0.13014882056123075,5.232794774001871,True,
140,19,21,9,2,u,0.0,0.5,89.3,150.0,27.2,150.0,132.8,5.0,62.099999999999994,76.49999999999997,15.707963267948966,92.20796326794894,2,180.0,72,19.999999999999996,0.38249999999999984,4.76514595344064,0.14354168773810724,5.291187641178746,True,
141,19,21,9,2,u,0.0,0.5,89.6,150.0,26.9,150.0,132.5,5.0,62.699999999999996,77.69999999999999,15.707963267948966,93.40796326794896,2,180.0,72,19.999999999999996,0.38849999999999996,4.76514595344064,0.14247024712585546,5.296116200566495,True,
142,19,26,9,1,u,0.0,0.5,89.9,150.0,20.0,150.0,132.2,5.0,69.9,85.50000000000003,15.707963267948966,101.207963267949,2,180.0,82,29.999999999999996,0.42750000000000016,4.76514595344064,0.1724405504422193,5.365086503882859,True,
143,19,48,9,21,freeform,-20.0,0.5,90.2,150.0,49.1,0.0,0.0,5.0,41.1,153.7204992929486,3.4906585039886586,157.21115779693727,2,40.0,122,9.999999999999991,0.768602496464743,1.0589213229868086,0.44517885438791693,2.2727026738394684,True,
144,19,48,9,21,freeform,-20.0,0.5,90.5,150.0,49.4,0.0,0.0,5.0,41.1,153.7204992929486,3.4906585039886586,157.21115779693727,2,40.0,122,9.999999999999991,0.768602496464743,1.0589213229868086,0.4462800478743131,2.273803867325865,True,
145,19,49,9,23,freeform,-10.0,1.0,90.8,150.0,68.6,0.0,0.0,5.0,22.200000000000003,150.19247505975704,1.7453292519943298,151.93780431175136,2,20.0,127,9.999999999999993,0.7509623752987853,0.5294606614934044,0.400446293112168,1.6808693299043576,True,
146,1,20,30,3,freeform,45.0,0.5,131.0,0.0,35.0,150.0,0.0,5.0,96.0,181.4802307403552,7.853981633974483,189.3342123743297,2,90.0,125,4.999999999999999,0.9074011537017761,2.38257297672032,0.4900600395581176,3.7800341699802136,True,
147,48,20,21,3,freeform,5.0,0.0,47.0,0.0,34.7,150.0,0.0,5.0,12.299999999999997,149.66381073960443,0.8726646259971651,150.5364753656016,2,10.0,90,4.999999999999999,0.7483190536980222,0.26473033074670227,0.42633949743209376,1.4393888818768183,True,
148,20,53,3,16,freeform,-20.0,0.0,33.5,150.0,2.6,0.0,0.0,5.0,30.9,151.92196408972228,3.4906585039886595,155.41262259371095,2,40.0,46,19.999999999999996,0.7596098204486115,1.0589213229868089,0.17622026117348252,1.9947514046089028,True,
149,20,53,3,16,freeform,-20.0,0.0,33.8,150.0,2.9,0.0,0.0,5.0,30.9,151.92196408972228,3.4906585039886595,155.41262259371095,2,40.0,46,19.999999999999996,0.7596098204486115,1.0589213229868089,0.1768453524830585,1.9953764959184788,True,
150,20,57,3,19,freeform,-5.0,0.0,34.4,150.0,29.9,0.0,0.0,5.0,4.5,149.32325538491807,0.8726646259971649,150.19592001091524,2,10.0,64,10.000000000000004,0.7466162769245903,0.2647303307467022,0.2564584527381635,1.267805060409456,True,
151,2,21,10,2,u,0.0,0.5,96.8,150.0,26.6,150.0,129.8,5.0,70.19999999999999,90.59999999999997,15.707963267948966,106.30796326794894,2,180.0,97,19.999999999999996,0.45299999999999985,4.76514595344064,0.21163702617353877,5.4297829796141786,True,
152,2,21,10,2,u,0.0,0.5,97.1,150.0,26.3,150.0,129.5,5.0,70.8,91.8,15.707963267948966,107.50796326794897,2,180.0,101,18.930141889477202,0.459,4.76514595344064,0.23922628479597227,5.4633722382366114,True,
153,2,21,10,2,u,0.0,0.5,97.4,150.0,26.0,150.0,129.2,5.0,71.4,93.00000000000003,15.707963267948966,108.707963267949,2,180.0,105,11.806067715166057,0.46500000000000014,4.76514595344064,0.2576191519728487,5.487765105413488,True,
154,2,21,10,2,u,0.0,0.5,97.7,150.0,25.7,150.0,128.9,5.0,72.0,94.19999999999999,15.707963267948966,109.90796326794896,2,180.0,107,18.405496430291638,0.471,4.76514595344064,0.27464290931975766,5.510788862760397,True,
155,2,24,10,4,u,0.0,0.5,96.5,150.0,46.7,150.0,130.1,5.0,49.8,69.60000000000001,15.707963267948966,85.30796326794898,2,180.0,93,19.94844358880226,0.34800000000000003,4.76514595344064,0.19779766921771563,5.310943622658355,True,
156,47,24,22,4,freeform,10.0,0.5,56.0,0.0,43.7,150.0,0.0,5.0,12.299999999999997,149.3263372908504,1.7453292519943298,151.07166654284472,2,20.0,110,9.999999999999996,0.746631686454252,0.5294606614934044,0.3755655855612868,1.6516579335089432,True,
157,47,24,22,4,freeform,10.0,0.5,56.3,0.0,44.0,150.0,0.0,5.0,12.299999999999997,149.3263372908504,1.7453292519943298,151.07166654284472,2,20.0,110,9.999999999999996,0.746631686454252,0.5294606614934044,0.37538701212591147,1.651479360073568,True,
158,24,54,4,17,freeform,-20.0,0.0,42.8,150.0,14.3,0.0,0.0,5.0,28.499999999999996,151.49877933602193,3.490658503988659,154.9894378400106,2,40.0,60,10.0,0.7574938966801097,1.0589213229868089,0.22517871391164612,2.0415939335785644,True,
159,24,54,4,17,freeform,-20.0,0.0,43.1,150.0,14.6,0.0,0.0,5.0,28.5,151.49877933602193,3.4906585039886604,154.9894378400106,2,40.0,60,10.0,0.7574938966801097,1.058921322986809,0.22053577649663425,2.036950996163553,True,
160,26,54,1,17,freeform,-5.0,0.0,15.5,150.0,13.4,0.0,0.0,5.0,2.0999999999999996,149.21846912193763,0.8726646259971648,150.0911337479348,2,10.0,20,10.000000000000002,0.7460923456096882,0.2647303307467022,0.0844345830102379,1.0952572593666283,True,
161,26,54,1,17,freeform,-5.0,0.0,15.8,150.0,13.7,0.0,0.0,5.0,2.1000000000000014,149.21846912193763,0.8726646259971647,150.0911337479348,2,10.0,20,10.0,0.7460923456096882,0.26473033074670216,0.0844643358843824,1.0952870122407727,True,
162,57,26,19,1,freeform,10.0,0.5,29.6,0.0,16.4,150.0,0.0,5.0,13.200000000000003,149.4050770880237,1.7453292519943293,151.150406340018,2,20.0,39,19.999999999999996,0.7470253854401184,0.5294606614934043,0.13482159513614955,1.4113076420696722,True,
163,58,26,20,1,freeform,10.0,0.5,38.0,0.0,16.7,150.0,0.0,5.0,21.3,150.11373526258373,1.7453292519943293,151.85906451457805,2,20.0,52,9.999999999999991,0.7505686763129187,0.5294606614934043,0.17583350190485822,1.4558628397111812,True,
164,24,29,4,0,u,0.0,0.5,42.5,150.0,11.0,150.0,144.8,5.0,31.5,21.899999999999977,15.707963267948966,37.607963267948946,2,180.0,48,60.00000000000001,0.10949999999999989,4.76514595344064,0.0891964757313194,4.963842429171959,True,
165,57,29,19,0,freeform,10.0,0.0,29.0,0.0,9.5,150.0,0.0,5.0,19.5,149.95625566823702,1.7453292519943295,151.70158492023134,2,20.0,38,9.999999999999991,0.7497812783411851,0.5294606614934044,0.14145839654765513,1.4207003363822448,True,
166,57,29,19,0,freeform,10.0,0.0,29.3,0.0,9.8,150.0,0.0,5.0,19.5,149.95625566823702,1.7453292519943295,151.70158492023134,2,20.0,38,9.999999999999991,0.7497812783411851,0.5294606614934044,0.14145839654765513,1.4207003363822448,True,
167,33,47,26,22,u,0.0,0.5,92.0,0.0,60.5,0.0,12.2,5.0,31.5,35.9,15.707963267948966,51.60796326794896,2,180.0,48,54.549457360824555,0.1795,4.76514595344064,0.09663691379252216,5.0412828672331615,True,
168,33,47,26,22,u,0.0,0.5,92.3,0.0,60.2,0.0,12.5,5.0,32.099999999999994,37.099999999999994,15.707963267948966,52.80796326794896,2,180.0,48,58.667748502405736,0.18549999999999997,4.76514595344064,0.0947618646258274,5.045407818066467,True,
169,33,47,26,22,u,0.0,0.5,92.6,0.0,59.9,0.0,12.8,5.0,32.699999999999996,38.29999999999999,15.707963267948966,54.00796326794895,2,180.0,48,62.6128924973461,0.19149999999999995,4.76514595344064,0.09372020498297429,5.050366158423613,True,
170,33,47,26,22,u,0.0,0.5,92.9,0.0,59.6,0.0,13.1,5.0,33.300000000000004,39.500000000000014,15.707963267948966,55.20796326794898,2,180.0,48,66.42182152179815,0.19750000000000006,4.76514595344064,0.09226189272108155,5.054907846161721,True,
171,33,47,26,22,u,0.0,0.5,93.2,0.0,59.3,0.0,13.4,5.0,33.900000000000006,40.7,15.707963267948966,56.40796326794897,2,180.0,48,70.00000000000001,0.20350000000000001,4.76514595344064,0.09038684355438678,5.059032796995027,True,
172,33,47,26,22,u,0.0,0.5,93.5,0.0,59.0,0.0,13.7,5.0,34.5,41.900000000000006,15.707963267948966,57.607963267948975,2,180.0,48,70.00000000000001,0.20950000000000002,4.76514595344064,0.08880946360540776,5.063455417046048,True,
173,33,47,26,22,u,0.0,0.5,93.8,0.0,58.7,0.0,14.0,5.0,35.099999999999994,43.099999999999994,15.707963267948966,58.80796326794896,2,180.0,48,70.00000000000001,0.21549999999999997,4.76514595344064,0.08886902554420506,5.069514978984844,True,
174,33,47,26,22,u,0.0,0.5,94.1,0.0,58.4,0.0,14.3,5.0,35.699999999999996,44.3,15.707963267948966,60.007963267948966,2,180.0,48,70.00000000000001,0.2215,4.76514595344064,0.08845231673465717,5.075098270175297,True,
175,33,47,26,22,u,0.0,0.5,94.4,0.0,58.1,0.0,14.6,5.0,36.300000000000004,45.50000000000001,15.707963267948966,61.20796326794897,2,180.0,48,70.00000000000001,0.22750000000000004,4.76514595344064,0.088333277142825,5.0809792305834645,True,
176,33,47,26,22,u,0.0,0.5,94.7,0.0,57.8,0.0,14.9,5.0,36.900000000000006,46.7,15.707963267948966,62.40796326794897,2,180.0,48,70.00000000000001,0.2335,4.76514595344064,0.08812497892855936,5.086770932369199,True,
177,33,53,26,16,u,0.0,0.5,95.0,0.0,6.5,0.0,15.2,5.0,88.5,98.9,15.707963267948966,114.60796326794897,2,180.0,116,40.535802111316364,0.49450000000000005,4.76514595344064,0.2344048301360935,5.494050783576734,True,
178,14,38,13,28,freeform,-10.0,1.0,128.0,150.0,114.5,0.0,0.0,5.0,13.5,149.4313236870815,1.7453292519943298,151.1766529390758,2,20.0,58,10.000000000000002,0.7471566184354075,0.5294606614934044,0.16925584100333768,1.4458731209321498,True,
179,38,18,28,8,freeform,20.0,0.5,113.3,0.0,81.2,150.0,0.0,5.0,32.099999999999994,152.13355646657243,3.490658503988659,155.6242149705611,2,40.0,98,9.999999999999993,0.7606677823328621,1.0589213229868089,0.31416680714293754,2.1337559124626084,True,
180,38,29,28,0,freeform,45.0,0.5,112.7,0.0,10.1,150.0,0.0,5.0,102.60000000000001,184.21404025201764,7.853981633974483,192.06802188599212,2,90.0,115,15.000000000000002,0.9210702012600882,2.38257297672032,0.4374407471089983,3.7410839250894066,True,
181,38,29,28,0,freeform,45.0,0.5,113.0,0.0,10.4,150.0,0.0,5.0,102.6,184.21404025201764,7.853981633974492,192.06802188599212,2,90.0,115,15.000000000000005,0.9210702012600882,2.3825729767203225,0.4407445523302203,3.744387730310631,True,
182,38,41,28,25,u,0.0,0.5,110.0,0.0,87.2,0.0,8.0,5.0,22.799999999999997,18.799999999999997,15.707963267948966,34.507963267948966,2,180.0,33,19.94844358880259,0.09399999999999999,4.76514595344064,0.06407737994897898,4.923223333389619,True,
183,38,49,28,23,u,0.0,0.5,110.3,0.0,69.5,0.0,20.3,5.0,40.8,61.39999999999999,15.707963267948966,77.10796326794896,2,180.0,63,10.000000000000002,0.30699999999999994,4.76514595344064,0.12779764112246153,5.199943594563101,True,
184,38,49,28,23,u,0.0,0.5,110.6,0.0,69.2,0.0,20.6,5.0,41.39999999999999,62.599999999999994,15.707963267948966,78.30796326794896,2,180.0,63,10.000000000000002,0.313,4.76514595344064,0.12285714687075053,5.20100310031139,True,
185,38,53,28,16,u,0.0,0.5,112.1,0.0,6.2,0.0,22.1,5.0,105.89999999999999,130.1,15.707963267948966,145.80796326794896,2,180.0,118,34.915206247443955,0.6505,4.76514595344064,0.2556548160884663,5.671300769529106,True,
186,38,53,28,16,u,0.0,0.5,112.4,0.0,5.9,0.0,22.4,5.0,106.5,131.3,15.707963267948966,147.00796326794898,2,180.0,118,28.35763657632772,0.6565000000000001,4.76514595344064,0.255238219659935,5.676884173100575,True,
187,38,57,28,19,u,0.0,0.5,110.9,0.0,32.3,0.0,20.9,5.0,78.60000000000001,100.4,15.707963267948966,116.10796326794897,2,180.0,79,60.00000000000001,0.502,4.76514595344064,0.1541666385714124,5.421312592012052,True,
188,38,57,28,19,u,0.0,0.5,111.2,0.0,32.0,0.0,21.2,5.0,79.2,101.60000000000001,15.707963267948966,117.30796326794898,2,180.0,79,60.00000000000001,0.508,4.76514595344064,0.15556547318027025,5.42871142662091,True,
189,38,57,28,19,u,0.0,0.5,111.5,0.0,31.7,0.0,21.5,5.0,79.8,102.8,15.707963267948966,118.50796326794897,2,180.0,79,60.00000000000001,0.514,4.76514595344064,0.1557440747108997,5.43489002815154,True,
190,39,24,29,4,freeform,30.0,0.5,121.1,0.0,46.4,150.0,0.0,5.0,74.69999999999999,164.65682082598238,5.235987755982987,169.89280858196537,2,59.99999999999999,130,9.999999999999991,0.8232841041299119,1.5883819844802127,0.4488692503062383,2.860535338916363,True,
191,39,41,29,25,u,0.0,0.5,119.0,0.0,87.5,0.0,24.2,5.0,31.5,59.900000000000006,15.707963267948966,75.60796326794897,2,180.0,50,19.94844358880259,0.29950000000000004,4.76514595344064,0.10931554341840571,5.173961496859046,True,
192,39,41,29,25,u,0.0,0.5,119.3,0.0,86.9,0.0,24.5,5.0,32.39999999999999,61.39999999999999,15.707963267948966,77.10796326794896,2,180.0,49,29.999999999999993,0.30699999999999994,4.76514595344064,0.09723213984693703,5.169378093287576,True,
193,39,41,29,25,u,0.0,0.5,119.6,0.0,86.6,0.0,24.8,5.0,33.0,62.599999999999994,15.707963267948966,78.30796326794896,2,180.0,49,29.999999999999993,0.313,4.76514595344064,0.09687507726194886,5.175021030702588,True,
194,39,47,29,22,u,0.0,0.5,120.2,0.0,57.5,0.0,25.4,5.0,62.7,93.5,15.707963267948966,109.20796326794897,2,180.0,76,29.999999999999993,0.4675,4.76514595344064,0.1661310025510491,5.398776955991689,True,
195,39,47,29,22,u,0.0,0.5,120.5,0.0,57.2,0.0,25.7,5.0,63.3,94.7,15.707963267948966,110.40796326794897,2,180.0,76,28.357636576327838,0.47350000000000003,4.76514595344064,0.16416666666666668,5.402812620107307,True,
196,39,47,29,22,u,0.0,0.5,120.8,0.0,56.9,0.0,26.0,5.0,63.9,95.9,15.707963267948966,111.60796326794897,2,180.0,78,4.512839805970952,0.47950000000000004,4.76514595344064,0.19556552937077873,5.440211482811418,True,
197,39,49,29,23,u,0.0,0.5,119.9,0.0,68.9,0.0,25.1,5.0,51.0,81.2,15.707963267948966,96.90796326794897,2,180.0,75,10.000000000000002,0.406,4.76514595344064,0.16767865772113774,5.338824611161777,True,
198,1,41,30,25,u,0.0,0.5,128.0,0.0,86.3,0.0,27.8,5.0,41.7,77.3,15.707963267948966,93.00796326794897,2,180.0,72,29.999999999999993,0.3865,4.76514595344064,0.1856846532483734,5.337330606689013,True,
199,41,24,25,4,freeform,20.0,0.5,84.8,0.0,45.8,150.0,0.0,5.0,39.0,153.35021263346084,3.490658503988657,156.8408711374495,2,40.0,125,5.000000000000005,0.7667510631673042,1.0589213229868082,0.4511311992178282,2.2768035853719404,True,
200,41,24,25,4,freeform,20.0,0.5,85.1,0.0,46.1,150.0,0.0,5.0,38.99999999999999,153.35021263346084,3.490658503988659,156.8408711374495,2,40.0,125,5.000000000000005,0.7667510631673042,1.0589213229868089,0.4511907049661172,2.27686309112023,True,
201,41,54,25,17,u,0.0,0.5,84.5,0.0,15.2,0.0,10.1,5.0,69.3,69.49999999999999,15.707963267948966,85.20796326794895,2,180.0,98,54.549457360824555,0.3474999999999999,4.76514595344064,0.18422617241495554,5.296872125855596,True,
202,41,57,25,19,u,0.0,0.5,83.9,0.0,32.9,0.0,9.5,5.0,51.00000000000001,50.00000000000001,15.707963267948966,65.70796326794897,2,180.0,71,62.612892497346095,0.25000000000000006,4.76514595344064,0.1368452401020419,5.151991193542681,True,
203,41,58,25,20,u,0.0,0.5,83.0,0.0,42.5,0.0,8.6,5.0,40.5,37.7,15.707963267948966,53.40796326794897,2,180.0,60,66.42182152179815,0.18850000000000003,4.76514595344064,0.11857141251699758,5.072217365957638,True,
204,41,58,25,20,u,0.0,0.5,83.3,0.0,42.2,0.0,8.9,5.0,41.099999999999994,38.89999999999999,15.707963267948966,54.60796326794896,2,180.0,60,70.00000000000001,0.19449999999999995,4.76514595344064,0.11875001404762704,5.078395967488267,True,
205,41,58,25,20,u,0.0,0.5,83.6,0.0,41.9,0.0,9.2,5.0,41.699999999999996,40.099999999999994,15.707963267948966,55.80796326794896,2,180.0,60,66.42182152179815,0.20049999999999998,4.76514595344064,0.11848212579930995,5.0841280792399495,True,
206,14,47,13,22,freeform,-30.0,0.0,126.5,150.0,56.6,0.0,0.0,5.0,69.9,163.37066470231304,5.235987755982987,168.60665245829603,2,59.99999999999999,126,9.999999999999996,0.8168533235115651,1.5883819844802127,0.45276825348662114,2.8580035614783994,True,
207,18,48,8,21,freeform,-20.0,0.5,80.3,150.0,48.8,0.0,0.0,5.0,31.5,152.02776027814735,3.4906585039886586,155.51841878213602,2,40.0,120,9.999999999999993,0.7601388013907368,1.0589213229868086,0.38002975287414464,2.1990898772516903,True,
208,51,48,24,21,u,0.0,0.5,74.6,0.0,51.2,0.0,8.3,5.0,23.39999999999999,19.999999999999993,15.707963267948966,35.707963267948955,2,180.0,37,19.36742077935652,0.09999999999999996,4.76514595344064,0.0911012215816504,4.956247175022289,True,
209,51,48,24,21,u,0.0,0.5,74.3,0.0,51.5,0.0,8.0,5.0,22.799999999999997,18.799999999999997,15.707963267948966,34.507963267948966,2,180.0,35,19.999999999999996,0.09399999999999999,4.76514595344064,0.07764882056123078,4.9367947740018705,True,
210,49,17,23,5,freeform,10.0,0.5,68.3,0.0,53.9,150.0,0.0,5.0,14.399999999999999,149.51006348425483,1.7453292519943298,151.25539273624915,2,20.0,115,10.0,0.7475503174212742,0.5294606614934044,0.3362502107144059,1.6132611896290845,True,
211,49,24,23,4,freeform,10.0,0.0,66.8,0.0,44.3,150.0,0.0,5.0,22.5,150.21872165881481,1.7453292519943298,151.96405091080914,2,20.0,118,9.999999999999996,0.7510936082940741,0.5294606614934044,0.38898820561230885,1.6695424753997874,True,
212,49,24,23,4,freeform,10.0,0.0,67.1,0.0,44.6,150.0,0.0,5.0,22.499999999999993,150.21872165881481,1.7453292519943298,151.96405091080914,2,20.0,118,9.999999999999998,0.7510936082940741,0.5294606614934044,0.39494057853747394,1.6754948483249525,True,
213,49,24,23,4,freeform,10.0,0.0,67.4,0.0,44.9,150.0,0.0,5.0,22.500000000000007,150.21872165881481,1.7453292519943298,151.96405091080914,2,20.0,118,9.999999999999998,0.7510936082940741,0.5294606614934044,0.3955060798129984,1.676060349600477,True,
214,49,24,23,4,freeform,10.0,0.0,67.7,0.0,45.2,150.0,0.0,5.0,22.5,150.21872165881481,1.7453292519943298,151.96405091080914,2,20.0,118,9.999999999999996,0.7510936082940741,0.5294606614934044,0.3916369699830314,1.6721912397705099,True,
215,49,24,23,4,freeform,10.0,0.0,68.0,0.0,45.5,150.0,0.0,5.0,22.5,150.21872165881481,1.7453292519943298,151.96405091080914,2,20.0,118,9.999999999999996,0.7510936082940741,0.5294606614934044,0.3916369699830314,1.6721912397705099,True,
216,49,26,23,1,freeform,20.0,0.0,65.6,0.0,17.0,150.0,0.0,5.0,48.599999999999994,155.0429516482621,3.490658503988659,158.53361015225076,2,40.0,97,10.0,0.7752147582413105,1.0589213229868089,0.38550622028926873,2.2196423015173883,True,
217,49,26,23,1,freeform,20.0,0.0,65.9,0.0,17.3,150.0,0.0,5.0,48.60000000000001,155.0429516482621,3.490658503988659,158.53361015225076,2,40.0,97,14.999999999999996,0.7752147582413105,1.0589213229868089,0.37860150253419184,2.212737583762311,True,
218,49,26,23,1,freeform,20.0,0.0,66.2,0.0,17.6,150.0,0.0,5.0,48.6,155.0429516482621,3.490658503988659,158.53361015225076,2,40.0,99,10.544597632274755,0.7752147582413105,1.0589213229868089,0.38104194059539465,2.215178021823514,True,
219,49,26,23,1,freeform,20.0,0.0,66.5,0.0,17.9,150.0,0.0,5.0,48.6,155.0429516482621,3.490658503988659,158.53361015225076,2,40.0,101,10.544597632274755,0.7752147582413105,1.0589213229868089,0.3922621174831149,2.2263981987112342,True,
220,49,57,23,19,u,0.0,0.5,65.0,0.0,33.5,0.0,5.0,5.0,31.5,21.5,15.707963267948966,37.20796326794897,2,180.0,48,66.42182152179815,0.1075,4.76514595344064,0.08473213984693699,4.957378093287577,True,
221,49,57,23,19,u,0.0,0.5,65.3,0.0,33.2,0.0,5.3,5.0,32.099999999999994,22.699999999999996,15.707963267948966,38.40796326794896,2,180.0,48,62.6128924973461,0.11349999999999998,4.76514595344064,0.08461310025510484,4.963259053695745,True,
222,51,17,24,5,freeform,10.0,0.0,75.8,0.0,54.2,150.0,0.0,5.0,21.599999999999994,150.13998186164147,1.7453292519943298,151.8853111136358,2,20.0,115,9.999999999999996,0.7506999093082074,0.5294606614934044,0.3463393288605694,1.6264998996621811,True,
223,51,17,24,5,freeform,10.0,0.0,76.1,0.0,54.5,150.0,0.0,5.0,21.599999999999994,150.13998186164147,1.7453292519943298,151.8853111136358,2,20.0,115,6.58402705661847,0.7506999093082074,0.5294606614934044,0.3556548441837211,1.6358154149853328,True,
224,51,17,24,5,freeform,10.0,0.0,76.4,0.0,54.8,150.0,0.0,5.0,21.60000000000001,150.13998186164147,1.7453292519943298,151.8853111136358,2,20.0,113,9.999999999999998,0.7506999093082074,0.5294606614934044,0.33297627074834574,1.6131368415499574,True,
225,19,51,9,24,freeform,-10.0,0.5,91.1,150.0,77.3,0.0,0.0,5.0,13.799999999999997,149.4575702861393,1.7453292519943298,151.2028995381336,2,20.0,113,9.999999999999995,0.7472878514306964,0.5294606614934044,0.3258931481294178,1.6026416610535188,True,
226,51,21,24,2,freeform,20.0,0.0,74.9,0.0,24.8,150.0,0.0,5.0,50.10000000000001,155.3074421193248,3.490658503988659,158.79810062331347,2,40.0,120,10.0,0.7765372105966241,1.0589213229868089,0.515952766258724,2.351411299842157,True,
227,51,21,24,2,freeform,20.0,0.5,75.2,0.0,25.1,150.0,0.0,5.0,50.1,155.3074421193248,3.490658503988659,158.79810062331347,2,40.0,128,6.58402705661847,0.7765372105966241,1.0589213229868089,0.5614589584527387,2.396917492036172,True,
228,51,21,24,2,freeform,20.0,0.0,75.5,0.0,25.4,150.0,0.0,5.0,50.1,155.30744211932478,3.490658503988659,158.79810062331345,2,40.0,122,9.999999999999996,0.776537210596624,1.0589213229868089,0.5351494105615685,2.3706079441450014,True,
229,51,54,24,17,u,0.0,0.5,74.0,0.0,15.5,0.0,5.6,5.0,58.5,49.7,15.707963267948966,65.40796326794897,2,180.0,92,58.667748502405736,0.24850000000000003,4.76514595344064,0.1679464335884381,5.181592387029077,True,
230,29,53,0,16,freeform,-5.0,0.0,6.5,150.0,2.0,0.0,0.0,5.0,4.5,149.32325538491807,0.8726646259971647,150.19592001091524,2,10.0,0,,0.7466162769245903,0.26473033074670216,0.0,1.0113466076712925,True,
231,29,53,0,16,freeform,-5.0,0.0,6.8,150.0,2.3,0.0,0.0,5.0,4.5,149.32325538491807,0.8726646259971647,150.19592001091524,2,10.0,0,,0.7466162769245903,0.26473033074670216,0.0,1.0113466076712925,True,
232,26,54,1,17,freeform,-5.0,0.0,16.1,150.0,14.0,0.0,0.0,5.0,2.1000000000000014,149.21846912193763,0.8726646259971648,150.0911337479348,2,10.0,20,10.0,0.7460923456096882,0.2647303307467022,0.0844048301360934,1.0952275064924837,True,
233,54,29,17,0,freeform,5.0,0.5,11.0,0.0,7.1,150.0,0.0,5.0,3.9000000000000004,149.29705881917295,0.8726646259971648,150.16972344517012,2,10.0,14,20.0,0.7464852940958647,0.2647303307467022,0.05360122158165043,1.0648168464242174,True,
234,54,29,17,0,freeform,5.0,0.5,11.3,0.0,7.4,150.0,0.0,5.0,3.9000000000000004,149.29705881917295,0.8726646259971648,150.16972344517012,2,10.0,14,20.0,0.7464852940958647,0.2647303307467022,0.051934554914983756,1.0631501797575507,True,
235,54,29,17,0,freeform,5.0,0.5,11.6,0.0,7.7,150.0,0.0,5.0,3.8999999999999995,149.29705881917295,0.8726646259971647,150.16972344517012,2,10.0,14,20.0,0.7464852940958647,0.26473033074670216,0.051726228605463956,1.062941853448031,True,
236,54,29,17,0,freeform,5.0,0.5,11.9,0.0,8.0,150.0,0.0,5.0,3.9000000000000004,149.29705881917295,0.8726646259971647,150.16972344517012,2,10.0,14,20.0,0.7464852940958647,0.26473033074670216,0.051726228605463956,1.062941853448031,True,
237,54,29,17,0,freeform,5.0,0.5,12.2,0.0,8.3,150.0,0.0,5.0,3.8999999999999986,149.29705881917295,0.8726646259971647,150.16972344517012,2,10.0,14,20.0,0.7464852940958647,0.26473033074670216,0.051726228605463956,1.062941853448031,True,
238,54,29,17,0,freeform,5.0,0.5,12.5,0.0,8.6,150.0,0.0,5.0,3.9000000000000004,149.29705881917295,0.8726646259971648,150.16972344517012,2,10.0,14,20.0,0.7464852940958647,0.2647303307467022,0.051726228605463956,1.062941853448031,True,
239,54,29,17,0,freeform,5.0,0.5,12.8,0.0,8.9,150.0,0.0,5.0,3.9000000000000004,149.29705881917295,0.8726646259971648,150.16972344517012,2,10.0,14,20.0,0.7464852940958647,0.2647303307467022,0.051726228605463956,1.062941853448031,True,
240,54,29,17,0,freeform,5.0,0.5,13.1,0.0,9.2,150.0,0.0,5.0,3.9000000000000004,149.29705881917295,0.8726646259971647,150.16972344517012,2,10.0,14,20.0,0.7464852940958647,0.26473033074670216,0.051726228605463956,1.062941853448031,True,
241,2,56,10,18,freeform,-30.0,0.0,98.9,150.0,21.8,0.0,0.0,5.0,77.10000000000001,165.2998988878171,5.235987755982988,170.5358866438001,2,59.99999999999999,120,9.999999999999993,0.8264994944390855,1.588381984480213,0.5045837969050272,2.9194652758243254,True,
242,2,56,10,18,freeform,-30.0,0.0,99.2,150.0,22.1,0.0,0.0,5.0,77.1,165.2998988878171,5.235987755982988,170.5358866438001,2,59.99999999999999,118,9.999999999999998,0.8264994944390855,1.588381984480213,0.4923814099322347,2.907262888851533,True,
243,2,56,10,18,freeform,-30.0,0.0,99.5,150.0,22.4,0.0,0.0,5.0,77.1,165.2998988878171,5.235987755982988,170.5358866438001,2,59.99999999999999,116,9.999999999999998,0.8264994944390855,1.588381984480213,0.4769052515649061,2.8917867304842044,True,
244,2,56,10,18,freeform,-30.0,0.0,99.8,150.0,22.7,0.0,0.0,5.0,77.1,165.2998988878171,5.235987755982988,170.5358866438001,2,59.99999999999999,116,9.999999999999998,0.8264994944390855,1.588381984480213,0.48220286459211353,2.8970843435114118,True,
245,20,56,3,18,freeform,-10.0,0.0,34.1,150.0,20.0,0.0,0.0,5.0,14.100000000000001,149.48381688519706,1.7453292519943293,151.22914613719138,2,20.0,52,10.0,0.7474190844259853,0.5294606614934043,0.1611012777721587,1.4379810236915482,True,
246,12,57,12,19,freeform,-45.0,0.0,116.3,150.0,30.8,0.0,0.0,5.0,85.5,177.13098833543773,7.853981633974483,184.98496996941222,2,90.0,128,9.999999999999995,0.8856549416771887,2.38257297672032,0.5751195172111527,3.8433474356086617,True,
247,12,57,12,19,freeform,-45.0,0.0,116.6,150.0,31.1,0.0,0.0,5.0,85.5,177.13098833543773,7.853981633974483,184.98496996941222,2,90.0,128,9.999999999999991,0.8856549416771887,2.38257297672032,0.5658338109526538,3.8340617293501627,True,
248,24,57,4,19,freeform,-10.0,0.0,43.4,150.0,30.2,0.0,0.0,5.0,13.2,149.40507708802375,1.7453292519943298,151.15040634001807,2,20.0,73,10.0,0.7470253854401188,0.5294606614934044,0.23398817751705378,1.5104742244505769,True,
249,38,57,28,19,u,0.0,0.5,111.8,0.0,31.4,0.0,21.8,5.0,80.4,104.0,15.707963267948966,119.70796326794897,2,180.0,79,58.667748502405686,0.52,4.76514595344064,0.15610122158165032,5.441247175022291,True,
250,41,57,25,19,u,0.0,0.5,84.2,0.0,32.6,0.0,9.8,5.0,51.6,51.2,15.707963267948966,66.90796326794897,2,180.0,71,58.66774850240573,0.256,4.76514595344064,0.13729167369048018,5.1584376271311205,True,
251,11,58,27,20,u,0.0,0.5,101.6,0.0,41.6,0.0,17.6,5.0,59.99999999999999,75.19999999999999,15.707963267948966,90.90796326794896,2,180.0,69,29.999999999999996,0.37599999999999995,4.76514595344064,0.13306547318027032,5.27421142662091,True,
252,11,58,27,20,u,0.0,0.5,101.9,0.0,41.3,0.0,17.9,5.0,60.60000000000001,76.4,15.707963267948966,92.10796326794897,2,180.0,69,29.999999999999996,0.38200000000000006,4.76514595344064,0.13276783205780873,5.279913785498448,True,
253,11,58,27,20,u,0.0,0.5,102.2,0.0,41.0,0.0,18.2,5.0,61.2,77.60000000000001,15.707963267948966,93.30796326794898,2,180.0,71,5.000000000000008,0.38800000000000007,4.76514595344064,0.15681548722789737,5.309961440668537,True,
254,11,58,27,20,u,0.0,0.5,102.5,0.0,40.7,0.0,18.5,5.0,61.8,78.8,15.707963267948966,94.50796326794897,2,180.0,73,5.000000000000008,0.394,4.76514595344064,0.17818456896261076,5.337330522403251,True,
255,58,21,20,2,freeform,10.0,0.5,38.3,0.0,24.5,150.0,0.0,5.0,13.799999999999997,149.4575702861393,1.7453292519943293,151.2028995381336,2,20.0,63,10.0,0.7472878514306964,0.5294606614934043,0.23758951147972102,1.5143380244038218,True,
