配置组,config,mean_256,unplaced_256,runtime_256,mean_512,unplaced_512,runtime_512
候选数 K,cand_k1,5.2785675166047685,0,12.86105199996382,5.516158032801802,0,44.63204200001201
候选数 K,cand_k4,5.277973108429541,0,14.574294699996244,5.514608318940991,0,59.87853649997851
候选数 K,cand_k8,5.277209760593789,0,18.728738600038923,5.514608318940991,0,80.3690638000262
候选数 K,cand_k16,5.27676402916721,0,27.50410970003577,5.514608318940991,0,117.27415579999797
布线顺序,order_span,5.41820027148526,76,11.044252099993173,5.6470766853311,144,45.15422909997869
布线顺序,order_congestion,5.2838986689408705,33,13.479319200036116,5.462206441777188,99,47.14678820001427
拆线重布,refine_on,5.277209760593789,0,23.423853099986445,5.514608318940991,0,95.74800580000738
位置正则,penalty_0,5.295074795751269,59,14.125663899991196,5.494842144428841,113,52.260735899966676
位置正则,penalty_0.001,5.277209760593789,0,20.199028700008057,5.581687642467821,44,59.42374810000183
位置正则,penalty_0.01,5.2785675166047685,0,21.989886199997272,5.514608318940991,0,80.31588200002443
位置正则,penalty_0.05,5.2785675166047685,0,21.926516100007575,5.515424121839921,0,81.12918630003696
半径策略,radius_fixed_R6,4.339422583740106,0,20.748285399982706,4.5564188741877345,2,81.00183410005411
半径策略,radius_adaptive,4.339422583740106,0,37.69233990000794,4.559293017965906,0,150.05429790000198
