channels,scheme,mean_loss_db,p95_loss_db,max_loss_db,mean_straight_loss_db,mean_bend_loss_db,mean_crossing_loss_db
256,A,5.2785675166047685,6.131806708865834,6.33332455497127,0.624906022757475,4.522824660020889,0.130836833826405
256,R5U,5.277750730146962,6.131003156501899,6.322163799546076,0.6271091477574751,4.522824660020889,0.1278169223685985
256,D0,4.38147530856685,5.173467380005264,5.363756184094816,0.6087769806969258,3.6375320289876942,0.1351662988822303
256,D56,4.339336273056113,5.158696622156018,5.34616684118662,0.6181090119469258,3.5888976469729195,0.1323296141362676
256,F5,3.4980503482992007,5.5980984949373305,5.998027026229824,0.585742625921809,2.652473821739419,0.259833900637973
256,F56,2.970298116654281,4.654524100438386,5.078297843737668,0.5841994013785358,2.120192436346413,0.265906278929332
512,A,5.516158032801802,6.350961440668535,6.577294809120937,0.6355276103724573,4.558693330600709,0.3219370918286355
512,R5U,5.51671879051193,6.34838404667193,6.578009102862438,0.6353430400599572,4.558693330600709,0.3226824198512634
512,D0,4.574722118511393,5.38860751805748,5.62070265280232,0.6203938681004748,3.6189850147516154,0.3353432356593039
512,D56,4.560741191237724,5.38860751805748,5.62165505382274,0.6224705282567249,3.604020589516299,0.3342500734646993
512,F5,3.8261176330611946,5.845283035804687,6.445914389546414,0.5969186423559837,2.666434210274889,0.5627647804303215
512,F56,3.2946845970804954,4.900387327122134,5.499482735795704,0.5912785913136311,2.138393155919491,0.5650128498473731
