channels,scheme,unique_crossing_events,crossings_under_10deg,min_crossing_angle_deg,spacing_violation_count,contact_touch_count,contact_overlap_count,mean_bend_total_deg
256,A,9468,0,34.91520624744394,393,0,0,170.84648545044854
256,R5U,9498,0,19.94844358880223,379,0,0,170.84648545044854
256,D0,9474,0,18.194872338766697,78,400,0,169.66899155776707
256,D56,9564,0,18.19487233876619,37,452,0,169.66899155776707
256,F5,10320,139,4.423975705158133,576,0,0,100.1953125
256,F56,10466,151,1.940537569550265,415,226,0,100.234375
512,A,43393,0,23.073918065630764,692,0,0,172.20139897617295
512,R5U,43413,3,7.235206769313383,711,0,0,172.20139897617295
512,D0,43383,0,13.504291958559966,498,0,0,170.20708009245146
512,D56,43389,3,6.028113625157536,525,0,0,170.20708009245146
512,F5,45961,678,2.767827495596172,1333,5,0,100.72265625
512,F56,46001,842,1.3666334456665137,1231,0,0,100.91796875
