channels,scheme,scenario5_mean_loss_db,scenario5_max_loss_db,max_violation_db,violating_routes,improved_routes
256,base,3.174002719991436,5.1803217134655934,0.0,0,0
256,spacing,3.1610001039739903,5.137077526373677,0.0072023026870304,1,10
256,small,3.084428019560176,5.125708444638963,0.0091666385714122,3,8
256,touch,3.174002719991436,5.1803217134655934,0.0,0,0
256,both,3.1106560827966305,5.128803754979141,0.0021072171088869,1,10
256,opt_base,3.174002719991436,5.1803217134655934,0.0,0,0
512,base,3.7200942526642864,5.726387867955781,0.0,0,0
512,spacing,3.8247837312768014,5.96571203571666,0.3885239821089437,10,1
512,small,3.5285719710250816,5.62961414572794,0.0237741787757226,1,10
512,touch,3.7200942526642864,5.726387867955781,0.0,0,0
512,both,3.5933616164559643,6.194599763914151,0.3376311992178289,6,5
512,opt_base,3.705237651874561,5.633958978448794,0.0,0,7
