channels,scheme,max_x1,max_x2,max_x5,max_x10
256,base,5.078297843737668,5.103803811169649,5.1803217134655934,5.994080657144568
256,spacing,5.062315605557341,5.081006085761425,5.137077526373677,5.742457047421237
256,small,5.0509465238226285,5.0696370040267125,5.125708444638963,5.219160845659383
256,touch,5.078297843737668,5.103803811169649,5.1803217134655934,5.994080657144568
256,both,5.054041834162805,5.072732314366889,5.128803754979141,5.297069838628548
256,opt_base,5.078297843737668,5.103803811169649,5.1803217134655934,5.994080657144568
512,base,5.499482735795704,5.54516733285357,5.726387867955781,8.433297964612663
512,spacing,5.540917276663061,5.579786386493028,5.96571203571666,7.869214381312988
512,small,5.474137706408069,5.513006816238036,5.62961414572794,7.482895209021433
512,touch,5.499482735795704,5.54516733285357,5.726387867955781,8.433297964612663
512,both,5.487679211527023,5.494494698754921,6.194599763914151,8.576149610514074
512,opt_base,5.465375546782072,5.491625588924954,5.633958978448794,8.499589075052326
