side_index,target_pair,moved,other,category,v4_outcome,g0_candidates,g0_outcome,g1_candidates,g1_path_windows,g1_curvature_rejected,g1_outcome,g1_basic_passed,g1_full_passed,g1_new_intervals
0,"[290, 291]",290,291,high_conflict_both_unelevated,NO_LEGAL_WINDOW_UNDER_CURRENT_RULES,0,NO_LEGAL_WINDOW_UNDER_CURRENT_RULES,0,0,0,NO_LEGAL_WINDOW_UNDER_CURRENT_RULES,0,0,
1,"[290, 291]",291,290,high_conflict_both_unelevated,NO_LEGAL_WINDOW_UNDER_CURRENT_RULES,0,NO_LEGAL_WINDOW_UNDER_CURRENT_RULES,0,0,0,NO_LEGAL_WINDOW_UNDER_CURRENT_RULES,0,0,
2,"[290, 433]",290,433,high_conflict_both_unelevated,NO_LEGAL_WINDOW_UNDER_CURRENT_RULES,0,NO_LEGAL_WINDOW_UNDER_CURRENT_RULES,0,0,72,NO_LEGAL_WINDOW_UNDER_CURRENT_RULES,0,0,
3,"[290, 433]",433,290,high_conflict_both_unelevated,NO_LEGAL_WINDOW_UNDER_CURRENT_RULES,0,NO_LEGAL_WINDOW_UNDER_CURRENT_RULES,0,0,18,NO_LEGAL_WINDOW_UNDER_CURRENT_RULES,0,0,
4,"[9, 180]",9,180,high_conflict_both_unelevated,FULL_ACCEPTED_CANDIDATE_EXISTS,18,BASIC_PASSES_FULL_NO_NET_GAIN,51,33,219,BASIC_PASSES_FULL_NO_NET_GAIN,51,0,33
5,"[9, 180]",180,9,high_conflict_both_unelevated,FULL_ACCEPTED_CANDIDATE_EXISTS,27,FULL_ACCEPTED_CANDIDATE_EXISTS,45,18,18,FULL_ACCEPTED_CANDIDATE_EXISTS,45,1,18
6,"[9, 181]",9,181,high_conflict_both_unelevated,FULL_ACCEPTED_CANDIDATE_EXISTS,18,BASIC_PASSES_FULL_NO_NET_GAIN,50,32,220,BASIC_PASSES_FULL_NO_NET_GAIN,50,0,32
7,"[9, 181]",181,9,high_conflict_both_unelevated,FULL_ACCEPTED_CANDIDATE_EXISTS,27,FULL_ACCEPTED_CANDIDATE_EXISTS,45,18,18,FULL_ACCEPTED_CANDIDATE_EXISTS,45,1,18
8,"[31, 303]",31,303,high_conflict_both_unelevated,FULL_ACCEPTED_CANDIDATE_EXISTS,18,FULL_ACCEPTED_CANDIDATE_EXISTS,130,112,176,FULL_ACCEPTED_CANDIDATE_EXISTS,130,1,112
9,"[31, 303]",303,31,high_conflict_both_unelevated,FULL_ACCEPTED_CANDIDATE_EXISTS,18,FULL_ACCEPTED_CANDIDATE_EXISTS,115,97,191,FULL_ACCEPTED_CANDIDATE_EXISTS,115,1,97
10,"[180, 303]",180,303,high_conflict_both_unelevated,FULL_ACCEPTED_CANDIDATE_EXISTS,54,FULL_ACCEPTED_CANDIDATE_EXISTS,263,209,79,FULL_ACCEPTED_CANDIDATE_EXISTS,252,1,209
11,"[180, 303]",303,180,high_conflict_both_unelevated,FULL_ACCEPTED_CANDIDATE_EXISTS,72,FULL_ACCEPTED_CANDIDATE_EXISTS,270,198,90,FULL_ACCEPTED_CANDIDATE_EXISTS,270,1,198
12,"[291, 433]",291,433,high_conflict_both_unelevated,FULL_ACCEPTED_CANDIDATE_EXISTS,36,FULL_ACCEPTED_CANDIDATE_EXISTS,36,0,108,FULL_ACCEPTED_CANDIDATE_EXISTS,36,1,0
13,"[291, 433]",433,291,high_conflict_both_unelevated,FULL_ACCEPTED_CANDIDATE_EXISTS,18,BASIC_PASSES_FULL_NO_NET_GAIN,53,35,253,FULL_ACCEPTED_CANDIDATE_EXISTS,53,1,35
14,"[31, 181]",31,181,high_conflict_both_unelevated,FULL_ACCEPTED_CANDIDATE_EXISTS,36,FULL_ACCEPTED_CANDIDATE_EXISTS,267,231,57,FULL_ACCEPTED_CANDIDATE_EXISTS,267,1,231
15,"[31, 181]",181,31,high_conflict_both_unelevated,FULL_ACCEPTED_CANDIDATE_EXISTS,18,FULL_ACCEPTED_CANDIDATE_EXISTS,139,121,167,FULL_ACCEPTED_CANDIDATE_EXISTS,139,1,121
16,"[35, 347]",35,347,high_conflict_both_unelevated,FULL_ACCEPTED_CANDIDATE_EXISTS,45,FULL_ACCEPTED_CANDIDATE_EXISTS,80,35,253,FULL_ACCEPTED_CANDIDATE_EXISTS,45,1,35
17,"[35, 347]",347,35,high_conflict_both_unelevated,FULL_ACCEPTED_CANDIDATE_EXISTS,54,FULL_ACCEPTED_CANDIDATE_EXISTS,210,156,24,FULL_ACCEPTED_CANDIDATE_EXISTS,210,1,156
18,"[4, 35]",4,35,high_conflict_both_unelevated,FULL_ACCEPTED_CANDIDATE_EXISTS,54,FULL_ACCEPTED_CANDIDATE_EXISTS,204,150,30,FULL_ACCEPTED_CANDIDATE_EXISTS,204,1,150
19,"[4, 35]",35,4,high_conflict_both_unelevated,FULL_ACCEPTED_CANDIDATE_EXISTS,45,FULL_ACCEPTED_CANDIDATE_EXISTS,84,39,249,FULL_ACCEPTED_CANDIDATE_EXISTS,45,1,39
20,"[4, 347]",4,347,high_conflict_both_unelevated,FULL_ACCEPTED_CANDIDATE_EXISTS,18,FULL_ACCEPTED_CANDIDATE_EXISTS,114,96,192,FULL_ACCEPTED_CANDIDATE_EXISTS,106,1,96
21,"[4, 347]",347,4,high_conflict_both_unelevated,FULL_ACCEPTED_CANDIDATE_EXISTS,18,FULL_ACCEPTED_CANDIDATE_EXISTS,115,97,191,FULL_ACCEPTED_CANDIDATE_EXISTS,108,1,97
22,"[5, 6]",5,6,high_conflict_both_unelevated,FULL_ACCEPTED_CANDIDATE_EXISTS,18,FULL_ACCEPTED_CANDIDATE_EXISTS,108,90,198,FULL_ACCEPTED_CANDIDATE_EXISTS,101,1,90
23,"[5, 6]",6,5,high_conflict_both_unelevated,FULL_ACCEPTED_CANDIDATE_EXISTS,18,FULL_ACCEPTED_CANDIDATE_EXISTS,122,104,184,FULL_ACCEPTED_CANDIDATE_EXISTS,122,1,104
24,"[5, 7]",5,7,high_conflict_both_unelevated,FULL_ACCEPTED_CANDIDATE_EXISTS,18,FULL_ACCEPTED_CANDIDATE_EXISTS,108,90,198,FULL_ACCEPTED_CANDIDATE_EXISTS,100,1,90
25,"[5, 7]",7,5,high_conflict_both_unelevated,FULL_ACCEPTED_CANDIDATE_EXISTS,18,FULL_ACCEPTED_CANDIDATE_EXISTS,108,90,198,FULL_ACCEPTED_CANDIDATE_EXISTS,101,1,90
26,"[6, 7]",6,7,high_conflict_both_unelevated,FULL_ACCEPTED_CANDIDATE_EXISTS,18,FULL_ACCEPTED_CANDIDATE_EXISTS,114,96,192,FULL_ACCEPTED_CANDIDATE_EXISTS,114,1,96
27,"[6, 7]",7,6,high_conflict_both_unelevated,FULL_ACCEPTED_CANDIDATE_EXISTS,18,FULL_ACCEPTED_CANDIDATE_EXISTS,102,84,204,FULL_ACCEPTED_CANDIDATE_EXISTS,95,1,84
28,"[8, 437]",8,437,high_conflict_both_unelevated,FULL_ACCEPTED_CANDIDATE_EXISTS,54,FULL_ACCEPTED_CANDIDATE_EXISTS,190,136,152,FULL_ACCEPTED_CANDIDATE_EXISTS,190,1,136
29,"[8, 437]",437,8,high_conflict_both_unelevated,FULL_ACCEPTED_CANDIDATE_EXISTS,72,FULL_ACCEPTED_CANDIDATE_EXISTS,232,160,128,FULL_ACCEPTED_CANDIDATE_EXISTS,212,1,160
30,"[8, 300]",8,300,high_conflict_both_unelevated,FULL_ACCEPTED_CANDIDATE_EXISTS,18,FULL_ACCEPTED_CANDIDATE_EXISTS,130,112,176,FULL_ACCEPTED_CANDIDATE_EXISTS,122,1,112
31,"[8, 300]",300,8,high_conflict_both_unelevated,FULL_ACCEPTED_CANDIDATE_EXISTS,36,FULL_ACCEPTED_CANDIDATE_EXISTS,146,110,178,FULL_ACCEPTED_CANDIDATE_EXISTS,137,1,110
32,"[300, 437]",300,437,high_conflict_both_unelevated,FULL_ACCEPTED_CANDIDATE_EXISTS,54,FULL_ACCEPTED_CANDIDATE_EXISTS,207,153,135,FULL_ACCEPTED_CANDIDATE_EXISTS,199,1,153
33,"[300, 437]",437,300,high_conflict_both_unelevated,FULL_ACCEPTED_CANDIDATE_EXISTS,72,FULL_ACCEPTED_CANDIDATE_EXISTS,224,152,136,FULL_ACCEPTED_CANDIDATE_EXISTS,214,1,152
34,"[334, 462]",334,462,high_conflict_both_unelevated,FULL_ACCEPTED_CANDIDATE_EXISTS,27,FULL_ACCEPTED_CANDIDATE_EXISTS,123,96,192,FULL_ACCEPTED_CANDIDATE_EXISTS,115,1,96
35,"[334, 462]",462,334,high_conflict_both_unelevated,FULL_ACCEPTED_CANDIDATE_EXISTS,27,FULL_ACCEPTED_CANDIDATE_EXISTS,123,96,192,FULL_ACCEPTED_CANDIDATE_EXISTS,109,1,96
36,"[335, 462]",335,462,high_conflict_both_unelevated,FULL_ACCEPTED_CANDIDATE_EXISTS,27,FULL_ACCEPTED_CANDIDATE_EXISTS,132,105,183,FULL_ACCEPTED_CANDIDATE_EXISTS,125,1,105
37,"[335, 462]",462,335,high_conflict_both_unelevated,FULL_ACCEPTED_CANDIDATE_EXISTS,27,FULL_ACCEPTED_CANDIDATE_EXISTS,131,104,184,FULL_ACCEPTED_CANDIDATE_EXISTS,117,1,104
38,"[334, 335]",334,335,high_conflict_both_unelevated,FULL_ACCEPTED_CANDIDATE_EXISTS,18,FULL_ACCEPTED_CANDIDATE_EXISTS,108,90,198,FULL_ACCEPTED_CANDIDATE_EXISTS,101,1,90
39,"[334, 335]",335,334,high_conflict_both_unelevated,FULL_ACCEPTED_CANDIDATE_EXISTS,18,FULL_ACCEPTED_CANDIDATE_EXISTS,108,90,198,FULL_ACCEPTED_CANDIDATE_EXISTS,101,1,90
40,"[0, 24]",0,24,random_both_unelevated,FULL_ACCEPTED_CANDIDATE_EXISTS,18,FULL_ACCEPTED_CANDIDATE_EXISTS,108,90,198,FULL_ACCEPTED_CANDIDATE_EXISTS,101,1,90
41,"[0, 24]",24,0,random_both_unelevated,FULL_ACCEPTED_CANDIDATE_EXISTS,72,FULL_ACCEPTED_CANDIDATE_EXISTS,234,162,126,FULL_ACCEPTED_CANDIDATE_EXISTS,224,1,162
42,"[0, 25]",0,25,random_both_unelevated,FULL_ACCEPTED_CANDIDATE_EXISTS,18,FULL_ACCEPTED_CANDIDATE_EXISTS,114,96,192,FULL_ACCEPTED_CANDIDATE_EXISTS,106,1,96
43,"[0, 25]",25,0,random_both_unelevated,FULL_ACCEPTED_CANDIDATE_EXISTS,72,FULL_ACCEPTED_CANDIDATE_EXISTS,252,180,108,FULL_ACCEPTED_CANDIDATE_EXISTS,241,1,180
44,"[1, 24]",1,24,random_both_unelevated,FULL_ACCEPTED_CANDIDATE_EXISTS,18,FULL_ACCEPTED_CANDIDATE_EXISTS,108,90,198,FULL_ACCEPTED_CANDIDATE_EXISTS,101,1,90
45,"[1, 24]",24,1,random_both_unelevated,FULL_ACCEPTED_CANDIDATE_EXISTS,72,FULL_ACCEPTED_CANDIDATE_EXISTS,234,162,126,FULL_ACCEPTED_CANDIDATE_EXISTS,224,1,162
46,"[1, 25]",1,25,random_both_unelevated,FULL_ACCEPTED_CANDIDATE_EXISTS,18,FULL_ACCEPTED_CANDIDATE_EXISTS,114,96,192,FULL_ACCEPTED_CANDIDATE_EXISTS,106,1,96
47,"[1, 25]",25,1,random_both_unelevated,FULL_ACCEPTED_CANDIDATE_EXISTS,72,FULL_ACCEPTED_CANDIDATE_EXISTS,234,162,126,FULL_ACCEPTED_CANDIDATE_EXISTS,225,1,162
48,"[2, 20]",2,20,random_both_unelevated,FULL_ACCEPTED_CANDIDATE_EXISTS,27,FULL_ACCEPTED_CANDIDATE_EXISTS,148,121,167,FULL_ACCEPTED_CANDIDATE_EXISTS,141,1,121
49,"[2, 20]",20,2,random_both_unelevated,FULL_ACCEPTED_CANDIDATE_EXISTS,36,FULL_ACCEPTED_CANDIDATE_EXISTS,189,153,135,FULL_ACCEPTED_CANDIDATE_EXISTS,180,1,153
50,"[2, 21]",2,21,random_both_unelevated,FULL_ACCEPTED_CANDIDATE_EXISTS,27,FULL_ACCEPTED_CANDIDATE_EXISTS,163,136,152,FULL_ACCEPTED_CANDIDATE_EXISTS,155,1,136
51,"[2, 21]",21,2,random_both_unelevated,FULL_ACCEPTED_CANDIDATE_EXISTS,36,FULL_ACCEPTED_CANDIDATE_EXISTS,189,153,135,FULL_ACCEPTED_CANDIDATE_EXISTS,180,1,153
52,"[3, 20]",3,20,random_both_unelevated,FULL_ACCEPTED_CANDIDATE_EXISTS,27,FULL_ACCEPTED_CANDIDATE_EXISTS,139,112,176,FULL_ACCEPTED_CANDIDATE_EXISTS,130,1,112
53,"[3, 20]",20,3,random_both_unelevated,FULL_ACCEPTED_CANDIDATE_EXISTS,36,FULL_ACCEPTED_CANDIDATE_EXISTS,180,144,144,FULL_ACCEPTED_CANDIDATE_EXISTS,172,1,144
54,"[3, 21]",3,21,random_both_unelevated,FULL_ACCEPTED_CANDIDATE_EXISTS,27,FULL_ACCEPTED_CANDIDATE_EXISTS,139,112,176,FULL_ACCEPTED_CANDIDATE_EXISTS,130,1,112
55,"[3, 21]",21,3,random_both_unelevated,FULL_ACCEPTED_CANDIDATE_EXISTS,36,FULL_ACCEPTED_CANDIDATE_EXISTS,180,144,144,FULL_ACCEPTED_CANDIDATE_EXISTS,172,1,144
56,"[4, 5]",4,5,random_both_unelevated,FULL_ACCEPTED_CANDIDATE_EXISTS,18,FULL_ACCEPTED_CANDIDATE_EXISTS,114,96,192,FULL_ACCEPTED_CANDIDATE_EXISTS,106,1,96
57,"[4, 5]",5,4,random_both_unelevated,FULL_ACCEPTED_CANDIDATE_EXISTS,18,FULL_ACCEPTED_CANDIDATE_EXISTS,114,96,192,FULL_ACCEPTED_CANDIDATE_EXISTS,106,1,96
58,"[4, 6]",4,6,random_both_unelevated,FULL_ACCEPTED_CANDIDATE_EXISTS,18,FULL_ACCEPTED_CANDIDATE_EXISTS,108,90,198,FULL_ACCEPTED_CANDIDATE_EXISTS,101,1,90
59,"[4, 6]",6,4,random_both_unelevated,FULL_ACCEPTED_CANDIDATE_EXISTS,18,FULL_ACCEPTED_CANDIDATE_EXISTS,114,96,192,FULL_ACCEPTED_CANDIDATE_EXISTS,114,1,96
60,"[5, 6]",5,6,random_both_unelevated,FULL_ACCEPTED_CANDIDATE_EXISTS,18,FULL_ACCEPTED_CANDIDATE_EXISTS,108,90,198,FULL_ACCEPTED_CANDIDATE_EXISTS,101,1,90
61,"[5, 6]",6,5,random_both_unelevated,FULL_ACCEPTED_CANDIDATE_EXISTS,18,FULL_ACCEPTED_CANDIDATE_EXISTS,122,104,184,FULL_ACCEPTED_CANDIDATE_EXISTS,122,1,104
62,"[7, 8]",7,8,random_both_unelevated,FULL_ACCEPTED_CANDIDATE_EXISTS,18,FULL_ACCEPTED_CANDIDATE_EXISTS,108,90,198,FULL_ACCEPTED_CANDIDATE_EXISTS,101,1,90
63,"[7, 8]",8,7,random_both_unelevated,FULL_ACCEPTED_CANDIDATE_EXISTS,18,FULL_ACCEPTED_CANDIDATE_EXISTS,130,112,176,FULL_ACCEPTED_CANDIDATE_EXISTS,122,1,112
64,"[7, 13]",7,13,random_both_unelevated,FULL_ACCEPTED_CANDIDATE_EXISTS,72,FULL_ACCEPTED_CANDIDATE_EXISTS,226,154,134,FULL_ACCEPTED_CANDIDATE_EXISTS,215,1,154
65,"[7, 13]",13,7,random_both_unelevated,FULL_ACCEPTED_CANDIDATE_EXISTS,36,FULL_ACCEPTED_CANDIDATE_EXISTS,171,135,153,FULL_ACCEPTED_CANDIDATE_EXISTS,171,1,135
66,"[8, 13]",8,13,random_both_unelevated,FULL_ACCEPTED_CANDIDATE_EXISTS,72,FULL_ACCEPTED_CANDIDATE_EXISTS,202,130,158,FULL_ACCEPTED_CANDIDATE_EXISTS,192,1,130
67,"[8, 13]",13,8,random_both_unelevated,FULL_ACCEPTED_CANDIDATE_EXISTS,36,FULL_ACCEPTED_CANDIDATE_EXISTS,178,142,146,FULL_ACCEPTED_CANDIDATE_EXISTS,159,1,142
68,"[9, 10]",9,10,random_both_unelevated,NO_LEGAL_WINDOW_UNDER_CURRENT_RULES,0,NO_LEGAL_WINDOW_UNDER_CURRENT_RULES,0,0,0,NO_LEGAL_WINDOW_UNDER_CURRENT_RULES,0,0,
69,"[9, 10]",10,9,random_both_unelevated,NO_LEGAL_WINDOW_UNDER_CURRENT_RULES,0,NO_LEGAL_WINDOW_UNDER_CURRENT_RULES,0,0,0,NO_LEGAL_WINDOW_UNDER_CURRENT_RULES,0,0,
70,"[9, 11]",9,11,random_both_unelevated,NO_LEGAL_WINDOW_UNDER_CURRENT_RULES,0,NO_LEGAL_WINDOW_UNDER_CURRENT_RULES,0,0,0,NO_LEGAL_WINDOW_UNDER_CURRENT_RULES,0,0,
71,"[9, 11]",11,9,random_both_unelevated,NO_LEGAL_WINDOW_UNDER_CURRENT_RULES,0,NO_LEGAL_WINDOW_UNDER_CURRENT_RULES,0,0,0,NO_LEGAL_WINDOW_UNDER_CURRENT_RULES,0,0,
72,"[10, 11]",10,11,random_both_unelevated,FULL_ACCEPTED_CANDIDATE_EXISTS,18,FULL_ACCEPTED_CANDIDATE_EXISTS,18,0,117,FULL_ACCEPTED_CANDIDATE_EXISTS,18,1,0
73,"[10, 11]",11,10,random_both_unelevated,FULL_ACCEPTED_CANDIDATE_EXISTS,9,FULL_ACCEPTED_CANDIDATE_EXISTS,9,0,117,FULL_ACCEPTED_CANDIDATE_EXISTS,9,1,0
74,"[12, 14]",12,14,random_both_unelevated,FULL_ACCEPTED_CANDIDATE_EXISTS,45,FULL_ACCEPTED_CANDIDATE_EXISTS,115,70,218,FULL_ACCEPTED_CANDIDATE_EXISTS,107,1,70
75,"[12, 14]",14,12,random_both_unelevated,FULL_ACCEPTED_CANDIDATE_EXISTS,36,FULL_ACCEPTED_CANDIDATE_EXISTS,96,60,120,FULL_ACCEPTED_CANDIDATE_EXISTS,96,1,60
76,"[12, 15]",12,15,random_both_unelevated,FULL_ACCEPTED_CANDIDATE_EXISTS,45,FULL_ACCEPTED_CANDIDATE_EXISTS,132,87,201,FULL_ACCEPTED_CANDIDATE_EXISTS,123,1,87
77,"[12, 15]",15,12,random_both_unelevated,FULL_ACCEPTED_CANDIDATE_EXISTS,36,FULL_ACCEPTED_CANDIDATE_EXISTS,96,60,120,FULL_ACCEPTED_CANDIDATE_EXISTS,96,1,60
78,"[14, 26]",14,26,random_both_unelevated,FULL_ACCEPTED_CANDIDATE_EXISTS,36,FULL_ACCEPTED_CANDIDATE_EXISTS,162,126,162,FULL_ACCEPTED_CANDIDATE_EXISTS,153,1,126
79,"[14, 26]",26,14,random_both_unelevated,FULL_ACCEPTED_CANDIDATE_EXISTS,36,FULL_ACCEPTED_CANDIDATE_EXISTS,179,143,145,FULL_ACCEPTED_CANDIDATE_EXISTS,179,1,143
80,"[34, 303]",34,303,single_elevated,NO_LEGAL_WINDOW_UNDER_CURRENT_RULES,0,NO_LEGAL_WINDOW_UNDER_CURRENT_RULES,0,0,36,NO_LEGAL_WINDOW_UNDER_CURRENT_RULES,0,0,
81,"[34, 303]",303,34,single_elevated,NO_LEGAL_WINDOW_UNDER_CURRENT_RULES,0,NO_LEGAL_WINDOW_UNDER_CURRENT_RULES,0,0,0,NO_LEGAL_WINDOW_UNDER_CURRENT_RULES,0,0,
82,"[151, 303]",151,303,single_elevated,NO_LEGAL_WINDOW_UNDER_CURRENT_RULES,0,NO_LEGAL_WINDOW_UNDER_CURRENT_RULES,0,0,108,NO_LEGAL_WINDOW_UNDER_CURRENT_RULES,0,0,
83,"[151, 303]",303,151,single_elevated,FULL_ACCEPTED_CANDIDATE_EXISTS,27,FULL_ACCEPTED_CANDIDATE_EXISTS,51,24,12,FULL_ACCEPTED_CANDIDATE_EXISTS,51,1,24
84,"[34, 35]",34,35,single_elevated,NO_LEGAL_WINDOW_UNDER_CURRENT_RULES,0,NO_LEGAL_WINDOW_UNDER_CURRENT_RULES,0,0,0,NO_LEGAL_WINDOW_UNDER_CURRENT_RULES,0,0,
85,"[34, 35]",35,34,single_elevated,NO_LEGAL_WINDOW_UNDER_CURRENT_RULES,0,NO_LEGAL_WINDOW_UNDER_CURRENT_RULES,0,0,0,NO_LEGAL_WINDOW_UNDER_CURRENT_RULES,0,0,
86,"[177, 347]",177,347,single_elevated,NO_LEGAL_WINDOW_UNDER_CURRENT_RULES,0,NO_LEGAL_WINDOW_UNDER_CURRENT_RULES,0,0,108,NO_LEGAL_WINDOW_UNDER_CURRENT_RULES,0,0,
87,"[177, 347]",347,177,single_elevated,FULL_ACCEPTED_CANDIDATE_EXISTS,27,FULL_ACCEPTED_CANDIDATE_EXISTS,60,33,3,FULL_ACCEPTED_CANDIDATE_EXISTS,60,1,33
88,"[177, 437]",177,437,single_elevated,NO_LEGAL_WINDOW_UNDER_CURRENT_RULES,0,NO_LEGAL_WINDOW_UNDER_CURRENT_RULES,0,0,108,NO_LEGAL_WINDOW_UNDER_CURRENT_RULES,0,0,
89,"[177, 437]",437,177,single_elevated,FULL_ACCEPTED_CANDIDATE_EXISTS,27,FULL_ACCEPTED_CANDIDATE_EXISTS,27,0,36,FULL_ACCEPTED_CANDIDATE_EXISTS,27,1,0
90,"[74, 265]",74,265,single_elevated,FULL_ACCEPTED_CANDIDATE_EXISTS,54,FULL_ACCEPTED_CANDIDATE_EXISTS,63,9,63,FULL_ACCEPTED_CANDIDATE_EXISTS,63,1,9
91,"[74, 265]",265,74,single_elevated,NO_LEGAL_WINDOW_UNDER_CURRENT_RULES,0,NO_LEGAL_WINDOW_UNDER_CURRENT_RULES,0,0,108,NO_LEGAL_WINDOW_UNDER_CURRENT_RULES,0,0,
92,"[265, 266]",265,266,single_elevated,NO_LEGAL_WINDOW_UNDER_CURRENT_RULES,0,NO_LEGAL_WINDOW_UNDER_CURRENT_RULES,0,0,0,NO_LEGAL_WINDOW_UNDER_CURRENT_RULES,0,0,
93,"[265, 266]",266,265,single_elevated,NO_LEGAL_WINDOW_UNDER_CURRENT_RULES,0,NO_LEGAL_WINDOW_UNDER_CURRENT_RULES,0,0,0,NO_LEGAL_WINDOW_UNDER_CURRENT_RULES,0,0,
94,"[185, 437]",185,437,single_elevated,NO_LEGAL_WINDOW_UNDER_CURRENT_RULES,0,NO_LEGAL_WINDOW_UNDER_CURRENT_RULES,0,0,72,NO_LEGAL_WINDOW_UNDER_CURRENT_RULES,0,0,
95,"[185, 437]",437,185,single_elevated,FULL_ACCEPTED_CANDIDATE_EXISTS,27,FULL_ACCEPTED_CANDIDATE_EXISTS,27,0,36,FULL_ACCEPTED_CANDIDATE_EXISTS,27,1,0
96,"[185, 287]",185,287,single_elevated,NO_LEGAL_WINDOW_UNDER_CURRENT_RULES,0,NO_LEGAL_WINDOW_UNDER_CURRENT_RULES,0,0,108,NO_LEGAL_WINDOW_UNDER_CURRENT_RULES,0,0,
97,"[185, 287]",287,185,single_elevated,FULL_ACCEPTED_CANDIDATE_EXISTS,27,FULL_ACCEPTED_CANDIDATE_EXISTS,60,33,3,FULL_ACCEPTED_CANDIDATE_EXISTS,27,1,33
98,"[186, 287]",186,287,single_elevated,NO_LEGAL_WINDOW_UNDER_CURRENT_RULES,0,NO_LEGAL_WINDOW_UNDER_CURRENT_RULES,0,0,108,NO_LEGAL_WINDOW_UNDER_CURRENT_RULES,0,0,
99,"[186, 287]",287,186,single_elevated,FULL_ACCEPTED_CANDIDATE_EXISTS,27,FULL_ACCEPTED_CANDIDATE_EXISTS,60,33,3,FULL_ACCEPTED_CANDIDATE_EXISTS,27,1,33
100,"[34, 177]",34,177,both_elevated,NO_LEGAL_WINDOW_UNDER_CURRENT_RULES,0,NO_LEGAL_WINDOW_UNDER_CURRENT_RULES,0,0,0,NO_LEGAL_WINDOW_UNDER_CURRENT_RULES,0,0,
101,"[34, 177]",177,34,both_elevated,NO_LEGAL_WINDOW_UNDER_CURRENT_RULES,0,NO_LEGAL_WINDOW_UNDER_CURRENT_RULES,0,0,0,NO_LEGAL_WINDOW_UNDER_CURRENT_RULES,0,0,
102,"[177, 185]",177,185,both_elevated,NO_LEGAL_WINDOW_UNDER_CURRENT_RULES,0,NO_LEGAL_WINDOW_UNDER_CURRENT_RULES,0,0,0,NO_LEGAL_WINDOW_UNDER_CURRENT_RULES,0,0,
103,"[177, 185]",185,177,both_elevated,NO_LEGAL_WINDOW_UNDER_CURRENT_RULES,0,NO_LEGAL_WINDOW_UNDER_CURRENT_RULES,0,0,0,NO_LEGAL_WINDOW_UNDER_CURRENT_RULES,0,0,
104,"[34, 185]",34,185,both_elevated,NO_LEGAL_WINDOW_UNDER_CURRENT_RULES,0,NO_LEGAL_WINDOW_UNDER_CURRENT_RULES,0,0,0,NO_LEGAL_WINDOW_UNDER_CURRENT_RULES,0,0,
105,"[34, 185]",185,34,both_elevated,NO_LEGAL_WINDOW_UNDER_CURRENT_RULES,0,NO_LEGAL_WINDOW_UNDER_CURRENT_RULES,0,0,0,NO_LEGAL_WINDOW_UNDER_CURRENT_RULES,0,0,
106,"[151, 152]",151,152,both_elevated,NO_LEGAL_WINDOW_UNDER_CURRENT_RULES,0,NO_LEGAL_WINDOW_UNDER_CURRENT_RULES,0,0,0,NO_LEGAL_WINDOW_UNDER_CURRENT_RULES,0,0,
107,"[151, 152]",152,151,both_elevated,NO_LEGAL_WINDOW_UNDER_CURRENT_RULES,0,NO_LEGAL_WINDOW_UNDER_CURRENT_RULES,0,0,0,NO_LEGAL_WINDOW_UNDER_CURRENT_RULES,0,0,
108,"[151, 153]",151,153,both_elevated,NO_LEGAL_WINDOW_UNDER_CURRENT_RULES,0,NO_LEGAL_WINDOW_UNDER_CURRENT_RULES,0,0,0,NO_LEGAL_WINDOW_UNDER_CURRENT_RULES,0,0,
109,"[151, 153]",153,151,both_elevated,NO_LEGAL_WINDOW_UNDER_CURRENT_RULES,0,NO_LEGAL_WINDOW_UNDER_CURRENT_RULES,0,0,0,NO_LEGAL_WINDOW_UNDER_CURRENT_RULES,0,0,
110,"[152, 153]",152,153,both_elevated,NO_LEGAL_WINDOW_UNDER_CURRENT_RULES,0,NO_LEGAL_WINDOW_UNDER_CURRENT_RULES,0,0,0,NO_LEGAL_WINDOW_UNDER_CURRENT_RULES,0,0,
111,"[152, 153]",153,152,both_elevated,NO_LEGAL_WINDOW_UNDER_CURRENT_RULES,0,NO_LEGAL_WINDOW_UNDER_CURRENT_RULES,0,0,0,NO_LEGAL_WINDOW_UNDER_CURRENT_RULES,0,0,
112,"[265, 436]",265,436,both_elevated,BASIC_PASSES_FULL_NO_NET_GAIN,18,BASIC_PASSES_FULL_NO_NET_GAIN,81,63,225,BASIC_PASSES_FULL_CHECK_CAPPED,81,0,63
113,"[265, 436]",436,265,both_elevated,FULL_ACCEPTED_CANDIDATE_EXISTS,54,FULL_ACCEPTED_CANDIDATE_EXISTS,90,36,36,FULL_ACCEPTED_CANDIDATE_EXISTS,90,1,36
114,"[273, 274]",273,274,both_elevated,FULL_ACCEPTED_CANDIDATE_EXISTS,18,FULL_ACCEPTED_CANDIDATE_EXISTS,108,90,198,FULL_ACCEPTED_CANDIDATE_EXISTS,100,1,90
115,"[273, 274]",274,273,both_elevated,FULL_ACCEPTED_CANDIDATE_EXISTS,18,FULL_ACCEPTED_CANDIDATE_EXISTS,108,90,198,FULL_ACCEPTED_CANDIDATE_EXISTS,101,1,90
116,"[273, 275]",273,275,both_elevated,FULL_ACCEPTED_CANDIDATE_EXISTS,18,FULL_ACCEPTED_CANDIDATE_EXISTS,108,90,198,FULL_ACCEPTED_CANDIDATE_EXISTS,100,1,90
117,"[273, 275]",275,273,both_elevated,FULL_ACCEPTED_CANDIDATE_EXISTS,18,FULL_ACCEPTED_CANDIDATE_EXISTS,115,97,191,FULL_ACCEPTED_CANDIDATE_EXISTS,108,1,97
118,"[274, 275]",274,275,both_elevated,FULL_ACCEPTED_CANDIDATE_EXISTS,18,FULL_ACCEPTED_CANDIDATE_EXISTS,108,90,198,FULL_ACCEPTED_CANDIDATE_EXISTS,100,1,90
119,"[274, 275]",275,274,both_elevated,FULL_ACCEPTED_CANDIDATE_EXISTS,18,FULL_ACCEPTED_CANDIDATE_EXISTS,122,104,184,FULL_ACCEPTED_CANDIDATE_EXISTS,114,1,104
