route_id,port1,port2,index1,index2,sx_mm,sy_mm,lx_mm,ly_mm,track_y_mm,radius_mm,dx_mm,straight_length_mm,arc_length_mm,total_length_mm,bend_count,bend_total_deg,crossing_count,min_crossing_angle_deg,straight_loss_db,bend_loss_db,crossing_loss_db,total_loss_db,geometry_valid,geometry_issue_kinds,legacy_length_mm,legacy_crossing_count,legacy_loss_db
0,8,1,15,30,145.1,150.0,132.2,0.0,31.4,5.0,12.900000000000006,142.9,15.707963267948966,158.60796326794897,2,180.0,14,50.20818050044283,0.7145,4.76514595344064,0.027678573435375293,5.507324526876015,True,,158.608,14,5.507562874005697
1,8,1,15,30,145.4,150.0,132.5,0.0,31.1,5.0,12.900000000000006,142.9,15.707963267948966,158.60796326794897,2,180.0,14,47.062513408810574,0.7145,4.76514595344064,0.029404773945585116,5.509050727386225,True,,158.608,14,5.510479526624736
2,9,1,14,30,136.1,150.0,131.6,0.0,34.4,5.0,4.5,141.64835345575497,9.884320889261527,151.5326743450165,2,113.26597406153647,24,53.47562917057836,0.7082417672787749,2.9984938775657937,0.046130974455794914,3.7528666193003635,True,,151.5327,24,3.7531346077283447
3,9,1,14,30,136.4,150.0,131.9,0.0,34.1,5.0,4.5,141.64835345575497,9.884320889261527,151.5326743450165,2,113.26597406153647,24,49.06786389602433,0.7082417672787749,2.9984938775657937,0.04770838250002808,3.7544440273445967,True,,151.5327,24,3.75524770798345
4,1,26,30,1,129.5,0.0,18.5,150.0,116.0,5.0,111.0,241.0,15.707963267948966,256.70796326794897,2,180.0,109,40.535802111316556,1.205,4.76514595344064,0.2047024712585553,6.174848424699195,True,,256.708,109,6.1756224359444944
5,1,26,30,1,129.8,0.0,18.8,150.0,116.3,5.0,111.00000000000001,241.0,15.707963267948966,256.70796326794897,2,180.0,109,45.57299599919425,1.205,4.76514595344064,0.197678657721138,6.167824611161778,True,,256.708,109,6.168033121131552
6,1,26,30,1,130.1,0.0,19.1,150.0,116.6,5.0,111.0,241.0,15.707963267948966,256.70796326794897,2,180.0,109,50.20818050044273,1.205,4.76514595344064,0.1938690817347136,6.164015035175353,True,,256.708,109,6.164521270553353
7,1,26,30,1,130.4,0.0,19.4,150.0,116.9,5.0,111.0,241.0,15.707963267948966,256.70796326794897,2,180.0,109,50.20818050044267,1.205,4.76514595344064,0.19318459705786523,6.163330550498505,True,,256.708,109,6.163836701590741
8,1,26,30,1,130.7,0.0,19.7,150.0,117.2,5.0,110.99999999999999,241.0,15.707963267948966,256.70796326794897,2,180.0,109,45.57299599919423,1.205,4.76514595344064,0.19491074137756678,6.165056694818206,True,,256.708,109,6.165622435944494
9,1,54,30,17,129.2,0.0,14.9,0.0,27.5,5.0,114.29999999999998,149.29999999999998,15.707963267948966,165.00796326794895,2,180.0,108,40.535802111316535,0.7464999999999999,4.76514595344064,0.1905952541496693,5.702241207590309,True,,165.008,108,5.702241419345818
10,1,58,30,20,128.3,0.0,40.4,0.0,26.6,5.0,87.9,121.1,15.707963267948966,136.80796326794896,2,180.0,88,54.54945736082454,0.6055,4.76514595344064,0.1483928390816223,5.519038792522262,True,,136.808,88,5.518830706063506
11,1,58,30,20,128.6,0.0,40.1,0.0,26.9,5.0,88.5,122.30000000000001,15.707963267948966,138.00796326794898,2,180.0,88,50.20818050044275,0.6115,4.76514595344064,0.1498214265646247,5.526467380005265,True,,138.008,88,5.526318799294796
12,1,58,30,20,128.9,0.0,39.8,0.0,27.2,5.0,89.10000000000001,123.50000000000001,15.707963267948966,139.20796326794897,2,180.0,88,45.57299599919425,0.6175,4.76514595344064,0.15309525414966904,5.535741207590308,True,,139.208,88,5.5355925987845875
13,11,2,27,10,103.1,0.0,100.1,150.0,110.0,5.0,3.0,142.85857157145716,7.953988301841422,150.8125598732986,2,91.14599199838847,85,66.42182152179818,0.7142928578572858,2.4129108607969645,0.14744046615645684,3.2746441848107075,True,,150.8126,85,3.2744062781653
14,11,2,27,10,103.4,0.0,100.4,150.0,110.3,5.0,3.0,142.85857157145716,7.953988301841422,150.8125598732986,2,91.14599199838847,85,62.61289249734594,0.7142928578572858,2.4129108607969645,0.14916666666666667,3.2763703853209174,True,,150.8126,85,3.2762217934884514
15,11,2,27,10,103.7,0.0,100.7,150.0,110.6,5.0,3.0,142.85857157145716,7.953988301841422,150.8125598732986,2,91.14599199838847,85,58.66774850240561,0.7142928578572858,2.4129108607969645,0.14937502107144063,3.276578739725691,True,,150.8126,85,3.2769360872299527
16,11,2,27,10,104.0,0.0,101.0,150.0,110.9,5.0,3.0,142.85857157145716,7.953988301841422,150.8125598732986,2,91.14599199838847,85,54.549457360824505,0.7142928578572858,2.4129108607969645,0.1472321679421912,3.2744358865964416,True,,150.8126,85,3.274525402042894
17,2,56,10,18,98.0,150.0,20.9,0.0,48.2,5.0,77.1,207.09999999999997,15.707963267948966,222.80796326794894,2,180.0,96,34.91520624744412,1.0354999999999999,4.76514595344064,0.17738098850342218,5.978026941944062,True,,222.808,96,5.979306948716597
18,2,56,10,18,98.3,150.0,21.2,0.0,47.9,5.0,77.1,207.1,15.707963267948966,222.80796326794896,2,180.0,96,40.53580211131668,1.0355,4.76514595344064,0.17479172988098865,5.975437683321628,True,,222.808,96,5.976628375281222
19,2,56,10,18,98.6,150.0,21.5,0.0,47.6,5.0,77.1,207.1,15.707963267948966,222.80796326794896,2,180.0,96,45.57299599919425,1.0355,4.76514595344064,0.17330363664969725,5.973949590090337,True,,222.808,96,5.974426016403683
20,8,6,15,31,145.7,150.0,141.2,0.0,30.8,5.0,4.5,141.64835345575497,9.884320889261533,151.53267434501652,2,113.26597406153651,0,,0.7082417672787749,2.9984938775657954,0.0,3.7067356448445703,True,,151.5327,0,3.706735773119487
21,8,6,15,31,146.0,150.0,141.5,0.0,30.5,5.0,4.5,141.64835345575497,9.884320889261527,151.5326743450165,2,113.26597406153647,0,,0.7082417672787749,2.9984938775657937,0.0,3.7067356448445685,True,,151.5327,0,3.706735773119487
22,6,9,31,14,140.6,0.0,136.7,150.0,120.2,5.0,3.9000000000000057,142.07598586573698,9.147357358699754,151.22334322443675,2,104.82099407028636,14,47.747321303957065,0.7103799293286849,2.774929642942504,0.034017874200690024,3.5193274464718787,True,,151.2233,14,3.5195355847544674
23,6,9,31,14,140.9,0.0,137.0,150.0,120.5,5.0,3.9000000000000057,142.07598586573698,9.147357358699754,151.22334322443675,2,104.82099407028636,14,42.911907388320195,0.7103799293286849,2.774929642942504,0.03875004214288123,3.5240596144140697,True,,151.2233,14,3.5237618133599313
24,6,10,31,6,139.4,0.0,62.3,150.0,119.0,5.0,77.10000000000001,207.10000000000002,15.707963267948966,222.807963267949,2,180.0,94,40.53580211131668,1.0355,4.76514595344064,0.16755953384354327,5.968205487284183,True,,222.808,94,5.96841408153972
25,6,10,31,6,139.7,0.0,62.6,150.0,119.3,5.0,77.1,207.09999999999997,15.707963267948966,222.80796326794894,2,180.0,94,45.57299599919425,1.0354999999999999,4.76514595344064,0.16848212579931013,5.96912807923995,True,,222.808,94,5.968890268002302
26,6,10,31,6,140.0,0.0,62.9,150.0,119.6,5.0,77.1,207.1,15.707963267948966,222.80796326794896,2,180.0,94,40.535802111316556,1.0355,4.76514595344064,0.16499997190474597,5.9656459253453855,True,,222.808,94,5.965795013852634
27,6,10,31,6,140.3,0.0,63.2,150.0,119.9,5.0,77.10000000000001,207.1,15.707963267948966,222.80796326794896,2,180.0,94,34.915206247444075,1.0355,4.76514595344064,0.16199400447276455,5.962639957913404,True,,222.808,94,5.963860487032904
28,6,11,31,27,137.0,0.0,105.5,0.0,5.0,5.0,31.5,21.5,15.707963267948966,37.20796326794897,2,180.0,48,66.42182152179815,0.1075,4.76514595344064,0.08202381353741718,4.954669766978057,True,,37.208,48,4.954550939141734
29,6,11,31,27,137.3,0.0,105.2,0.0,5.3,5.0,32.10000000000001,22.70000000000001,15.707963267948966,38.40796326794897,2,180.0,48,62.61289249734613,0.11350000000000005,4.76514595344064,0.08086308620747774,4.959509039648117,True,,38.408,48,4.959836645400233
30,6,11,31,27,137.6,0.0,104.9,0.0,12.2,5.0,32.69999999999999,37.09999999999999,15.707963267948966,52.80796326794895,2,180.0,48,80.79310377865409,0.18549999999999994,4.76514595344064,0.08020832630951971,5.03085427975016,True,,52.808,48,5.0309735310975
31,6,29,31,0,139.1,0.0,10.7,150.0,118.7,5.0,128.4,258.4,15.707963267948966,274.10796326794895,2,180.0,121,34.9152062474443,1.2919999999999998,4.76514595344064,0.22130954789117066,6.27845550133181,True,,274.108,121,6.280330790349268
32,6,41,31,25,137.9,0.0,86.0,0.0,28.7,5.0,51.900000000000006,89.30000000000001,15.707963267948966,105.00796326794898,2,180.0,72,40.535802111316535,0.44650000000000006,4.76514595344064,0.13255953384354305,5.344205487284183,True,,105.008,72,5.344443806318609
33,6,51,31,24,138.2,0.0,78.2,0.0,29.0,5.0,59.999999999999986,97.99999999999999,15.707963267948966,113.70796326794895,2,180.0,81,45.57299599919436,0.48999999999999994,4.76514595344064,0.14389883460885783,5.399044788049498,True,,113.708,81,5.3986283471859675
34,6,53,31,16,138.8,0.0,5.6,0.0,29.6,5.0,133.20000000000002,172.4,15.707963267948966,188.10796326794897,2,180.0,123,47.062513408810574,0.8620000000000001,4.76514595344064,0.21431551532315204,5.841461468763792,True,,188.108,123,5.842384272475067
35,6,58,31,20,138.5,0.0,39.5,0.0,29.3,5.0,99.0,137.6,15.707963267948966,153.30796326794896,2,180.0,95,50.20818050044275,0.688,4.76514595344064,0.16163691379252224,5.614782867233162,True,,153.308,95,5.616449745655338
36,8,12,15,12,141.5,150.0,119.0,150.0,122.9,5.0,22.5,56.69999999999999,15.707963267948966,72.40796326794896,2,180.0,32,40.53580211131633,0.2835,4.76514595344064,0.06767857343537527,5.116324526876015,True,,72.408,32,5.116324794822033
37,8,12,15,12,141.8,150.0,118.7,150.0,122.6,5.0,23.10000000000001,57.90000000000002,15.707963267948966,73.60796326794899,2,180.0,32,45.57299599919425,0.2895000000000001,4.76514595344064,0.061874992976186434,5.116520946416826,True,,73.608,32,5.11667000682882
38,8,12,15,12,142.1,150.0,118.4,150.0,122.3,5.0,23.69999999999999,59.099999999999994,15.707963267948966,74.80796326794896,2,180.0,32,50.20818050044273,0.2955,4.76514595344064,0.060505967431981354,5.121151920872621,True,,74.808,32,5.121271200315216
39,8,12,15,12,142.4,150.0,118.1,150.0,122.0,5.0,24.30000000000001,60.30000000000001,15.707963267948966,76.00796326794898,2,180.0,32,54.549457360824505,0.30150000000000005,4.76514595344064,0.05872026117348254,5.125366214614123,True,,76.008,32,5.124949773750592
40,8,16,15,7,142.7,150.0,73.4,150.0,121.7,5.0,69.29999999999998,105.89999999999998,15.707963267948966,121.60796326794895,2,180.0,84,57.9926700185548,0.5294999999999999,4.76514595344064,0.14151787420068995,5.436163827641329,True,,121.608,84,5.435955656896811
41,8,16,15,7,143.0,150.0,73.1,150.0,121.4,5.0,69.9,107.1,15.707963267948966,122.80796326794896,2,180.0,84,52.7795288339142,0.5355,4.76514595344064,0.14184524010204191,5.442491193542682,True,,122.808,84,5.442818771199543
42,8,16,15,7,143.3,150.0,72.8,150.0,121.1,5.0,70.50000000000001,108.30000000000003,15.707963267948966,124.007963267949,2,180.0,84,47.747321303957065,0.5415000000000001,4.76514595344064,0.14723216794219118,5.453878121382831,True,,124.008,84,5.45372951257711
43,8,17,15,5,143.6,150.0,55.1,150.0,120.8,5.0,88.5,126.9,15.707963267948966,142.60796326794897,2,180.0,96,34.915206247444075,0.6345000000000001,4.76514595344064,0.18267862962588383,5.582324583066524,True,,142.608,96,5.583842640927469
44,8,53,15,16,143.9,150.0,5.3,0.0,33.2,5.0,138.6,268.59999999999997,15.707963267948966,284.30796326794894,2,180.0,125,45.57299599919425,1.3429999999999997,4.76514595344064,0.22517860153062993,6.33332455497127,True,,284.308,125,6.333027181794826
45,8,56,15,18,144.2,150.0,23.9,0.0,32.9,5.0,120.29999999999998,250.29999999999998,15.707963267948966,266.0079632679489,2,180.0,106,50.20818050044289,1.2514999999999998,4.76514595344064,0.18642858748300262,6.203074540923643,True,,266.008,106,6.203134314617948
46,8,56,15,18,144.5,150.0,24.2,0.0,32.6,5.0,120.3,250.29999999999998,15.707963267948966,266.0079632679489,2,180.0,106,54.549457360824576,1.2514999999999998,4.76514595344064,0.1830357203061261,6.199681673746766,True,,266.008,106,6.200009335689389
47,8,56,15,18,144.8,150.0,24.5,0.0,32.3,5.0,120.30000000000001,250.3,15.707963267948966,266.007963267949,2,180.0,106,58.66774850240584,1.2515,4.76514595344064,0.18425595338435455,6.200901906824995,True,,266.008,106,6.201943862509118
48,9,13,14,11,132.5,150.0,110.0,150.0,144.8,5.0,22.5,12.899999999999977,15.707963267948966,28.607963267948943,2,180.0,32,84.2608295227332,0.06449999999999989,4.76514595344064,0.05410713282312349,4.883753086263763,True,,28.608,32,4.88363425842744
49,9,13,14,11,132.8,150.0,109.7,150.0,144.5,5.0,23.10000000000001,14.100000000000009,15.707963267948966,29.807963267948974,2,180.0,32,87.70755722404408,0.07050000000000005,4.76514595344064,0.05395831226189269,4.889604265702532,True,,29.808,32,4.889425932117921
50,9,13,14,11,133.1,150.0,109.4,150.0,144.2,5.0,23.69999999999999,15.300000000000011,15.707963267948966,31.007963267948977,2,180.0,32,84.2608295227332,0.07650000000000005,4.76514595344064,0.053511906768708595,4.895157860209348,True,,31.008,32,4.8951580438696025
51,9,13,14,11,133.4,150.0,109.1,150.0,143.9,5.0,24.30000000000001,16.5,15.707963267948966,32.20796326794897,2,180.0,32,80.7931037786543,0.0825,4.76514595344064,0.053541659642853096,4.901187613083493,True,,32.208,32,4.9013068644308335
52,9,17,14,5,134.6,150.0,55.4,150.0,124.1,5.0,79.19999999999999,111.0,15.707963267948966,126.70796326794897,2,180.0,95,40.53580211131633,0.555,4.76514595344064,0.1719345549149839,5.492080508355623,True,,126.708,95,5.492437895077137
53,9,19,14,9,133.7,150.0,92.0,150.0,125.0,5.0,41.69999999999999,71.69999999999999,15.707963267948966,87.40796326794896,2,180.0,60,40.535802111316556,0.35849999999999993,4.76514595344064,0.11508931481294168,5.238735268253581,True,,87.408,60,5.2393307622540135
54,9,19,14,9,134.0,150.0,91.7,150.0,124.7,5.0,42.3,72.90000000000002,15.707963267948944,88.60796326794896,2,180.0,60,45.57299599919436,0.3645000000000001,4.765145953440633,0.11297624265309092,5.242622196093724,True,,88.608,60,5.243068869532932
55,9,19,14,9,134.3,150.0,91.4,150.0,124.4,5.0,42.900000000000006,74.1,15.707963267948966,89.80796326794896,2,180.0,60,45.57299599919425,0.3705,4.76514595344064,0.11395839654765505,5.249604349988295,True,,89.808,60,5.249485522151971
56,9,39,14,29,135.2,150.0,122.9,0.0,35.3,5.0,12.299999999999983,142.29999999999998,15.707963267948966,158.00796326794895,2,180.0,36,54.549457360824505,0.7114999999999999,4.76514595344064,0.06404759897958034,5.54069355242022,True,,158.008,36,5.5410509672369885
57,9,39,14,29,135.5,150.0,123.2,0.0,35.0,5.0,12.299999999999997,142.3,15.707963267948966,158.00796326794898,2,180.0,36,50.20818050044273,0.7115,4.76514595344064,0.06523807918366428,5.541884032624304,True,,158.008,36,5.542122407849241
58,9,39,14,29,135.8,150.0,123.5,0.0,34.7,5.0,12.300000000000011,142.3,15.707963267948966,158.00796326794898,2,180.0,36,45.57299599919425,0.7115,4.76514595344064,0.07023810727891841,5.546884060719558,True,,158.008,36,5.546527153699571
59,9,51,14,24,134.9,150.0,77.9,0.0,35.6,5.0,57.0,187.0,15.707963267948966,202.70796326794897,2,180.0,93,34.91520624744412,0.935,4.76514595344064,0.174166694761921,5.874312648202561,True,,202.708,93,5.875801009379869
60,12,10,12,6,114.8,150.0,63.5,150.0,128.9,5.0,51.3,73.49999999999999,15.707963267948966,89.20796326794895,2,180.0,76,40.53580211131666,0.36749999999999994,4.76514595344064,0.14666666666666664,5.279312620107306,True,,89.208,76,5.279551023427496
61,12,10,12,6,114.5,150.0,63.8,150.0,129.2,5.0,50.7,72.30000000000003,15.707963267948966,88.007963267949,2,180.0,76,40.53580211131679,0.36150000000000015,4.76514595344064,0.14699406066327272,5.273640014103913,True,,88.008,76,5.273193876556745
62,13,10,11,6,105.8,150.0,64.1,150.0,142.1,5.0,41.7,37.500000000000014,15.707963267948966,53.20796326794898,2,180.0,62,58.66774850240584,0.18750000000000008,4.76514595344064,0.10764882056123068,5.06029477400187,True,,53.208,62,5.060175918070293
63,13,10,11,6,105.5,150.0,64.4,150.0,142.4,5.0,41.099999999999994,36.29999999999998,15.707963267948966,52.00796326794895,2,180.0,62,62.61289249734631,0.1814999999999999,4.76514595344064,0.10497021903060125,5.051616172471241,True,,52.008,62,5.052062817815188
64,19,10,9,6,87.8,150.0,64.7,150.0,144.5,5.0,23.099999999999994,14.099999999999994,15.707963267948966,29.80796326794896,2,180.0,32,87.70755722404408,0.07049999999999998,4.76514595344064,0.05363094636054074,4.889276899801181,True,,29.808,32,4.889128290995459
65,19,10,9,6,87.5,150.0,65.0,150.0,144.8,5.0,22.5,12.899999999999977,15.707963267948966,28.607963267948943,2,180.0,32,84.2608295227332,0.06449999999999989,4.76514595344064,0.05410713282312348,4.883753086263763,True,,28.608,32,4.88363425842744
66,10,24,6,4,60.5,150.0,47.0,150.0,144.8,5.0,13.5,3.8999999999999773,15.707963267948966,19.607963267948943,2,180.0,16,72.42223256675352,0.019499999999999885,4.76514595344064,0.028214293741501188,4.812860247182141,True,,19.608,16,4.813634230332187
67,33,10,26,6,95.3,0.0,62.0,150.0,108.2,5.0,33.3,163.3,15.707963267948966,179.00796326794898,2,180.0,108,45.572995999194305,0.8165000000000001,4.76514595344064,0.19330358045918897,5.77494953389983,True,,179.008,108,5.7752176339036545
68,51,10,24,6,76.7,0.0,61.4,150.0,105.2,5.0,15.300000000000004,145.3,15.707963267948966,161.00796326794898,2,180.0,114,40.53580211131662,0.7265,4.76514595344064,0.20166669476192103,5.693312648202561,True,,161.008,114,5.693253326114526
69,51,10,24,6,77.0,0.0,61.7,150.0,105.5,5.0,15.299999999999997,145.3,15.707963267948966,161.00796326794898,2,180.0,114,34.9152062474443,0.7265,4.76514595344064,0.20062503511906793,5.692270988559708,True,,161.008,114,5.694116440417258
70,10,53,6,16,60.8,150.0,3.5,0.0,54.8,5.0,57.3,187.3,15.707963267948966,203.00796326794898,2,180.0,80,48.484021641870534,0.9365000000000001,4.76514595344064,0.14080358045918875,5.842449533899829,True,,203.008,80,5.842509307594135
71,10,58,6,20,61.1,150.0,38.6,0.0,54.5,5.0,22.5,152.5,15.707963267948966,168.20796326794897,2,180.0,98,40.53580211131662,0.7625000000000001,4.76514595344064,0.1757143218367555,5.7033602752773955,True,,168.208,98,5.703360487032905
72,13,11,11,27,107.3,150.0,104.3,0.0,44.0,5.0,3.0,142.85857157145716,7.953988301841438,150.8125598732986,2,91.14599199838861,79,61.696444725292366,0.7142928578572858,2.4129108607969694,0.13619045210882968,3.2633941707630845,True,,150.8126,79,3.2633348656483014
73,13,11,11,27,107.6,150.0,104.6,0.0,43.7,5.0,3.0,142.85857157145713,7.953988301841438,150.81255987329857,2,91.14599199838861,79,57.714200215390484,0.7142928578572857,2.4129108607969694,0.13669641954081105,3.263900138195066,True,,150.8126,79,3.2635431919578215
74,11,26,27,1,102.8,0.0,18.2,150.0,109.7,5.0,84.6,214.60000000000002,15.707963267948966,230.307963267949,2,180.0,109,34.9152062474443,1.0730000000000002,4.76514595344064,0.2056250351190679,6.043770988559708,True,,230.308,109,6.044396263529538
75,11,48,27,21,101.3,0.0,50.9,0.0,17.3,5.0,50.4,65.0,15.707963267948966,80.70796326794897,2,180.0,57,54.549457360824626,0.325,4.76514595344064,0.0990178742006899,5.189163827641329,True,,80.708,57,5.188896179243775
76,11,51,27,24,101.0,0.0,78.5,0.0,5.0,5.0,22.5,12.5,15.707963267948966,28.207963267948966,2,180.0,32,66.42182152179815,0.0625,4.76514595344064,0.056101193486396264,4.883747146927036,True,,28.208,32,4.883747386777799
77,12,33,12,26,117.8,150.0,96.2,0.0,39.5,5.0,21.599999999999994,151.6,15.707963267948966,167.30796326794896,2,180.0,87,34.91520624744412,0.758,4.76514595344064,0.15937499297618649,5.682520946416826,True,,167.308,87,5.683949773750592
78,12,48,12,21,116.9,150.0,50.0,0.0,41.0,5.0,66.9,196.9,15.707963267948966,212.60796326794897,2,180.0,110,58.667748502405686,0.9845,4.76514595344064,0.18720238697279282,5.936848340413432,True,,212.608,110,5.937265204787981
79,12,48,12,21,117.2,150.0,50.3,0.0,40.7,5.0,66.9,196.89999999999998,15.707963267948966,212.60796326794895,2,180.0,110,54.549457360824576,0.9844999999999999,4.76514595344064,0.18598209770405608,5.935628051144696,True,,212.608,110,5.935539004277771
80,12,48,12,21,117.5,150.0,50.6,0.0,40.4,5.0,66.9,196.9,15.707963267948966,212.60796326794897,2,180.0,110,50.20818050044278,0.9845,4.76514595344064,0.18791662452378569,5.937562577964425,True,,212.608,110,5.937533093036298
81,12,53,12,16,115.1,150.0,4.7,0.0,42.8,5.0,110.39999999999999,240.39999999999998,15.707963267948966,256.10796326794895,2,180.0,121,45.57299599919425,1.202,4.76514595344064,0.21315478799321247,6.180300741433852,True,,256.108,121,6.180003368257408
82,12,56,12,18,115.4,150.0,23.0,0.0,42.5,5.0,92.4,222.4,15.707963267948966,238.10796326794897,2,180.0,107,50.20818050044273,1.112,4.76514595344064,0.18449406066327295,6.061640014103912,True,,238.108,107,6.061789046420653
83,12,56,12,18,115.7,150.0,23.3,0.0,42.2,5.0,92.4,222.39999999999998,15.707963267948966,238.10796326794895,2,180.0,107,54.549457360824505,1.1119999999999999,4.76514595344064,0.18500002809525437,6.0621459815358945,True,,238.108,107,6.0625033120669
84,12,56,12,18,116.0,150.0,23.6,0.0,41.9,5.0,92.4,222.4,15.707963267948966,238.10796326794897,2,180.0,107,58.667748502405686,1.112,4.76514595344064,0.18758934290819615,6.064735296348836,True,,238.108,107,6.065122379753986
85,1,13,30,11,131.3,0.0,108.8,150.0,117.8,5.0,22.500000000000014,152.5,15.707963267948966,168.20796326794897,2,180.0,56,34.9152062474443,0.7625000000000001,4.76514595344064,0.11363097445579483,5.641276927896435,True,,168.208,56,5.642378361233593
86,39,13,29,11,122.0,0.0,107.9,150.0,114.2,5.0,14.099999999999994,144.1,15.707963267948966,159.80796326794896,2,180.0,64,50.20818050044273,0.7205,4.76514595344064,0.11479167369048007,5.60043762713112,True,,159.808,64,5.600735536199599
87,39,13,29,11,122.3,0.0,108.2,150.0,114.5,5.0,14.099999999999994,144.1,15.707963267948966,159.80796326794896,2,180.0,64,45.57299599919425,0.7205,4.76514595344064,0.11738096040816771,5.603026913848808,True,,159.808,64,5.603176002356055
88,39,13,29,11,122.6,0.0,108.5,150.0,114.8,5.0,14.099999999999994,144.1,15.707963267948966,159.80796326794896,2,180.0,64,40.535802111316556,0.7205,4.76514595344064,0.12187499297618631,5.607520946416827,True,,159.808,64,5.607818855485305
89,13,48,11,21,106.7,150.0,49.7,0.0,44.6,5.0,57.0,187.0,15.707963267948966,202.70796326794897,2,180.0,107,50.20818050044284,0.935,4.76514595344064,0.18877982311228006,5.888925776552919,True,,202.708,107,5.889491461488698
90,13,51,11,24,107.0,150.0,77.6,0.0,44.3,5.0,29.400000000000006,159.4,15.707963267948966,175.10796326794897,2,180.0,103,45.57299599919425,0.797,4.76514595344064,0.18583338952384187,5.747979342964482,True,,175.108,103,5.748128347185967
91,13,53,11,16,106.1,150.0,4.4,0.0,45.2,5.0,101.69999999999999,231.7,15.707963267948966,247.40796326794896,2,180.0,110,40.53580211131647,1.1584999999999999,4.76514595344064,0.20130957598642452,6.124955529427064,True,,247.408,110,6.125551023427496
92,13,57,11,19,106.4,150.0,30.5,0.0,44.9,5.0,75.9,205.9,15.707963267948966,221.60796326794897,2,180.0,98,54.549457360824576,1.0295,4.76514595344064,0.1703869559354035,5.965032909376043,True,,221.608,98,5.965598594311822
93,14,16,13,7,124.7,150.0,74.0,150.0,127.1,5.0,50.7,76.50000000000001,15.707963267948966,92.20796326794898,2,180.0,76,50.20818050044296,0.38250000000000006,4.76514595344064,0.13410713282312345,5.281753086263763,True,,92.208,76,5.281961708614554
94,14,16,13,7,125.0,150.0,73.7,150.0,126.8,5.0,51.3,77.69999999999997,15.707963267948987,93.40796326794896,2,180.0,76,50.20818050044273,0.3884999999999999,4.765145953440646,0.13249997190474577,5.286145925345392,True,,93.408,76,5.285729540672363
95,14,17,13,5,125.3,150.0,56.0,150.0,126.5,5.0,69.3,96.3,15.707963267948966,112.00796326794897,2,180.0,94,45.57299599919425,0.4815,4.76514595344064,0.16547615836732865,5.412122111807968,True,,112.008,94,5.411943834413864
96,14,17,13,5,125.6,150.0,55.7,150.0,126.2,5.0,69.89999999999999,97.50000000000001,15.707963267948944,113.20796326794895,2,180.0,94,40.535802111316556,0.4875000000000001,4.765145953440633,0.17038689974489518,5.423032853185528,True,,113.208,94,5.423092654975096
97,14,18,13,8,124.1,150.0,82.4,150.0,127.7,5.0,41.69999999999999,66.30000000000001,15.707963267948944,82.00796326794895,2,180.0,64,40.53580211131666,0.3315000000000001,4.765145953440633,0.12205362260206995,5.218699576042702,True,,82.008,64,5.219533121131553
98,14,18,13,8,124.4,150.0,82.1,150.0,127.4,5.0,42.30000000000001,67.5,15.707963267948966,83.20796326794897,2,180.0,64,45.57299599919425,0.3375,4.76514595344064,0.11869053639459212,5.221336489835232,True,,83.208,64,5.221574780774405
99,14,18,13,8,123.5,150.0,83.0,150.0,139.7,5.0,40.5,41.10000000000002,15.707963267948966,56.80796326794899,2,180.0,64,58.66774850240584,0.20550000000000013,4.76514595344064,0.10869048020408381,5.079336433644723,True,,56.808,64,5.079574752679151
100,14,18,13,8,123.8,150.0,82.7,150.0,138.8,5.0,41.099999999999994,43.49999999999997,15.707963267948966,59.20796326794894,2,180.0,64,70.12312592992097,0.21749999999999986,4.76514595344064,0.10949403256801847,5.092139986008658,True,,59.208,64,5.092021186267589
101,14,33,13,26,126.8,150.0,96.5,0.0,37.7,5.0,30.299999999999997,160.3,15.707963267948966,176.00796326794898,2,180.0,80,54.54945736082467,0.8015000000000001,4.76514595344064,0.13931545913264323,5.7059614125732825,True,,176.008,80,5.706318855485305
102,14,38,13,28,127.1,150.0,113.6,0.0,37.4,5.0,13.5,143.5,15.707963267948966,159.20796326794897,2,180.0,58,50.20818050044273,0.7175,4.76514595344064,0.10398812132654542,5.586634074767185,True,,159.208,58,5.587021214362843
103,14,38,13,28,127.4,150.0,113.9,0.0,37.1,5.0,13.5,143.5,15.707963267948966,159.20796326794897,2,180.0,58,45.57299599919425,0.7175,4.76514595344064,0.10619048020408382,5.588836433644723,True,,159.208,58,5.5889259602131744
104,14,38,13,28,127.7,150.0,114.2,0.0,36.8,5.0,13.5,143.5,15.707963267948966,159.20796326794897,2,180.0,58,40.53580211131651,0.7175,4.76514595344064,0.10854168773810718,5.591187641178747,True,,159.208,58,5.591455741182573
105,14,53,13,16,125.9,150.0,5.0,0.0,38.6,5.0,120.9,250.9,15.707963267948966,266.60796326794895,2,180.0,126,34.91520624744412,1.2545,4.76514595344064,0.22306550127552502,6.242711454716165,True,,266.608,126,6.244021214362844
106,14,58,13,20,126.2,150.0,39.2,0.0,38.3,5.0,87.0,217.0,15.707963267948966,232.70796326794897,2,180.0,107,40.53580211131668,1.085,4.76514595344064,0.18729164559522632,6.037437599035866,True,,232.708,107,6.037824766726778
107,16,20,7,3,69.5,150.0,38.0,150.0,138.8,5.0,31.5,33.89999999999998,15.707963267948966,49.607963267948946,2,180.0,46,58.66774850240543,0.1694999999999999,4.76514595344064,0.08285717496600468,5.017503128406645,True,,49.608,46,5.017711666471673
108,16,20,7,3,69.8,150.0,37.7,150.0,138.5,5.0,32.099999999999994,35.099999999999994,15.707963267948966,50.80796326794896,2,180.0,46,62.61289249734594,0.17549999999999996,4.76514595344064,0.08089286717687642,5.021538820617516,True,,50.808,46,5.0217473586825445
109,16,20,7,3,70.1,150.0,37.4,150.0,138.2,5.0,32.699999999999996,36.30000000000002,15.707963267948966,52.00796326794898,2,180.0,46,66.42182152179818,0.1815000000000001,4.76514595344064,0.08017857343537522,5.026824526876014,True,,52.008,46,5.026884244379813
110,16,20,7,3,70.4,150.0,37.1,150.0,137.9,5.0,33.300000000000004,37.49999999999999,15.707963267948966,53.207963267948955,2,180.0,46,70.12312592992095,0.18749999999999997,4.76514595344064,0.07919641954081111,5.031842372981451,True,,53.208,46,5.032021158172335
111,33,16,26,7,95.6,0.0,72.2,150.0,108.5,5.0,23.39999999999999,153.39999999999998,15.707963267948966,169.10796326794895,2,180.0,109,40.53580211131668,0.7669999999999999,4.76514595344064,0.19342264814627524,5.725568601586915,True,,169.108,109,5.725925960213175
112,33,16,26,7,95.9,0.0,72.5,150.0,108.8,5.0,23.400000000000006,153.4,15.707963267948966,169.10796326794897,2,180.0,109,34.9152062474443,0.767,4.76514595344064,0.19306552937077878,5.725211482811419,True,,169.108,109,5.7264616805193
113,16,48,7,21,71.6,150.0,48.2,0.0,52.4,5.0,23.39999999999999,153.39999999999998,15.707963267948966,169.10796326794895,2,180.0,113,45.572995999194305,0.7669999999999999,4.76514595344064,0.20020832630951987,5.73235427975016,True,,169.108,113,5.732324794822032
114,16,48,7,21,71.9,150.0,48.5,0.0,52.1,5.0,23.400000000000006,153.4,15.707963267948966,169.10796326794897,2,180.0,113,40.53580211131662,0.767,4.76514595344064,0.20193449872447558,5.734080452165116,True,,169.108,113,5.734199787798219
115,16,53,7,16,70.7,150.0,3.8,0.0,53.3,5.0,66.9,196.90000000000003,15.707963267948966,212.607963267949,2,180.0,90,40.53580211131662,0.9845000000000002,4.76514595344064,0.16178573435375299,5.911431687794392,True,,212.608,90,5.9120271536995705
116,16,56,7,18,71.0,150.0,20.3,0.0,53.0,5.0,50.7,180.7,15.707963267948966,196.40796326794896,2,180.0,88,45.572995999194305,0.9035,4.76514595344064,0.15749999999999983,5.82614595344064,True,,196.408,88,5.826295041947887
117,16,56,7,18,71.3,150.0,20.6,0.0,52.7,5.0,50.699999999999996,180.7,15.707963267948966,196.40796326794896,2,180.0,88,50.20818050044273,0.9035,4.76514595344064,0.15636908173471323,5.825015035175353,True,,196.408,88,5.8248069206213415
118,17,21,5,2,51.5,150.0,29.0,150.0,142.1,5.0,22.5,18.30000000000001,15.707963267948966,34.00796326794898,2,180.0,32,62.61289249734631,0.09150000000000005,4.76514595344064,0.056755953384354275,4.913401906824994,True,,34.008,32,4.913669978733566
119,17,21,5,2,51.8,150.0,28.7,150.0,141.8,5.0,23.099999999999998,19.49999999999997,15.707963267948966,35.20796326794894,2,180.0,32,66.42182152179815,0.09749999999999986,4.76514595344064,0.058154787993212144,4.920800741433852,True,,35.208,32,4.920622351658732
120,17,21,5,2,52.1,150.0,28.4,150.0,141.5,5.0,23.700000000000003,20.700000000000003,15.707963267948966,36.40796326794897,2,180.0,32,62.61289249734594,0.10350000000000002,4.76514595344064,0.05925598147960842,4.927901934920248,True,,36.408,32,4.929300953189361
121,17,21,5,2,52.4,150.0,28.1,150.0,141.2,5.0,24.299999999999997,21.90000000000002,15.707963267948966,37.60796326794899,2,180.0,32,58.66774850240543,0.1095000000000001,4.76514595344064,0.05773813537417255,4.932384088814812,True,,37.608,32,4.932533064941043
122,17,48,5,21,53.0,150.0,47.3,0.0,56.6,5.0,5.700000000000003,140.97171112557868,11.26303549859078,152.23474662416945,2,129.0648797150553,102,57.12357809712354,0.7048585556278935,3.4167388294749927,0.17446433588438257,4.296061720987269,True,,152.2347,102,4.2957936277133575
123,17,48,5,21,53.3,150.0,47.6,0.0,56.3,5.0,5.699999999999996,140.97171112557865,11.263035498590774,152.23474662416942,2,129.06487971505524,102,52.92722841417593,0.7048585556278932,3.416738829474991,0.17377982311228005,4.295377208215164,True,,152.2347,102,4.295823380587501
124,17,48,5,21,53.6,150.0,47.9,0.0,56.0,5.0,5.700000000000003,140.97171112557868,11.26303549859078,152.23474662416945,2,129.0648797150553,102,48.484021641870534,0.7048585556278935,3.4167388294749927,0.17723219603744556,4.298829581140332,True,,152.2347,102,4.299394765009246
125,17,53,5,16,52.7,150.0,3.2,0.0,56.9,5.0,49.5,179.5,15.707963267948966,195.20796326794897,2,180.0,70,40.53580211131662,0.8975,4.76514595344064,0.12583336142858736,5.788479314869227,True,,195.208,70,5.7883902118117945
126,18,20,8,3,78.5,150.0,36.8,150.0,136.7,5.0,41.7,48.300000000000026,15.707963267948966,64.007963267949,2,180.0,58,84.2608295227332,0.24150000000000013,4.76514595344064,0.09744046615645675,5.104086419597097,True,,64.008,58,5.103967591760773
127,18,20,8,3,78.8,150.0,36.5,150.0,136.4,5.0,42.3,49.499999999999986,15.707963267948966,65.20796326794895,2,180.0,58,87.70755722404392,0.24749999999999994,4.76514595344064,0.09729164559522595,5.109937599035865,True,,65.208,58,5.109759265451253
128,18,21,8,2,79.1,150.0,27.8,150.0,136.1,5.0,51.3,59.10000000000001,15.707963267948966,74.80796326794898,2,180.0,64,45.572995999194305,0.29550000000000004,4.76514595344064,0.11398812132654539,5.174634074767185,True,,74.808,64,5.174336645400232
129,18,21,8,2,79.4,150.0,27.5,150.0,135.8,5.0,51.900000000000006,60.29999999999998,15.707963267948966,76.00796326794895,2,180.0,64,40.535802111316855,0.30149999999999993,4.76514595344064,0.11785714687075047,5.18450310031139,True,,76.008,64,5.184592626879842
130,39,18,29,8,121.4,0.0,81.5,150.0,113.6,5.0,39.900000000000006,169.9,15.707963267948966,185.60796326794897,2,180.0,94,58.66774850240584,0.8495,4.76514595344064,0.16247024712585553,5.777116200566495,True,,185.608,94,5.777294957662126
131,39,18,29,8,121.7,0.0,81.8,150.0,113.9,5.0,39.900000000000006,169.9,15.707963267948966,185.60796326794897,2,180.0,94,54.549457360824505,0.8495,4.76514595344064,0.16294640549318412,5.777592358933823,True,,185.608,94,5.77803906046828
132,41,18,25,8,85.4,0.0,80.6,150.0,107.0,5.0,4.800000000000011,141.45833739837494,10.239453760989544,151.69779115936447,2,117.33549700481167,113,52.10863578007801,0.7072916869918747,3.1062264930412486,0.19077379948979045,4.004291979522914,True,,151.6978,113,4.003934904950594
133,41,18,25,8,85.7,0.0,80.9,150.0,107.3,5.0,4.799999999999997,141.45833739837494,10.239453760989534,151.69779115936447,2,117.33549700481153,113,47.61056105901721,0.7072916869918747,3.106226493041245,0.19500000000000028,4.0085181800331195,True,,151.6978,113,4.008696825766924
134,18,53,8,16,79.7,150.0,4.1,0.0,50.9,5.0,75.60000000000001,205.6,15.707963267948966,221.30796326794896,2,180.0,97,40.53580211131662,1.028,4.76514595344064,0.177053594506816,5.970199547947455,True,,221.308,97,5.970556934668969
135,18,58,8,20,80.0,150.0,38.9,0.0,50.6,5.0,41.1,171.1,15.707963267948966,186.80796326794896,2,180.0,108,45.572995999194305,0.8555,4.76514595344064,0.19437504916669487,5.815021002607335,True,,186.808,108,5.815259321641761
136,19,20,9,3,88.1,150.0,36.2,150.0,134.6,5.0,51.89999999999999,62.7,15.707963267948966,78.40796326794897,2,180.0,70,40.535802111316855,0.3135,4.76514595344064,0.12633930076531458,5.204985254205955,True,,78.408,70,5.205164039396838
137,19,20,9,3,88.4,150.0,35.9,150.0,134.3,5.0,52.50000000000001,63.899999999999984,15.707963267948966,79.60796326794895,2,180.0,70,45.572995999194305,0.31949999999999995,4.76514595344064,0.12351193486396263,5.208157888304602,True,,79.608,70,5.208515218835608
138,19,20,9,3,88.7,150.0,35.6,150.0,134.0,5.0,53.1,65.1,15.707963267948966,80.80796326794896,2,180.0,70,50.20818050044296,0.32549999999999996,4.76514595344064,0.12017857343537515,5.2108245268760145,True,,80.808,70,5.210497372730172
139,19,20,9,3,89.0,150.0,35.3,150.0,133.7,5.0,53.7,66.30000000000003,15.707963267948966,82.007963267949,2,180.0,70,54.549457360824505,0.33150000000000013,4.76514595344064,0.11857141251699749,5.2152173659576375,True,,82.008,70,5.21486045893765
140,19,21,9,2,89.3,150.0,27.2,150.0,133.4,5.0,62.099999999999994,75.29999999999998,15.707963267948966,91.00796326794895,2,180.0,70,50.20818050044296,0.37649999999999995,4.76514595344064,0.11922620051020966,5.260872153950849,True,,91.008,70,5.26099140529819
141,19,21,9,2,89.6,150.0,26.9,150.0,133.1,5.0,62.699999999999996,76.5,15.707963267948966,92.20796326794897,2,180.0,70,45.572995999194305,0.3825,4.76514595344064,0.12104165964285298,5.268687613083493,True,,92.208,70,5.268717577713146
142,19,26,9,1,89.9,150.0,20.0,150.0,132.8,5.0,69.9,84.29999999999998,15.707963267948966,100.00796326794895,2,180.0,78,40.535802111316855,0.42149999999999993,4.76514595344064,0.1419940606632727,5.328640014103913,True,,100.008,78,5.328372365706358
143,19,48,9,21,90.2,150.0,49.1,0.0,50.0,5.0,41.1,171.1,15.707963267948966,186.80796326794896,2,180.0,114,50.20818050044273,0.8555,4.76514595344064,0.19720241506804692,5.817848368508686,True,,186.808,114,5.817908114107739
144,19,48,9,21,90.5,150.0,49.4,0.0,49.7,5.0,41.1,171.10000000000002,15.707963267948966,186.807963267949,2,180.0,114,45.572995999194305,0.8555000000000001,4.76514595344064,0.20127979501702598,5.821925748457666,True,,186.808,114,5.821896235434284
145,19,49,9,23,90.8,150.0,68.6,0.0,49.4,5.0,22.200000000000003,152.2,15.707963267948966,167.90796326794896,2,180.0,121,40.53580211131651,0.761,4.76514595344064,0.21565478799321255,5.7418007414338526,True,,167.908,121,5.742098622407077
146,1,20,30,3,131.0,0.0,35.0,150.0,117.5,5.0,96.0,226.0,15.707963267948966,241.70796326794897,2,180.0,113,40.535802111316556,1.1300000000000001,4.76514595344064,0.20083333333333364,6.095979286773973,True,,241.708,113,6.096693848461492
147,48,20,21,3,47.0,0.0,34.7,150.0,97.4,5.0,12.299999999999997,142.3,15.707963267948966,158.00796326794898,2,180.0,88,54.549457360824505,0.7115,4.76514595344064,0.15017857343537527,5.626824526876015,True,,158.008,88,5.627062845910443
148,20,53,3,16,33.5,150.0,2.6,0.0,61.1,5.0,30.9,160.9,15.707963267948966,176.60796326794897,2,180.0,46,64.33510964336737,0.8045,4.76514595344064,0.08172617241495561,5.651372125855596,True,,176.608,46,5.650896179243776
149,20,53,3,16,33.8,150.0,2.9,0.0,60.8,5.0,30.9,160.89999999999998,15.707963267948966,176.60796326794895,2,180.0,46,68.09264763352269,0.8044999999999999,4.76514595344064,0.08059522605441483,5.650241179495055,True,,176.608,46,5.649884300570322
150,20,57,3,19,34.4,150.0,29.9,0.0,60.2,5.0,4.5,141.64835345575497,9.884320889261527,151.5326743450165,2,113.26597406153647,64,53.475629170578465,0.7082417672787749,2.9984938775657937,0.10836311430273188,3.8150987591473005,True,,151.5327,64,3.814830999173902
151,2,21,10,2,96.8,150.0,26.6,150.0,131.3,5.0,70.19999999999999,87.59999999999997,15.707963267948966,103.30796326794894,2,180.0,77,45.572995999194305,0.43799999999999983,4.76514595344064,0.13440474585033088,5.33755069929097,True,,103.308,77,5.337193792270983
152,2,21,10,2,97.1,150.0,26.3,150.0,131.0,5.0,70.8,88.8,15.707963267948966,104.50796326794897,2,180.0,77,50.20818050044296,0.444,4.76514595344064,0.13580358045918878,5.344949533899828,True,,104.508,77,5.344860487032904
153,2,21,10,2,97.4,150.0,26.0,150.0,130.7,5.0,71.4,90.00000000000003,15.707963267948966,105.707963267949,2,180.0,77,45.57299599919436,0.4500000000000002,4.76514595344064,0.13872026117348252,5.353866214614122,True,,105.708,77,5.353747386777799
154,2,21,10,2,97.7,150.0,25.7,150.0,130.4,5.0,72.0,91.19999999999999,15.707963267948966,106.90796326794896,2,180.0,77,40.53580211131679,0.45599999999999996,4.76514595344064,0.1407143218367553,5.361860275277396,True,,106.908,77,5.362306892526088
155,2,24,10,4,96.5,150.0,46.7,150.0,131.6,5.0,49.8,66.60000000000001,15.707963267948966,82.30796326794898,2,180.0,75,40.535802111316855,0.3330000000000001,4.76514595344064,0.14068454086735666,5.238830494307996,True,,82.308,75,5.239455797373081
156,47,24,22,4,56.0,0.0,43.7,150.0,98.3,5.0,12.299999999999997,142.3,15.707963267948966,158.00796326794898,2,180.0,110,40.53580211131662,0.7115,4.76514595344064,0.19857146870750608,5.675217422148146,True,,158.008,110,5.675396235434285
157,47,24,22,4,56.3,0.0,44.0,150.0,98.6,5.0,12.299999999999997,142.3,15.707963267948966,158.00796326794898,2,180.0,110,34.9152062474443,0.7115,4.76514595344064,0.20095242911567396,5.677598382556313,True,,158.008,110,5.67899742892068
158,24,54,4,17,42.8,150.0,14.3,0.0,59.0,5.0,28.499999999999996,158.5,15.707963267948966,174.20796326794897,2,180.0,60,45.572995999194305,0.7925,4.76514595344064,0.10630949170066181,5.663955445141301,True,,174.208,60,5.66389620733903
159,24,54,4,17,43.1,150.0,14.6,0.0,58.7,5.0,28.5,158.5,15.707963267948966,174.20796326794897,2,180.0,60,50.20818050044273,0.7925,4.76514595344064,0.10529764112246147,5.6629435945631,True,,174.208,60,5.662705699039692
160,26,54,1,17,15.5,150.0,13.4,0.0,62.6,5.0,2.0999999999999996,143.86893157761227,6.599873293874984,150.46880487148727,2,75.62897701202832,20,71.75343664478105,0.7193446578880613,2.0021284098428986,0.034999999999999996,2.75647306773096,True,,150.4688,20,2.755937351162652
161,26,54,1,17,15.8,150.0,13.7,0.0,62.3,5.0,2.1000000000000014,143.86893157761227,6.599873293874978,150.46880487148724,2,75.62897701202824,20,68.0926476335226,0.7193446578880613,2.002128409842897,0.03604165964285312,2.7575147273738114,True,,150.4688,20,2.756979010805506
162,57,26,19,1,29.6,0.0,16.4,150.0,95.0,5.0,13.200000000000003,143.2,15.707963267948966,158.90796326794896,2,180.0,39,77.29096700560456,0.716,4.76514595344064,0.06550593933672719,5.546651892777367,True,,158.908,39,5.546771144124707
163,58,26,20,1,38.0,0.0,16.7,150.0,95.9,5.0,21.3,151.3,15.707963267948966,167.00796326794898,2,180.0,52,73.73979529168805,0.7565000000000001,4.76514595344064,0.08794640549318401,5.609592358933824,True,,167.008,52,5.609533064941044
164,24,29,4,0,42.5,150.0,11.0,150.0,144.8,5.0,31.5,21.899999999999977,15.707963267948966,37.607963267948946,2,180.0,48,62.61289249734631,0.10949999999999989,4.76514595344064,0.08428573435375288,4.958931687794393,True,,37.608,48,4.9591997597029644
165,57,29,19,0,29.0,0.0,9.5,150.0,94.4,5.0,19.5,149.5,15.707963267948966,165.20796326794897,2,180.0,38,84.26082952273322,0.7475,4.76514595344064,0.06410713282312347,5.576753086263762,True,,165.208,38,5.57663425842744
166,57,29,19,0,29.3,0.0,9.8,150.0,94.7,5.0,19.5,149.5,15.707963267948966,165.20796326794897,2,180.0,38,80.79310377865409,0.7475,4.76514595344064,0.06413688569726797,5.576782839137907,True,,165.208,38,5.5767830789886705
167,33,47,26,22,92.0,0.0,60.5,0.0,12.2,5.0,31.5,35.9,15.707963267948966,51.60796326794896,2,180.0,48,54.549457360824555,0.1795,4.76514595344064,0.08556547318027033,5.03021142662091,True,,51.608,48,5.03033073415876
168,33,47,26,22,92.3,0.0,60.2,0.0,12.5,5.0,32.099999999999994,37.099999999999994,15.707963267948966,52.80796326794896,2,180.0,48,58.667748502405736,0.18549999999999997,4.76514595344064,0.08476192081633564,5.0354078742569754,True,,52.808,48,5.035735451913836
169,33,47,26,22,92.6,0.0,59.9,0.0,12.8,5.0,32.699999999999996,38.29999999999999,15.707963267948966,54.00796326794895,2,180.0,48,62.6128924973461,0.19149999999999995,4.76514595344064,0.08443452681972956,5.041080480260369,True,,54.008,48,5.041467619856027
170,33,47,26,22,92.9,0.0,59.6,0.0,13.1,5.0,33.300000000000004,39.500000000000014,15.707963267948966,55.20796326794898,2,180.0,48,66.42182152179815,0.19750000000000006,4.76514595344064,0.08377976692177153,5.046425720362411,True,,55.208,48,5.04642593211792
171,33,47,26,22,93.2,0.0,59.3,0.0,13.4,5.0,33.900000000000006,40.7,15.707963267948966,56.40796326794897,2,180.0,48,70.12312592992117,0.20350000000000001,4.76514595344064,0.08252975287414444,5.051175706314784,True,,56.408,48,5.051175918070293
172,33,47,26,22,93.5,0.0,59.0,0.0,13.7,5.0,34.5,41.900000000000006,15.707963267948966,57.607963267948975,2,180.0,48,73.73979529168803,0.20950000000000002,4.76514595344064,0.08089283908162227,5.055538792522262,True,,57.608,48,5.055539004277771
173,33,47,26,22,93.8,0.0,58.7,0.0,14.0,5.0,35.099999999999994,43.099999999999994,15.707963267948966,58.80796326794896,2,180.0,48,77.29096700560457,0.21549999999999997,4.76514595344064,0.08071426564624697,5.061360219086886,True,,58.808,48,5.061419964685938
174,33,47,26,22,94.1,0.0,58.4,0.0,14.3,5.0,35.699999999999996,44.3,15.707963267948966,60.007963267948966,2,180.0,48,80.79310377865411,0.2215,4.76514595344064,0.08059522605441483,5.0672411794950545,True,,60.008,48,5.067300925094107
175,33,47,26,22,94.4,0.0,58.1,0.0,14.6,5.0,36.300000000000004,45.50000000000001,15.707963267948966,61.20796326794897,2,180.0,48,84.26082952273322,0.22750000000000004,4.76514595344064,0.080386899744895,5.073032853185535,True,,61.208,48,5.0729735310975
176,33,47,26,22,94.7,0.0,57.8,0.0,14.9,5.0,36.900000000000006,46.7,15.707963267948966,62.40796326794897,2,180.0,48,87.70755722404411,0.2335,4.76514595344064,0.0804166526190395,5.079062606059679,True,,62.408,48,5.078943778223356
177,33,53,26,16,95.0,0.0,6.5,0.0,15.2,5.0,88.5,98.9,15.707963267948966,114.60796326794897,2,180.0,112,54.549457360824626,0.49450000000000005,4.76514595344064,0.19148812132654566,5.451134074767186,True,,114.608,112,5.45131285995807
178,14,38,13,28,128.0,150.0,114.5,0.0,36.5,5.0,13.5,143.5,15.707963267948966,159.20796326794897,2,180.0,58,34.91520624744412,0.7175,4.76514595344064,0.11297624265309092,5.595622196093731,True,,159.208,58,5.596842669022722
179,38,18,28,8,113.3,0.0,81.2,150.0,112.4,5.0,32.099999999999994,162.1,15.707963267948966,177.80796326794896,2,180.0,98,34.91520624744394,0.8105,4.76514595344064,0.17803572030612602,5.753681673746766,True,,177.808,98,5.754574780774405
180,38,29,28,0,112.7,0.0,10.1,150.0,111.8,5.0,102.60000000000001,232.60000000000002,15.707963267948966,248.307963267949,2,180.0,115,54.54945736082449,1.163,4.76514595344064,0.20366075542519393,6.131806708865834,True,,248.308,115,6.132312888053324
181,38,29,28,0,113.0,0.0,10.4,150.0,112.1,5.0,102.6,232.6,15.707963267948966,248.30796326794896,2,180.0,115,54.549457360824505,1.163,4.76514595344064,0.20291668071429408,6.131062634154934,True,,248.308,115,6.131033093036299
182,38,41,28,25,110.0,0.0,87.2,0.0,19.7,5.0,22.799999999999997,42.199999999999996,15.707963267948966,57.90796326794896,2,180.0,33,40.535802111316535,0.211,4.76514595344064,0.06729167369048018,5.04343762713112,True,,57.908,33,5.043110501080531
183,38,49,28,23,110.3,0.0,69.5,0.0,20.3,5.0,40.8,61.39999999999999,15.707963267948966,77.10796326794896,2,180.0,61,50.20818050044275,0.30699999999999994,4.76514595344064,0.10886908173471326,5.181015035175353,True,,77.108,61,5.181074780774405
184,38,49,28,23,110.6,0.0,69.2,0.0,20.6,5.0,41.39999999999999,62.599999999999994,15.707963267948966,78.30796326794896,2,180.0,61,54.549457360824576,0.313,4.76514595344064,0.10901790229594406,5.187163855736584,True,,78.308,61,5.187342640927468
185,38,53,28,16,112.1,0.0,6.2,0.0,22.1,5.0,105.89999999999999,130.1,15.707963267948966,145.80796326794896,2,180.0,114,45.57299599919425,0.6505,4.76514595344064,0.1996428812245038,5.615288834665144,True,,145.808,114,5.615437895077138
186,38,53,28,16,112.4,0.0,5.9,0.0,22.4,5.0,106.5,131.3,15.707963267948966,147.00796326794898,2,180.0,114,40.535802111316556,0.6565000000000001,4.76514595344064,0.20247024712585573,5.624116200566496,True,,147.008,114,5.6244735872880085
187,38,57,28,19,110.9,0.0,32.3,0.0,20.9,5.0,78.60000000000001,100.4,15.707963267948966,116.10796326794897,2,180.0,79,62.61289249734616,0.502,4.76514595344064,0.13550596743198132,5.4026519208726205,True,,116.108,79,5.4031580719648575
188,38,57,28,19,111.2,0.0,32.0,0.0,21.2,5.0,79.2,101.60000000000001,15.707963267948966,117.30796326794898,2,180.0,79,58.667748502405715,0.508,4.76514595344064,0.13562503511906762,5.4087709885597075,True,,117.308,79,5.409039004277771
189,38,57,28,19,111.5,0.0,31.7,0.0,21.5,5.0,79.8,102.8,15.707963267948966,118.50796326794897,2,180.0,79,54.54945736082467,0.514,4.76514595344064,0.13630954789117017,5.41545550133181,True,,118.508,79,5.4155747526791504
190,39,24,29,4,121.1,0.0,46.4,150.0,113.3,5.0,74.69999999999999,204.7,15.707963267948966,220.40796326794896,2,180.0,112,34.91520624744394,1.0234999999999999,4.76514595344064,0.19723213984693733,5.985878093287576,True,,220.408,112,5.987366426369631
191,39,41,29,25,119.0,0.0,87.5,0.0,8.0,5.0,31.5,27.5,15.707963267948966,43.20796326794897,2,180.0,48,62.61289249734613,0.1375,4.76514595344064,0.0841666666666666,4.986812620107306,True,,43.208,48,4.987199787798218
192,39,41,29,25,119.3,0.0,86.9,0.0,23.6,5.0,32.39999999999999,59.599999999999994,15.707963267948966,75.30796326794896,2,180.0,47,40.535802111316556,0.298,4.76514595344064,0.09318456896261078,5.156330522403251,True,,75.308,47,5.156568841437679
193,39,41,29,25,119.6,0.0,86.6,0.0,23.9,5.0,33.0,60.8,15.707963267948966,76.50796326794897,2,180.0,47,45.57299599919425,0.304,4.76514595344064,0.08898814942179961,5.15813410286244,True,,76.508,47,5.158223573240382
194,39,47,29,22,120.2,0.0,57.5,0.0,24.5,5.0,62.7,91.7,15.707963267948966,107.40796326794897,2,180.0,74,50.20818050044275,0.4585,4.76514595344064,0.13032742209186013,5.3539733755325,True,,107.408,74,5.354271200315217
195,39,47,29,22,120.5,0.0,57.2,0.0,24.8,5.0,63.3,92.89999999999999,15.707963267948966,108.60796326794896,2,180.0,74,45.57299599919436,0.46449999999999997,4.76514595344064,0.13166669476192075,5.361312648202561,True,,108.608,74,5.361610444890023
196,39,47,29,22,120.8,0.0,56.9,0.0,25.1,5.0,63.9,94.1,15.707963267948966,109.80796326794896,2,180.0,74,40.535802111316535,0.4705,4.76514595344064,0.13163691379252207,5.367282867233162,True,,109.808,74,5.367878305043085
197,39,49,29,23,119.9,0.0,68.9,0.0,24.2,5.0,51.0,79.4,15.707963267948966,95.10796326794897,2,180.0,71,50.20818050044275,0.397,4.76514595344064,0.1257440747108997,5.28789002815154,True,,95.108,71,5.28797955471999
198,1,41,30,25,128.0,0.0,86.3,0.0,26.3,5.0,41.7,74.3,15.707963267948966,90.00796326794897,2,180.0,60,40.535802111316535,0.3715,4.76514595344064,0.11208331928570614,5.248729272726346,True,,90.008,60,5.248699787798218
199,41,24,25,4,84.8,0.0,45.8,150.0,106.4,5.0,39.0,169.0,15.707963267948966,184.70796326794897,2,180.0,121,34.9152062474443,0.845,4.76514595344064,0.21779764112246192,5.827943594563101,True,,184.708,121,5.8291045617438035
200,41,24,25,4,85.1,0.0,46.1,150.0,106.7,5.0,38.99999999999999,169.0,15.707963267948966,184.70796326794897,2,180.0,121,40.53580211131662,0.845,4.76514595344064,0.2146131283503594,5.824759081790999,True,,184.708,121,5.824550967236989
201,41,54,25,17,84.5,0.0,15.2,0.0,10.1,5.0,69.3,69.49999999999999,15.707963267948966,85.20796326794895,2,180.0,98,54.549457360824555,0.3474999999999999,4.76514595344064,0.16869048020408406,5.281336433644724,True,,85.208,98,5.281515246930862
202,41,57,25,19,83.9,0.0,32.9,0.0,9.5,5.0,51.00000000000001,50.00000000000001,15.707963267948966,65.70796326794897,2,180.0,71,62.612892497346095,0.25000000000000006,4.76514595344064,0.12285714687075046,5.138003100311391,True,,65.708,71,5.138449745655338
203,41,58,25,20,83.0,0.0,42.5,0.0,8.6,5.0,40.5,37.7,15.707963267948966,53.40796326794897,2,180.0,60,66.42182152179815,0.18850000000000003,4.76514595344064,0.10476189272108147,5.058407846161722,True,,53.408,60,5.058229512577109
204,41,58,25,20,83.3,0.0,42.2,0.0,8.9,5.0,41.099999999999994,38.89999999999999,15.707963267948966,54.60796326794896,2,180.0,60,70.12312592992116,0.19449999999999995,4.76514595344064,0.10499999999999993,5.064645953440639,True,,54.608,60,5.064527125604316
205,41,58,25,20,83.6,0.0,41.9,0.0,9.2,5.0,41.699999999999996,40.099999999999994,15.707963267948966,55.80796326794896,2,180.0,60,66.42182152179815,0.20049999999999998,4.76514595344064,0.10449403256801851,5.070139986008658,True,,55.808,60,5.070318799294797
206,14,47,13,22,126.5,150.0,56.6,0.0,38.0,5.0,69.9,199.9,15.707963267948966,215.60796326794897,2,180.0,106,45.57299599919436,0.9995,4.76514595344064,0.18541665261903983,5.95006260605968,True,,215.608,106,5.949973587288008
207,18,48,8,21,80.3,150.0,48.8,0.0,50.3,5.0,31.5,161.5,15.707963267948966,177.20796326794897,2,180.0,114,54.549457360824505,0.8075,4.76514595344064,0.1974702471258556,5.770116200566496,True,,177.208,114,5.770235480009091
208,51,48,24,21,74.6,0.0,51.2,0.0,8.3,5.0,23.39999999999999,19.999999999999993,15.707963267948966,35.707963267948955,2,180.0,33,62.6128924973461,0.09999999999999996,4.76514595344064,0.05925595338435428,4.924401906824993,True,,35.708,33,4.924848580264195
209,51,48,24,21,74.3,0.0,51.5,0.0,8.0,5.0,22.799999999999997,18.799999999999997,15.707963267948966,34.507963267948966,2,180.0,33,58.667748502405736,0.09399999999999999,4.76514595344064,0.05821429374150116,4.917360247182141,True,,34.508,33,4.917628347185967
210,49,17,23,5,68.3,0.0,53.9,150.0,102.2,5.0,14.399999999999999,144.39999999999998,15.707963267948966,160.10796326794895,2,180.0,115,40.53580211131662,0.7219999999999999,4.76514595344064,0.2062798231122801,5.693425776552919,True,,160.108,115,5.6938723938016125
211,49,24,23,4,66.8,0.0,44.3,150.0,100.7,5.0,22.5,152.5,15.707963267948966,168.20796326794897,2,180.0,118,62.61289249734613,0.7625000000000001,4.76514595344064,0.20071429374150146,5.728360247182142,True,,168.208,118,5.728866426369631
212,49,24,23,4,67.1,0.0,44.6,150.0,101.0,5.0,22.499999999999993,152.5,15.707963267948966,168.20796326794897,2,180.0,118,58.667748502405786,0.7625000000000001,4.76514595344064,0.19958334738096067,5.727229300821601,True,,168.208,118,5.727556878478461
213,49,24,23,4,67.4,0.0,44.9,150.0,101.3,5.0,22.500000000000007,152.5,15.707963267948966,168.20796326794897,2,180.0,118,54.54945736082469,0.7625000000000001,4.76514595344064,0.2003571468707509,5.7280031003113905,True,,168.208,118,5.728300925094107
214,49,24,23,4,67.7,0.0,45.2,150.0,101.6,5.0,22.5,152.5,15.707963267948966,168.20796326794897,2,180.0,118,50.20818050044296,0.7625000000000001,4.76514595344064,0.2031547879932125,5.730800741433852,True,,168.208,118,5.73065213262813
215,49,24,23,4,68.0,0.0,45.5,150.0,101.9,5.0,22.5,152.5,15.707963267948966,168.20796326794897,2,180.0,118,45.572995999194305,0.7625000000000001,4.76514595344064,0.20711312835035933,5.734759081790999,True,,168.208,118,5.734967619856027
216,49,26,23,1,65.6,0.0,17.0,150.0,99.5,5.0,48.599999999999994,178.6,15.707963267948966,194.30796326794896,2,180.0,97,34.9152062474443,0.893,4.76514595344064,0.17136905363945934,5.829515007080099,True,,194.308,97,5.830646193291403
217,49,26,23,1,65.9,0.0,17.3,150.0,99.8,5.0,48.60000000000001,178.60000000000002,15.707963267948966,194.307963267949,2,180.0,97,40.53580211131662,0.8930000000000001,4.76514595344064,0.17080358045918898,5.828949533899829,True,,194.308,97,5.8287116383764195
218,49,26,23,1,66.2,0.0,17.6,150.0,100.1,5.0,48.6,178.6,15.707963267948966,194.30796326794896,2,180.0,97,45.572995999194305,0.893,4.76514595344064,0.16883930076531484,5.826985254205955,True,,194.308,97,5.82728307898867
219,49,26,23,1,66.5,0.0,17.9,150.0,100.4,5.0,48.6,178.6,15.707963267948966,194.30796326794896,2,180.0,97,50.20818050044296,0.893,4.76514595344064,0.16648809323129146,5.824634046671931,True,,194.308,97,5.824723601335636
220,49,57,23,19,65.0,0.0,33.5,0.0,5.0,5.0,31.5,21.5,15.707963267948966,37.20796326794897,2,180.0,48,66.42182152179815,0.1075,4.76514595344064,0.0841666666666666,4.956812620107306,True,,37.208,48,4.9567533261145265
221,49,57,23,19,65.3,0.0,33.2,0.0,5.3,5.0,32.099999999999994,22.699999999999996,15.707963267948966,38.40796326794896,2,180.0,48,62.6128924973461,0.11349999999999998,4.76514595344064,0.08404762707483444,4.962693580515475,True,,38.408,48,4.962961652424046
222,51,17,24,5,75.8,0.0,54.2,150.0,104.3,5.0,21.599999999999994,151.6,15.707963267948966,167.30796326794896,2,180.0,113,54.54945736082474,0.758,4.76514595344064,0.1904761583673288,5.713622111807968,True,,167.308,113,5.7135925987845875
223,51,17,24,5,76.1,0.0,54.5,150.0,104.6,5.0,21.599999999999994,151.6,15.707963267948966,167.30796326794896,2,180.0,113,50.20818050044296,0.758,4.76514595344064,0.19220235887753861,5.715348312318178,True,,167.308,113,5.71537833313834
224,51,17,24,5,76.4,0.0,54.8,150.0,104.9,5.0,21.60000000000001,151.60000000000002,15.707963267948966,167.307963267949,2,180.0,113,45.572995999194305,0.7580000000000001,4.76514595344064,0.19708334738096062,5.7202293008216,True,,167.308,113,5.719961652424046
225,19,51,9,24,91.1,150.0,77.3,0.0,49.1,5.0,13.799999999999997,143.8,15.707963267948966,159.50796326794898,2,180.0,113,34.91520624744412,0.7190000000000001,4.76514595344064,0.20410716091837797,5.688253114359018,True,,159.508,113,5.689860515128158
226,51,21,24,2,74.9,0.0,24.8,150.0,103.4,5.0,50.10000000000001,180.1,15.707963267948966,195.80796326794896,2,180.0,110,40.53580211131662,0.9005,4.76514595344064,0.19910716091837782,5.864753114359018,True,,195.808,110,5.864931955740411
227,51,21,24,2,75.2,0.0,25.1,150.0,103.7,5.0,50.1,180.10000000000002,15.707963267948966,195.807963267949,2,180.0,110,45.572995999194305,0.9005000000000001,4.76514595344064,0.19488098850342217,5.860526941944062,True,,195.808,110,5.8606759742608014
228,51,21,24,2,75.5,0.0,25.4,150.0,104.0,5.0,50.1,180.1,15.707963267948966,195.80796326794896,2,180.0,110,50.20818050044273,0.9005,4.76514595344064,0.1912500140476272,5.856895967488267,True,,195.808,110,5.857193848461492
229,51,54,24,17,74.0,0.0,15.5,0.0,5.6,5.0,58.5,49.7,15.707963267948966,65.40796326794897,2,180.0,92,58.667748502405736,0.24850000000000003,4.76514595344064,0.15827382758504438,5.171919781025684,True,,65.408,92,5.172187852934256
230,29,53,0,16,6.5,150.0,2.0,0.0,63.2,5.0,4.5,141.64835345575497,9.884320889261527,151.5326743450165,2,113.26597406153647,0,,0.7082417672787749,2.9984938775657937,0.0,3.7067356448445685,True,,151.5327,0,3.706735773119487
231,29,53,0,16,6.8,150.0,2.3,0.0,62.9,5.0,4.5,141.64835345575497,9.88432088926153,151.53267434501652,2,113.2659740615365,0,,0.7082417672787749,2.9984938775657946,0.0,3.7067356448445694,True,,151.5327,0,3.706735773119487
232,26,54,1,17,16.1,150.0,14.0,0.0,62.0,5.0,2.1000000000000014,143.86893157761227,6.599873293874978,150.46880487148724,2,75.62897701202824,20,64.33510964336737,0.7193446578880613,2.002128409842897,0.03607144061225177,2.75754450834321,True,,150.4688,20,2.7575444839857766
233,54,29,17,0,11.0,0.0,7.1,150.0,91.1,5.0,3.9000000000000004,142.07598586573698,9.147357358699743,151.22334322443672,2,104.8209940702863,14,84.26082952273322,0.7103799293286849,2.7749296429425003,0.023720233078228427,3.5090298053494133,True,,151.2233,14,3.508970083478941
234,54,29,17,0,11.3,0.0,7.4,150.0,91.4,5.0,3.9000000000000004,142.07598586573698,9.147357358699743,151.22334322443672,2,104.8209940702863,14,87.70755722404412,0.7103799293286849,2.7749296429425003,0.02354165964285313,3.508851231914038,True,,151.2233,14,3.508791510043565
235,54,29,17,0,11.6,0.0,7.7,150.0,91.7,5.0,3.8999999999999995,142.07598586573698,9.147357358699743,151.22334322443672,2,104.8209940702863,14,90.0,0.7103799293286849,2.7749296429425003,0.023333333333333334,3.5086429056045185,True,,151.2233,14,3.5086426894823344
236,54,29,17,0,11.9,0.0,8.0,150.0,92.0,5.0,3.9000000000000004,142.07598586573698,9.147357358699747,151.22334322443672,2,104.8209940702863,14,90.0,0.7103799293286849,2.7749296429425017,0.023333333333333334,3.50864290560452,True,,151.2233,14,3.5086426894823344
237,54,29,17,0,12.2,0.0,8.3,150.0,92.3,5.0,3.8999999999999986,142.07598586573698,9.147357358699745,151.22334322443672,2,104.8209940702863,14,90.0,0.7103799293286849,2.774929642942501,0.023333333333333334,3.5086429056045194,True,,151.2233,14,3.5086426894823344
238,54,29,17,0,12.5,0.0,8.6,150.0,92.6,5.0,3.9000000000000004,142.07598586573698,9.147357358699743,151.22334322443672,2,104.8209940702863,14,90.0,0.7103799293286849,2.7749296429425003,0.023333333333333334,3.5086429056045185,True,,151.2233,14,3.5086426894823344
239,54,29,17,0,12.8,0.0,8.9,150.0,92.9,5.0,3.9000000000000004,142.07598586573698,9.147357358699743,151.22334322443672,2,104.8209940702863,14,90.0,0.7103799293286849,2.7749296429425003,0.023333333333333334,3.5086429056045185,True,,151.2233,14,3.5086426894823344
240,54,29,17,0,13.1,0.0,9.2,150.0,93.2,5.0,3.9000000000000004,142.07598586573698,9.147357358699747,151.22334322443672,2,104.8209940702863,14,90.0,0.7103799293286849,2.7749296429425017,0.023333333333333334,3.50864290560452,True,,151.2233,14,3.5086426894823344
241,2,56,10,18,98.9,150.0,21.8,0.0,47.3,5.0,77.10000000000001,207.10000000000002,15.707963267948966,222.807963267949,2,180.0,96,50.20818050044279,1.0355,4.76514595344064,0.17059528224492332,5.971241235685563,True,,222.808,96,5.971271228410471
242,2,56,10,18,99.2,150.0,22.1,0.0,47.0,5.0,77.1,207.1,15.707963267948966,222.80796326794896,2,180.0,96,50.20818050044278,1.0355,4.76514595344064,0.1689286155782566,5.969574569018897,True,,222.808,96,5.969753326114527
243,2,56,10,18,99.5,150.0,22.4,0.0,46.7,5.0,77.1,207.09999999999997,15.707963267948966,222.80796326794894,2,180.0,96,45.57299599919419,1.0354999999999999,4.76514595344064,0.17026788824831723,5.970913841688957,True,,222.808,96,5.971152104532876
244,2,56,10,18,99.8,150.0,22.7,0.0,46.4,5.0,77.1,207.1,15.707963267948966,222.80796326794896,2,180.0,96,40.53580211131647,1.0355,4.76514595344064,0.16994049425171115,5.970586447692351,True,,222.808,96,5.971300953189361
245,20,56,3,18,34.1,150.0,20.0,0.0,60.5,5.0,14.100000000000001,144.1,15.707963267948966,159.80796326794896,2,180.0,52,45.572995999194305,0.7205,4.76514595344064,0.09416666666666659,5.579812620107306,True,,159.808,52,5.579664039396839
246,12,57,12,19,116.3,150.0,30.8,0.0,41.6,5.0,85.5,215.5,15.707963267948966,231.20796326794897,2,180.0,104,62.612892497346095,1.0775000000000001,4.76514595344064,0.18023813537417271,6.022884088814812,True,,231.208,104,6.022824766726779
247,12,57,12,19,116.6,150.0,31.1,0.0,41.3,5.0,85.5,215.5,15.707963267948966,231.20796326794897,2,180.0,104,62.61289249734605,1.0775000000000001,4.76514595344064,0.1793452681972962,6.021991221637935,True,,231.208,104,6.022289018325398
248,24,57,4,19,43.4,150.0,30.2,0.0,58.1,5.0,13.2,143.2,15.707963267948966,158.90796326794896,2,180.0,73,40.53580211131662,0.716,4.76514595344064,0.12785714687075045,5.609003100311391,True,,158.908,73,5.609033064941043
249,38,57,28,19,111.8,0.0,31.4,0.0,21.8,5.0,80.4,104.0,15.707963267948966,119.70796326794897,2,180.0,79,50.20818050044275,0.52,4.76514595344064,0.13848218198981824,5.423628135430459,True,,119.708,79,5.423806920621342
250,41,57,25,19,84.2,0.0,32.6,0.0,9.8,5.0,51.6,51.2,15.707963267948966,66.90796326794897,2,180.0,71,58.66774850240573,0.256,4.76514595344064,0.1233035804591887,5.144449533899829,True,,66.908,71,5.144836673495486
251,11,58,27,20,101.6,0.0,41.6,0.0,17.6,5.0,59.99999999999999,75.19999999999999,15.707963267948966,90.90796326794896,2,180.0,67,54.54945736082454,0.37599999999999995,4.76514595344064,0.11428573435375283,5.255431687794393,True,,90.908,67,5.2556699787335655
252,11,58,27,20,101.9,0.0,41.3,0.0,17.9,5.0,60.60000000000001,76.4,15.707963267948966,92.10796326794897,2,180.0,67,50.20818050044275,0.38200000000000006,4.76514595344064,0.11505956193879717,5.262205515379437,True,,92.108,67,5.262979498529482
253,11,58,27,20,102.2,0.0,41.0,0.0,18.2,5.0,61.2,77.60000000000001,15.707963267948966,93.30796326794898,2,180.0,67,45.57299599919425,0.38800000000000007,4.76514595344064,0.1178869278401491,5.271032881280789,True,,93.308,67,5.270735451913836
254,11,58,27,20,102.5,0.0,40.7,0.0,18.5,5.0,61.8,78.8,15.707963267948966,94.50796326794897,2,180.0,67,40.535802111316535,0.394,4.76514595344064,0.12023810727891832,5.279384060719559,True,,94.508,67,5.279443806318611
255,58,21,20,2,38.3,0.0,24.5,150.0,96.2,5.0,13.799999999999997,143.8,15.707963267948966,159.50796326794898,2,180.0,63,70.12312592992113,0.7190000000000001,4.76514595344064,0.10883924457480632,5.592985198015446,True,,159.508,63,5.592925960213174
