route_a,route_b,distance_mm,x_mm,y_mm
0,1,0.2618569038071691,145.1,66.4
0,29,0.10000000000002274,132.3,7.7
0,30,0.19999999999998863,132.0,7.4
1,2,0.22613108013637648,134.37076180138567,60.89972669508171
1,22,0.19999999999998863,140.4,62.0
1,29,0.19999999999998863,132.3,7.7
1,33,0.09999999999999432,132.6,27.2
2,3,0.21460555439784207,136.1,64.97582327212251
3,30,0.09999999999999432,132.0,7.4
3,39,0.09999999999999432,136.5,144.8
8,159,0.09999999999999787,19.6,105.2
8,188,0.1999999999999993,110.9,17.1
8,229,0.1999999999999993,19.9,53.9
9,116,0.1999999999999993,20.5,44.6
9,117,0.10000000000000142,20.6,44.599999999999994
10,170,0.19999999999999574,93.8,38.1
11,58,0.09999999999999432,123.5,33.2
11,190,0.20000000000000284,46.6,33.2
11,252,0.20000000000000284,102.2,33.0
12,57,0.10000000000000853,123.2,29.0
12,58,0.19999999999998863,123.30000000000001,29.0
12,122,0.09999999999999432,47.3,29.0
12,147,0.20000000000000284,47.2,29.0
13,14,0.004756016159227228,101.74826487932808,77.7483738761792
13,15,0.027476546257718813,101.88958752231454,77.59103783190221
13,16,0.06803996955826153,102.02330583901457,77.42891016515816
14,15,0.004756016159216859,102.04826487932809,77.4483738761792
14,16,0.027476546257708043,102.18958752231455,77.29103783190222
14,62,0.09999999999999432,100.5,138.2
15,16,0.004756016159216859,102.34826487932808,77.1483738761792
15,62,0.20000000000000284,100.5,138.2
15,63,0.09999999999999432,100.8,137.9
15,131,0.02928578572857532,103.7,73.7
16,63,0.20000000000000284,100.8,137.9
16,77,0.20000000000000284,101.2,82.1
16,131,0.27071421427142184,104.0,73.42928578572858
20,21,0.21460555439784207,145.7,61.37582327212252
22,23,0.21460555439784207,140.6,75.7379929328685
22,38,0.10000000000002274,136.8,143.9
22,39,0.19999999999998863,136.5,144.8
23,36,0.09999999999999432,137.1,143.6
23,38,0.19999999999998863,136.8,143.9
24,32,0.20000000000000284,86.3,26.4
24,33,0.24605427039810843,134.4,26.6
24,168,0.09999999999999432,62.2,50.3
24,169,0.20000000000000284,62.5,47.3
24,212,0.20000000000000284,67.3,26.6
24,213,0.10000000000000853,67.4,26.6
25,31,0.26185690380713905,134.7,59.0
25,58,0.20000000000000284,123.5,58.8
25,213,0.19999999999998863,67.6,59.0
25,214,0.10000000000000142,62.7,65.9
25,216,0.2924474489597042,65.71051501286694,59.37076178152401
26,28,0.10000000000000142,104.9,35.1
26,170,0.10000000000000142,62.8,43.1
26,171,0.20000000000000284,63.1,40.7
26,214,0.19999999999999574,62.7,65.9
26,215,0.09999999999999432,68.0,35.0
27,171,0.10000000000000142,63.1,40.7
27,172,0.19999999999999574,63.4,29.6
27,210,0.09999999999999432,68.3,20.6
27,215,0.20000000000000284,68.2,20.6
28,186,0.10000000000000142,112.1,40.2
28,249,0.09999999999999432,105.0,15.5
29,189,0.09999999999999432,110.3,7.7
29,249,0.20000000000000284,110.2,7.7
30,184,0.09999999999999432,110.6,7.4
30,189,0.20000000000000284,110.5,7.4
31,181,0.27730992078350725,10.7,64.3
31,213,0.10000000000000853,67.4,59.400000000000006
31,216,0.20000000000000284,65.6,59.099999999999994
31,238,0.14999999999999858,10.55,77.0
31,239,0.15000000000000213,10.850000000000001,76.7
33,183,0.09999999999999787,111.5,27.299999999999997
33,188,0.09999999999999787,78.2,22.1
33,202,0.09999999999999432,83.3,27.2
33,250,0.20000000000000284,83.2,27.2
34,146,0.10000000000000142,131.0,48.0
34,233,0.09999999999999964,11.0,47.9
35,171,0.19999999999999574,93.5,35.7
35,190,0.10000000000000142,46.4,35.9
35,251,0.10000000000000142,102.5,36.0
36,96,0.09999999999999432,123.5,143.6
37,50,0.19999999999998863,118.1,140.5
38,95,0.09999999999999432,123.8,143.9
38,96,0.20000000000000284,123.7,143.9
39,49,0.19999999999998863,133.1,145.0
39,95,0.20000000000000284,124.0,144.8
39,100,0.09999999999999432,124.1,144.8
40,96,0.09999999999999432,73.4,116.3
40,129,0.09999999999999432,73.5,118.7
41,128,0.09999999999999432,78.8,114.5
41,129,0.26117857518636217,73.75814151174691,118.7397140787303
42,52,0.20000000000000284,134.0,127.0
42,127,0.09999999999999432,79.1,126.8
42,128,0.20000000000000284,79.0,126.8
43,45,0.19999999999998863,56.0,131.5
43,70,0.20000000000000284,61.0,126.5
43,71,0.10000000000000142,61.1,126.5
44,94,0.19999999999998863,124.7,109.6
44,180,0.20000000000000107,10.3,109.4
44,181,0.09999999999999964,10.4,109.4
45,165,0.10000000000000142,24.0,73.4
49,60,0.09999999999999432,114.5,140.0
49,178,0.09999999999999432,128.0,140.0
50,60,0.20000000000000284,114.7,140.3
50,61,0.09999999999999432,114.8,140.3
50,104,0.10000000000000853,127.7,140.3
50,178,0.19999999999998863,127.80000000000001,140.3
51,61,0.20000000000000284,115.0,141.2
51,81,0.09999999999999432,115.1,141.2
51,103,0.09999999999999432,127.4,141.2
51,104,0.20000000000000284,127.5,141.2
52,66,0.20000000000000284,60.7,122.0
52,70,0.09999999999999432,60.8,122.0
52,117,0.09999999999999432,71.3,121.9
53,95,0.09999999999999432,91.4,108.5
53,98,0.10000000000000853,125.3,103.3
53,154,0.09999999999999432,91.5,144.8
54,153,0.09999999999999432,91.8,143.9
54,154,0.20000000000000284,91.5,144.8
55,60,0.09999999999999432,92.0,129.5
55,152,0.09999999999999432,92.1,143.0
55,153,0.20000000000000284,91.8,143.9
56,198,0.09999999999999432,123.0,23.9
57,85,0.26117857518636217,131.2602859212697,66.85814151174691
57,103,0.26117857518636217,127.4397140787303,66.74185848825309
57,198,0.20000000000000284,123.0,23.9
58,103,0.22007827758671583,125.51567843497946,62.811710956257116
59,102,0.20000000000000284,127.1,86.5
59,250,0.09999999999999432,78.0,43.7
60,110,0.09999999999999432,69.5,129.5
61,78,0.1478150704935071,111.83970031095026,120.33495644692087
61,81,0.20000000000000284,63.8,124.9
62,108,0.09999999999999432,70.1,138.2
62,109,0.20000000000000284,70.0,138.2
62,115,0.18652099195597932,70.0,138.2
62,116,0.2292558232493597,70.0,138.2
62,139,0.09999999999999432,88.4,138.1
62,152,0.19999999999998863,65.0,143.2
63,109,0.09999999999999432,69.8,137.9
63,110,0.20000000000000284,69.7,137.9
63,115,0.12249938994626974,69.7,137.9
63,116,0.2989362905827285,69.7,137.9
63,139,0.19999999999998863,88.4,138.1
63,152,0.09999999999999432,64.7,143.0
65,97,0.09999999999999432,82.1,101.5
66,71,0.2618569038071409,56.13315943378969,87.24025110198076
66,96,0.10000000000000142,60.4,116.3
66,119,0.2839379254491655,51.7,87.2
66,120,0.09999999999999432,46.8,95.6
66,121,0.20000000000000284,46.5,101.6
66,122,0.1179831123792787,47.40143169351481,89.64611853946174
66,125,0.12249938994628085,51.7,87.2
67,69,0.03289181286465105,62.0,79.3
67,112,0.20000000000000284,72.5,74.5
68,206,0.20000000000000284,61.6,84.5
69,111,0.20000000000000284,77.2,65.6
69,206,0.10000000000000142,61.6,84.5
70,95,0.2576377194482435,55.8,111.5
70,96,0.20000000000000284,60.8,116.5
70,237,0.1999999999999993,8.5,111.5
70,238,0.09999999999999964,8.6,111.5
71,106,0.2618569038071409,43.6,87.5
71,107,0.18652099195598015,38.6,82.5
71,113,0.09999999999999432,61.1,92.6
71,156,0.10000000000000142,43.7,87.5
71,249,0.10000000000000142,38.5,15.5
72,73,0.004756016159221718,105.94826487932808,63.951626123820795
72,130,0.02928578572858953,107.3,67.4
73,130,0.2707142142714076,107.6,67.67071421427141
75,77,0.09999999999999432,96.2,21.799999999999997
75,101,0.20000000000000284,96.3,21.8
75,157,0.20000000000000284,56.5,21.8
75,190,0.10000000000000142,51.4,14.6
75,206,0.10000000000000142,56.6,21.799999999999997
76,77,0.20000000000000284,96.0,7.7
76,112,0.09999999999999432,95.9,7.7
76,174,0.10000000000000053,92.6,7.800000000000001
76,202,0.20000000000000284,83.5,7.7
76,205,0.09999999999999432,83.6,7.7
77,87,0.09999999999999432,108.2,82.0
77,101,0.1478150704935071,96.63495644692087,79.13970031095026
78,95,0.10000000000000142,55.1,120.2
78,122,0.14999999999999858,50.15,94.1
78,213,0.10000000000000142,49.9,64.4
78,214,0.20000000000000284,50.2,65.9
78,224,0.20000000000000284,55.0,120.2
81,165,0.1999999999999993,9.7,124.7
81,166,0.10000000000000142,9.8,124.7
81,231,0.14999999999999947,4.55,83.0
85,102,0.20000000000000284,113.8,71.6
86,87,0.21460555439784207,122.0,72.9
86,88,0.16236379965613398,122.0,72.9
87,88,0.03289181286464442,108.53071624151917,80.2117636669648
87,103,0.10000000000000853,122.4,62.0
87,178,0.20000000000000284,114.5,76.8
88,102,0.09999999999999432,113.6,75.2
88,103,0.19999999999998863,122.4,62.0
90,112,0.09999999999999432,77.5,69.5
93,134,0.1400389103585616,74.78445862564128,99.91170334359006
94,128,0.02493781056044162,73.82134008209704,107.01290330545403
94,134,0.20000000000000284,79.7,104.8
95,136,0.09999999999999432,89.6,108.4
95,137,0.20000000000000284,55.1,113.5
97,225,0.09999999999999432,91.1,96.4
98,136,0.10000000000000853,82.4,103.4
98,141,0.09999999999999432,82.5,141.2
99,141,0.20000000000000284,82.5,141.2
99,142,0.09999999999999432,82.8,135.5
100,140,0.09999999999999432,83.1,134.9
100,142,0.20000000000000284,82.8,135.5
101,254,0.09999999999999432,96.6,24.8
102,104,0.011985634456660694,127.1,86.5
102,178,0.21460555439784207,123.04036135393929,81.58922404053926
103,196,0.09999999999999432,114.0,5.3
104,193,0.09999999999999432,114.3,10.1
104,196,0.20000000000000284,114.0,5.3
105,166,0.1999999999999993,10.0,122.3
105,180,0.09999999999999964,10.1,122.3
106,107,0.2703065638458112,39.2,82.8
106,108,0.0960769224963735,39.2,82.8
106,113,0.20000000000000284,48.2,87.6
106,157,0.20000000000000284,44.2,87.8
106,211,0.09999999999999432,44.3,87.8
107,248,0.09999999999999432,35.2,120.2
108,145,0.09313263129873316,70.1,87.7
109,114,0.19999999999998863,48.5,89.4
109,119,0.20000000000000284,52.1,89.8
109,122,0.014144437210660499,47.3,89.58585556278933
109,207,0.10000000000000853,69.8,94.7
110,114,0.1971145840745043,69.5,94.9
110,119,0.10000000000000853,52.1,89.8
110,207,0.20000000000000284,69.5,94.9
111,225,0.09999999999999432,77.3,65.6
112,223,0.16710381573829883,74.24740565061067,70.48507884997254
112,225,0.20000000000000284,77.5,69.5
113,114,0.03289181286463934,71.6,97.6
113,123,0.09999999999999432,53.3,92.6
113,127,0.10000000000000853,71.6,97.7
113,207,0.12455130270043324,48.6875948110816,89.7536479310747
114,123,0.20000000000000284,53.5,94.4
114,124,0.10000000000000142,53.6,94.4
114,156,0.20000000000000284,48.7,73.7
114,207,0.29043526427334915,48.51015458568187,89.71850077112668
115,141,0.09999999999999432,70.7,141.2
115,238,0.20000000000000107,8.8,136.1
115,239,0.09999999999999964,8.9,136.1
116,142,0.29043526427335664,24.98149922887331,135.78984541431814
116,155,0.10000000000002274,47.0,135.7
116,201,0.10000000000000142,20.2,51.2
117,118,0.09999999999999787,25.7,116.9
118,122,0.10000000000000142,47.3,80.0
118,123,0.01813156834400526,47.599277357793554,80.00397272478715
119,122,0.19999999999999574,47.1,84.8
119,155,0.10000000000000142,52.0,130.7
120,155,0.20000000000000284,52.0,130.7
121,190,0.10000000000000142,46.4,101.6
122,254,0.20000000000000284,47.5,24.8
123,254,0.10000000000000142,47.5,24.8
124,207,0.19999999999999574,53.8,94.7
125,236,0.1999999999999993,8.2,85.4
125,237,0.10000000000000142,8.3,85.4
126,207,0.08035431835221771,79.4,96.7
127,134,0.12455130270045249,79.1,102.7
127,164,0.20000000000000284,42.5,97.9
133,179,0.09542246347641457,85.7,71.82916869918748
134,135,0.10000000000000853,38.9,99.9
134,148,0.06644144658238921,7.579799131034017,99.5632960560934
134,230,0.15000000000000036,4.25,80.3
134,239,0.1999999999999993,9.1,99.8
134,240,0.09999999999999964,9.2,99.8
135,156,0.19999999999999574,43.9,104.9
135,157,0.10000000000000142,44.0,104.9
136,159,0.12249938994628085,38.195655952784854,105.27652476222788
137,164,0.10000000000000142,42.5,113.3
138,158,0.09999999999999432,42.8,128.3
138,164,0.20000000000000284,42.7,128.3
139,158,0.20000000000000284,43.0,133.1
139,159,0.10000000000000142,43.1,133.1
140,151,0.09999999999999432,88.1,140.0
142,155,0.19999999999998863,47.0,135.7
145,225,0.2773099207835104,90.8,94.0
146,204,0.09215082258960233,40.0,53.0
146,248,0.20000000000000284,35.2,120.2
147,199,0.09901951359277646,45.726206567625496,67.23397429734914
147,216,0.19999999999998863,47.0,63.900000000000006
147,253,0.10000000000000142,46.9,32.9
148,152,0.10000000000000142,33.4,143.0
148,153,0.20000000000000284,33.7,143.9
148,234,0.1999999999999993,7.6,99.5
148,235,0.10000000000000053,7.7,99.5
149,153,0.09999999999999432,33.7,143.9
149,154,0.20000000000000284,34.0,144.8
149,164,0.10000000000000853,33.8,92.9
149,235,0.20000000000000018,7.9,87.8
149,236,0.09999999999999964,8.0,87.8
154,245,0.10000000000000142,34.1,144.8
156,157,0.2146055543978351,56.0,68.7
156,207,0.09999999999999432,48.8,73.7
156,208,0.20000000000000284,56.2,38.9
156,209,0.10000000000000142,55.9,44.3
156,212,0.10000000000000853,56.0,68.6
157,200,0.09999999999999432,56.3,67.7
157,207,0.20000000000000284,49.0,72.8
157,208,0.09999999999999432,56.2,38.9
158,160,0.14999999999999858,14.45,80.3
158,165,0.1999999999999993,14.5,73.4
159,160,0.15000000000000036,14.45,80.3
159,161,0.15000000000000036,14.75,80.6
159,165,0.09999999999999964,14.5,73.4
159,166,0.20000000000000107,14.8,72.5
160,161,0.06187651219032114,14.625213358529393,80.4320706318606
160,232,0.1623637996561249,15.5,83.36553421119386
161,164,0.1999999999999993,16.0,92.9
161,232,0.27730992078350564,15.8,83.66553421119386
162,166,0.14781507049349737,29.165043553079144,67.43970031095026
164,232,0.10000000000000142,16.1,92.9
165,166,0.21460555439784032,9.58922404053927,77.45963864606071
165,234,0.26616558797765294,9.6102942796205,77.3555968364238
165,235,0.15000000000000036,9.65,78.5
165,238,0.1653459056482904,9.5,78.4
165,239,0.05260917535789757,9.5,78.4
166,233,0.008062510194521089,9.8,77.5
166,235,0.15000000000000036,9.65,78.5
166,236,0.2698557316587426,10.953792124047672,74.30520971346127
166,238,0.019911061675449707,12.509122759604878,73.05569111453315
166,239,0.16495027153314962,12.863872936954413,72.89007462145617
166,240,0.028536756173383915,11.440467389659611,73.7583796894599
167,177,0.20000000000000284,56.9,48.3
168,186,0.09999999999999432,94.7,45.2
170,252,0.10000000000000142,93.8,38.0
171,182,0.10000000000000142,93.5,35.6
171,202,0.09999999999999432,83.3,40.8
171,220,0.03512336507742959,63.1,40.7
172,191,0.10000000000000142,93.2,24.5
172,254,0.1999999999999993,93.2,24.6
173,198,0.09999999999999787,86.9,18.9
174,197,0.1999999999999993,69.5,12.600000000000001
175,192,0.09999999999999432,87.2,8.3
175,221,0.09999999999999432,65.0,8.3
176,192,0.20000000000000284,87.0,5.0
176,193,0.12445119012758338,87.48785712015685,4.976142625599899
176,198,0.09999999999999432,86.9,5.0
176,216,0.09999999999999432,65.6,5.0
176,220,0.20000000000000284,65.5,5.0
178,193,0.20000000000000284,114.3,10.1
178,195,0.09999999999999432,114.6,10.4
180,215,0.10000000000000142,68.0,60.0
180,236,0.15000000000000036,9.95,74.9
180,237,0.15000000000000036,10.25,78.8
181,237,0.15000000000000036,10.25,78.8
181,238,0.15000000000000036,10.55,77.0
183,208,0.09999999999999432,74.0,32.3
184,208,0.20000000000000284,74.2,21.2
184,209,0.09999999999999432,74.3,21.2
185,233,0.1999999999999993,11.2,47.6
185,234,0.10000000000000142,11.3,47.6
186,234,0.1999999999999993,11.5,45.2
186,235,0.09999999999999964,11.6,45.2
187,253,0.09999999999999787,101.9,27.9
190,192,0.21460555439784382,116.1,14.6
190,208,0.19999999999999574,51.4,14.6
193,196,0.20000000000000018,87.5,5.1
195,249,0.09999999999999964,110.0,10.5
196,220,0.09999999999999432,65.3,5.3
196,221,0.20000000000000284,65.2,5.3
197,209,0.20000000000000284,74.5,17.6
197,229,0.09999999999999432,74.6,17.6
200,211,0.24605427039810512,49.20683577139748,68.07226521897162
200,222,0.20000000000000284,75.8,67.5
201,204,0.09999999999999432,39.8,51.3
201,245,0.1999999999999993,20.2,51.2
202,205,0.10000000000000142,40.1,45.9
202,251,0.20000000000000284,83.3,40.8
207,210,0.10000000000000142,53.9,94.7
210,222,0.14781507049349413,54.334956446920856,77.56029968904974
210,224,0.20000000000000284,68.3,69.6
211,214,0.24921059191212513,44.98492765326532,70.77410399215532
211,215,0.032891812864645265,66.8,63.3
212,214,0.16236379965610606,67.1,63.599999999999994
214,215,0.2146055543978351,45.289224040539274,69.95963864606071
222,223,0.2146055543978351,54.289224040539274,76.5596386460607
222,224,0.16236379965612188,75.8,67.5
223,224,0.03289181286463934,76.1,66.6
229,245,0.10000000000000142,20.0,53.9
233,234,0.21460555439784032,11.0,74.2379929328685
233,236,0.26307894677630234,8.204941573685401,79.02696004107342
233,238,0.14753004813333145,9.744753631647558,77.55112139978046
233,239,0.1822373571436123,10.020695421395992,77.50748713750323
233,240,0.08998154054480748,9.258643553404347,78.03025376143188
234,236,0.011985634456657577,8.010522135428072,78.86774641372864
234,240,0.10502774707230429,11.254062811182639,74.01420418895432
235,239,0.23169059746259665,11.056506112772809,76.80505121769899
236,240,0.1304873800980853,10.502985585047597,74.40476302532332
237,238,0.032891812864647735,12.2,74.83799293286849
237,239,0.12455130270044126,12.2,74.83799293286849
238,239,0.03685626243595907,10.874877071003604,76.7271940327835
