angle_deg,loss_db_per_30_crossings
1,0.200212
2,0.368644
3,0.551907
4,0.532839
5,0.502119
6,0.402542
7,0.342161
8,0.378178
9,0.261653
10,0.211864
11,0.314619
12,0.262712
13,0.449153
14,0.619703
15,0.545551
16,0.455508
17,0.454449
18,0.332627
19,0.242585
20,0.179025
21,0.203390
22,0.179025
23,0.175847
24,0.171610
25,0.143008
26,0.121822
27,0.101695
28,0.081568
29,0.085805
30,0.094280
31,0.108051
32,0.113347
33,0.129237
34,0.163136
35,0.203390
36,0.213983
37,0.198093
38,0.169492
39,0.184322
40,0.207627
41,0.212924
42,0.212924
43,0.229873
44,0.224576
45,0.203390
46,0.200212
47,0.194915
48,0.189619
49,0.156780
50,0.136653
51,0.082627
52,0.078390
53,0.082627
54,0.080508
55,0.077331
56,0.076271
57,0.077331
58,0.070975
59,0.066737
60,0.065678
61,0.065678
62,0.075212
63,0.091102
64,0.104873
65,0.109110
66,0.103814
67,0.105932
68,0.111229
69,0.119703
70,0.117585
71,0.096398
72,0.079449
73,0.065678
74,0.063559
75,0.067797
76,0.063559
77,0.063559
78,0.067797
79,0.067797
80,0.066737
81,0.070975
82,0.066737
83,0.063559
84,0.065678
85,0.066737
86,0.066737
87,0.066737
88,0.064619
89,0.062500
90,0.059322
91,0.061441
92,0.064619
93,0.431144
94,0.431144
95,0.431144
96,0.067797
97,0.065678
98,0.067797
99,0.073093
100,0.069915
101,0.069915
102,0.067797
103,0.064619
104,0.062500
105,0.066737
106,0.063559
107,0.065678
108,0.081568
109,0.091102
110,0.115466
111,0.120763
112,0.113347
113,0.105932
114,0.103814
115,0.106992
116,0.106992
117,0.088983
118,0.077331
119,0.065678
120,0.066737
121,0.064619
122,0.068856
123,0.076271
124,0.076271
125,0.076271
126,0.080508
127,0.082627
128,0.079449
129,0.081568
130,0.126059
131,0.148305
132,0.189619
133,0.194915
134,0.199153
135,0.204449
136,0.219280
137,0.235169
138,0.218220
139,0.210805
140,0.209746
141,0.188559
142,0.173729
143,0.191737
144,0.216102
145,0.209746
146,0.172669
147,0.133475
148,0.113347
149,0.109110
150,0.097458
151,0.087924
152,0.080508
153,0.103814
154,0.115466
155,0.140890
156,0.165254
157,0.181144
158,0.171610
159,0.195975
160,0.187500
161,0.223517
162,0.347458
163,0.440678
164,0.463983
165,0.519068
166,0.604873
167,0.493644
168,0.297669
169,0.293432
170,0.235169
171,0.278602
172,0.348517
173,0.367585
174,0.372881
175,0.493644
176,0.503178
177,0.590042
178,0.419492
179,0.213983
180,0.213983
