arm,mode,budget,challenge,status,final_collision_pairs,candidate_evaluations,accepted_moves,first_elevations,relocations,stage_length_delta_mm,final_transition_count,final_path_window_transition_count,stop_reason,recheck_verdict,source_root
G0_LINE_ONLY,N,720,,PRESENT,33738,720,45,45,0,14.883190706808819,138,,CANDIDATE_BUDGET_EXHAUSTED,PASS,overnight_3d_ideas
G1_PATH_WINDOWS,N,720,,PRESENT,33240,720,45,45,0,8.304339505077223,138,76,CANDIDATE_BUDGET_EXHAUSTED,PASS,continuation
G0_LINE_ONLY,N,1440,,PRESENT,26437,1440,90,90,0,30.634837951583904,228,,CANDIDATE_BUDGET_EXHAUSTED,PASS,overnight_3d_ideas
G1_PATH_WINDOWS,N,1440,,PRESENT,26097,1440,90,90,0,16.23487384233158,228,148,CANDIDATE_BUDGET_EXHAUSTED,PASS,continuation
G0_LINE_ONLY,N,2880,,PRESENT,18444,2880,161,161,0,57.50418600924604,370,,CANDIDATE_BUDGET_EXHAUSTED,PASS,overnight_3d_ideas
G1_PATH_WINDOWS,N,2880,,PRESENT,18211,2880,180,180,0,30.096940291361534,408,312,CANDIDATE_BUDGET_EXHAUSTED,PASS,continuation
G0_LINE_ONLY,N,2880,True,PRESENT,15837,2353,144,144,0,41.199631881157984,442,,TARGET_LIMIT,PASS,overnight_3d_ideas
G1_PATH_WINDOWS,N,2880,True,PRESENT,16232,2489,151,151,0,21.594136454106774,456,262,TARGET_LIMIT,PASS,continuation
G0_LINE_ONLY,R,720,,PRESENT,33738,720,45,45,0,14.883190706808819,138,,CANDIDATE_BUDGET_EXHAUSTED,PASS,overnight_3d_ideas
G1_PATH_WINDOWS,R,720,,PRESENT,33240,720,45,45,0,8.304339505077223,138,76,CANDIDATE_BUDGET_EXHAUSTED,PASS,continuation
G0_LINE_ONLY,R,1440,,PRESENT,26437,1440,90,90,0,30.634837951583904,228,,CANDIDATE_BUDGET_EXHAUSTED,PASS,overnight_3d_ideas
G1_PATH_WINDOWS,R,1440,,PRESENT,26097,1440,90,90,0,16.23487384233158,228,148,CANDIDATE_BUDGET_EXHAUSTED,PASS,continuation
G0_LINE_ONLY,R,2880,,PRESENT,19233,2880,154,154,0,53.625801242131274,356,,CANDIDATE_BUDGET_EXHAUSTED,PASS,overnight_3d_ideas
G1_PATH_WINDOWS,R,2880,,PRESENT,18211,2880,180,180,0,30.096940291361534,408,312,CANDIDATE_BUDGET_EXHAUSTED,PASS,continuation
G0_LINE_ONLY,R,2880,True,PRESENT,16537,2481,132,129,3,35.80434004327981,412,,TARGET_LIMIT,PASS,overnight_3d_ideas
G1_PATH_WINDOWS,R,2880,True,PRESENT,16344,2489,144,144,0,20.790938794249087,442,248,TARGET_LIMIT,PASS,continuation
