arm,mode,budget,challenge,status,max_targets,candidate_evaluations,budget_used_percent,stop_reason,target_limit_hit,final_collision_pairs,accepted_moves,stage_length_delta_mm,final_elevated_route_count,reused_reference,source_root
BASE_E2,N,720,,PRESENT,200,720,100.0,CANDIDATE_BUDGET_EXHAUSTED,False,33738,45,14.883190706808819,69,True,overnight_3d_ideas
BASE_E2,N,1440,,PRESENT,200,1440,100.0,CANDIDATE_BUDGET_EXHAUSTED,False,26437,90,30.634837951583904,114,True,overnight_3d_ideas
BASE_E2,N,2880,,PRESENT,200,2880,100.0,CANDIDATE_BUDGET_EXHAUSTED,False,18444,161,57.50418600924604,185,True,overnight_3d_ideas
BASE_E2,N,2880,True,PRESENT,200,2353,81.7,TARGET_LIMIT,True,15837,144,41.199631881157984,221,True,overnight_3d_ideas
BASE_E2,R,720,,PRESENT,200,720,100.0,CANDIDATE_BUDGET_EXHAUSTED,False,33738,45,14.883190706808819,69,True,overnight_3d_ideas
BASE_E2,R,1440,,PRESENT,200,1440,100.0,CANDIDATE_BUDGET_EXHAUSTED,False,26437,90,30.634837951583904,114,True,overnight_3d_ideas
BASE_E2,R,2880,,PRESENT,200,2880,100.0,CANDIDATE_BUDGET_EXHAUSTED,False,19233,154,53.625801242131274,178,True,overnight_3d_ideas
BASE_E2,R,2880,True,PRESENT,200,2481,86.15,TARGET_LIMIT,True,16537,132,35.80434004327981,206,True,overnight_3d_ideas
BASE_E2,N,720,,PRESENT,2000,720,100.0,CANDIDATE_BUDGET_EXHAUSTED,False,33738,45,14.883190706808819,69,True,overnight_3d_ideas
BASE_E2,N,1440,,PRESENT,2000,1440,100.0,CANDIDATE_BUDGET_EXHAUSTED,False,26437,90,30.634837951583904,114,True,overnight_3d_ideas
BASE_E2,N,2880,,PRESENT,2000,2880,100.0,CANDIDATE_BUDGET_EXHAUSTED,False,18444,161,57.50418600924604,185,True,overnight_3d_ideas
BASE_E2,N,2880,True,PRESENT,2000,2880,100.0,CANDIDATE_BUDGET_EXHAUSTED,False,14583,178,52.09732668893412,255,True,overnight_3d_ideas
BASE_E2,R,720,,PRESENT,2000,720,100.0,CANDIDATE_BUDGET_EXHAUSTED,False,33738,45,14.883190706808819,69,True,overnight_3d_ideas
BASE_E2,R,1440,,PRESENT,2000,1440,100.0,CANDIDATE_BUDGET_EXHAUSTED,False,26437,90,30.634837951583904,114,True,overnight_3d_ideas
BASE_E2,R,2880,,PRESENT,2000,2880,100.0,CANDIDATE_BUDGET_EXHAUSTED,False,19233,154,53.625801242131274,178,True,overnight_3d_ideas
BASE_E2,R,2880,True,PRESENT,2000,2880,100.0,CANDIDATE_BUDGET_EXHAUSTED,False,16285,143,37.755475383019075,214,True,overnight_3d_ideas
A_FAMILY,N,720,,PRESENT,200,720,100.0,CANDIDATE_BUDGET_EXHAUSTED,False,33529,45,22.265071279281983,69,True,overnight_3d_ideas
A_FAMILY,N,1440,,PRESENT,200,1440,100.0,CANDIDATE_BUDGET_EXHAUSTED,False,25187,92,45.45215466253285,116,True,overnight_3d_ideas
A_FAMILY,N,2880,,PRESENT,200,2753,95.59,TARGET_LIMIT,True,17905,154,71.86338853888446,178,True,overnight_3d_ideas
A_FAMILY,N,2880,True,PRESENT,200,2481,86.15,TARGET_LIMIT,True,15906,119,58.55066046885622,196,,continuation
A_FAMILY,R,720,,PRESENT,200,720,100.0,CANDIDATE_BUDGET_EXHAUSTED,False,33529,45,22.265071279281983,69,True,overnight_3d_ideas
A_FAMILY,R,1440,,PRESENT,200,1440,100.0,CANDIDATE_BUDGET_EXHAUSTED,False,25187,92,45.45215466253285,116,True,overnight_3d_ideas
A_FAMILY,R,2880,,PRESENT,200,2664,92.5,TARGET_LIMIT,True,18459,146,69.23413301269466,169,True,overnight_3d_ideas
A_FAMILY,R,2880,True,PRESENT,200,2481,86.15,TARGET_LIMIT,True,15877,119,58.30676855138154,195,,continuation
A_FAMILY,N,720,,PRESENT,2000,720,100.0,CANDIDATE_BUDGET_EXHAUSTED,False,33529,45,22.265071279281983,69,,continuation
A_FAMILY,N,1440,,PRESENT,2000,1440,100.0,CANDIDATE_BUDGET_EXHAUSTED,False,25187,92,45.45215466253285,116,,continuation
A_FAMILY,N,2880,,PRESENT,2000,2880,100.0,CANDIDATE_BUDGET_EXHAUSTED,False,17485,158,74.57586928464298,182,,continuation
A_FAMILY,N,2880,True,PRESENT,2000,2880,100.0,CANDIDATE_BUDGET_EXHAUSTED,False,14563,145,70.53681781965133,222,,continuation
A_FAMILY,R,720,,PRESENT,2000,720,100.0,CANDIDATE_BUDGET_EXHAUSTED,False,33529,45,22.265071279281983,69,,continuation
A_FAMILY,R,1440,,PRESENT,2000,1440,100.0,CANDIDATE_BUDGET_EXHAUSTED,False,25187,92,45.45215466253285,116,,continuation
A_FAMILY,R,2880,,PRESENT,2000,2880,100.0,CANDIDATE_BUDGET_EXHAUSTED,False,18042,150,71.94661375845317,173,,continuation
A_FAMILY,R,2880,True,PRESENT,2000,2880,100.0,CANDIDATE_BUDGET_EXHAUSTED,False,14523,145,67.25332801940385,221,,continuation
