arm,mode,challenge,cap_mm,status,final_collision_pairs,stage_length_delta_mm,stage_length_cap_rejections,stage_length_cap_checks,stage_length_cap_headroom_mm,candidate_evaluations,accepted_moves,stop_reason,final_elevated_route_count,structure_count
BASE_E2,N,False,24.0,PRESENT,28961,23.82975017481658,1772,2880,0.17024982518341858,2880,71,CANDIDATE_BUDGET_EXHAUSTED,95,190
BASE_E2,N,True,24.0,PRESENT,19294,23.823966433672467,1523,2880,0.17603356632753275,2880,87,CANDIDATE_BUDGET_EXHAUSTED,164,328
BASE_E2,R,False,24.0,PRESENT,28961,23.82975017481658,1772,2880,0.17024982518341858,2880,71,CANDIDATE_BUDGET_EXHAUSTED,95,190
BASE_E2,R,True,24.0,PRESENT,19294,23.823966433672467,1523,2880,0.17603356632753275,2880,87,CANDIDATE_BUDGET_EXHAUSTED,164,328
BASE_E2,N,False,40.0,PRESENT,23031,39.825289337095455,1025,2880,0.17471066290454473,2880,117,CANDIDATE_BUDGET_EXHAUSTED,141,282
BASE_E2,N,True,40.0,PRESENT,16001,39.843391508286004,566,2880,0.15660849171399605,2880,142,CANDIDATE_BUDGET_EXHAUSTED,219,438
BASE_E2,R,False,40.0,PRESENT,23031,39.825289337095455,1009,2880,0.17471066290454473,2880,117,CANDIDATE_BUDGET_EXHAUSTED,141,282
BASE_E2,R,True,40.0,PRESENT,16285,37.755475383019075,0,2880,2.244524616980925,2880,143,CANDIDATE_BUDGET_EXHAUSTED,214,428
BASE_E2,N,False,60.0,PRESENT,18444,57.50418600924604,0,2880,2.495813990753959,2880,161,CANDIDATE_BUDGET_EXHAUSTED,185,370
BASE_E2,N,True,60.0,PRESENT,14583,52.09732668893412,0,2880,7.9026733110658824,2880,178,CANDIDATE_BUDGET_EXHAUSTED,255,510
BASE_E2,R,False,60.0,PRESENT,19233,53.625801242131274,0,2880,6.374198757868726,2880,154,CANDIDATE_BUDGET_EXHAUSTED,178,356
BASE_E2,R,True,60.0,PRESENT,16285,37.755475383019075,0,2880,22.244524616980925,2880,143,CANDIDATE_BUDGET_EXHAUSTED,214,428
A_FAMILY,N,False,24.0,PRESENT,32571,23.91875913560216,2096,2880,0.0812408643978415,2880,50,CANDIDATE_BUDGET_EXHAUSTED,74,148
A_FAMILY,N,True,24.0,PRESENT,23364,23.811648003742448,2172,2880,0.18835199625755195,2880,46,CANDIDATE_BUDGET_EXHAUSTED,123,246
A_FAMILY,R,False,24.0,PRESENT,32571,23.91875913560216,2096,2880,0.0812408643978415,2880,50,CANDIDATE_BUDGET_EXHAUSTED,74,148
A_FAMILY,R,True,24.0,PRESENT,23364,23.811648003742448,2172,2880,0.18835199625755195,2880,46,CANDIDATE_BUDGET_EXHAUSTED,123,246
A_FAMILY,N,False,40.0,PRESENT,26760,39.97363760504231,1612,2880,0.026362394957686774,2880,82,CANDIDATE_BUDGET_EXHAUSTED,106,212
A_FAMILY,N,True,40.0,PRESENT,19673,39.812970907223644,1699,2880,0.18702909277635626,2880,76,CANDIDATE_BUDGET_EXHAUSTED,153,306
A_FAMILY,R,False,40.0,PRESENT,26747,39.97363760504231,1602,2880,0.026362394957686774,2880,83,CANDIDATE_BUDGET_EXHAUSTED,106,212
A_FAMILY,R,True,40.0,PRESENT,19673,39.812970907223644,1699,2880,0.18702909277635626,2880,76,CANDIDATE_BUDGET_EXHAUSTED,153,306
A_FAMILY,N,False,60.0,PRESENT,20930,59.96045640762895,963,2856,0.03954359237104654,2880,123,CANDIDATE_BUDGET_EXHAUSTED,147,294
A_FAMILY,N,True,60.0,PRESENT,15766,59.906900841742754,367,2880,0.09309915825724602,2880,121,CANDIDATE_BUDGET_EXHAUSTED,198,396
A_FAMILY,R,False,60.0,PRESENT,20909,59.96045640762895,955,2868,0.03954359237104654,2880,124,CANDIDATE_BUDGET_EXHAUSTED,147,294
A_FAMILY,R,True,60.0,PRESENT,15408,59.77012005618599,321,2880,0.22987994381401222,2880,125,CANDIDATE_BUDGET_EXHAUSTED,201,402
BASE_E2,N,False,,PRESENT,18444,57.50418600924604,,,,2880,161,CANDIDATE_BUDGET_EXHAUSTED,185,370
BASE_E2,N,True,,PRESENT,14583,52.09732668893412,,,,2880,178,CANDIDATE_BUDGET_EXHAUSTED,255,510
BASE_E2,R,False,,PRESENT,19233,53.625801242131274,,,,2880,154,CANDIDATE_BUDGET_EXHAUSTED,178,356
BASE_E2,R,True,,PRESENT,16285,37.755475383019075,,,,2880,143,CANDIDATE_BUDGET_EXHAUSTED,214,428
A_FAMILY,N,False,,PRESENT,17485,74.57586928464298,0,0,,2880,158,CANDIDATE_BUDGET_EXHAUSTED,182,364
A_FAMILY,N,True,,PRESENT,14563,70.53681781965133,0,0,,2880,145,CANDIDATE_BUDGET_EXHAUSTED,222,444
A_FAMILY,R,False,,PRESENT,18042,71.94661375845317,0,0,,2880,150,CANDIDATE_BUDGET_EXHAUSTED,173,346
A_FAMILY,R,True,,PRESENT,14523,67.25332801940385,0,0,,2880,145,CANDIDATE_BUDGET_EXHAUSTED,221,442
