arm,max_targets,mode,budget,challenge,status,candidate_evaluations,budget_used_percent,stop_reason,target_limit_hit,final_collision_pairs,accepted_moves,stage_length_delta_mm,reused_reference
E_T200,200,N,720,,PRESENT,668,92.78,TARGET_LIMIT,True,32565,47,18.844800693477737,True
E_T2000,2000,N,720,,PRESENT,720,100.0,CANDIDATE_BUDGET_EXHAUSTED,False,31785,51,20.254596632323228,
E_T200,200,N,1440,,PRESENT,668,46.39,TARGET_LIMIT,True,32565,47,18.844800693477737,True
E_T2000,2000,N,1440,,PRESENT,1440,100.0,CANDIDATE_BUDGET_EXHAUSTED,False,23894,98,46.48127789841965,
E_T200,200,N,2880,,PRESENT,668,23.19,TARGET_LIMIT,True,32565,47,18.844800693477737,True
E_T2000,2000,N,2880,,PRESENT,2880,100.0,CANDIDATE_BUDGET_EXHAUSTED,False,15935,185,80.29249451839132,
E_T200,200,N,2880,True,PRESENT,379,13.16,TARGET_LIMIT,True,26679,25,6.531526205697446,
E_T2000,2000,N,2880,True,PRESENT,2008,69.72,TARGET_LIMIT,True,15622,129,46.22581849855487,
E_T200,200,R,720,,PRESENT,668,92.78,TARGET_LIMIT,True,32565,47,18.844800693477737,True
E_T2000,2000,R,720,,PRESENT,720,100.0,CANDIDATE_BUDGET_EXHAUSTED,False,31785,51,20.254596632323228,
E_T200,200,R,1440,,PRESENT,668,46.39,TARGET_LIMIT,True,32565,47,18.844800693477737,True
E_T2000,2000,R,1440,,PRESENT,1440,100.0,CANDIDATE_BUDGET_EXHAUSTED,False,23894,98,46.48127789841965,
E_T200,200,R,2880,,PRESENT,668,23.19,TARGET_LIMIT,True,32565,47,18.844800693477737,True
E_T2000,2000,R,2880,,PRESENT,2880,100.0,CANDIDATE_BUDGET_EXHAUSTED,False,15935,185,80.29249451839132,
E_T200,200,R,2880,True,PRESENT,379,13.16,TARGET_LIMIT,True,26679,25,6.531526205697446,
E_T2000,2000,R,2880,True,PRESENT,2264,78.61,TARGET_LIMIT,True,15635,133,49.99709213375172,
